Scenario,Asset,Strategy,Seed,Final Date,Final Value,Total Invested,Random Final
A,^IXIC,first,1,4/11/25,2683.59,2500,2633.14
A,^IXIC,first,2,4/11/25,2683.59,2500,2670.64
A,^IXIC,first,3,4/11/25,2683.59,2500,2605.6
A,^IXIC,first,4,4/11/25,2683.59,2500,2804.5
A,^IXIC,first,5,4/11/25,2683.59,2500,2654.12
A,^IXIC,first,6,4/11/25,2683.59,2500,2668.65
A,^IXIC,first,7,4/11/25,2683.59,2500,2727.41
A,^IXIC,first,8,4/11/25,2683.59,2500,2647.89
A,^IXIC,first,9,4/11/25,2683.59,2500,2640.63
A,^IXIC,first,10,4/11/25,2683.59,2500,2638.85
A,^IXIC,first,11,4/11/25,2683.59,2500,2604.24
A,^IXIC,first,12,4/11/25,2683.59,2500,2550.96
A,^IXIC,first,13,4/11/25,2683.59,2500,2780.95
A,^IXIC,first,14,4/11/25,2683.59,2500,2710.27
A,^IXIC,first,15,4/11/25,2683.59,2500,2804.55
A,^IXIC,first,16,4/11/25,2683.59,2500,2691.63
A,^IXIC,first,17,4/11/25,2683.59,2500,2712.72
A,^IXIC,first,18,4/11/25,2683.59,2500,2762.85
A,^IXIC,first,19,4/11/25,2683.59,2500,2742.33
A,^IXIC,first,20,4/11/25,2683.59,2500,2696.37
A,^IXIC,first,21,4/11/25,2683.59,2500,2674.52
A,^IXIC,first,22,4/11/25,2683.59,2500,2752.92
A,^IXIC,first,23,4/11/25,2683.59,2500,2687.34
A,^IXIC,first,24,4/11/25,2683.59,2500,2730.24
A,^IXIC,first,25,4/11/25,2683.59,2500,2696.72
A,^IXIC,first,26,4/11/25,2683.59,2500,2711.26
A,^IXIC,first,27,4/11/25,2683.59,2500,2720.79
A,^IXIC,first,28,4/11/25,2683.59,2500,2780.39
A,^IXIC,first,29,4/11/25,2683.59,2500,2643.14
A,^IXIC,first,30,4/11/25,2683.59,2500,2718.13
A,^IXIC,first,31,4/11/25,2683.59,2500,2806.76
A,^IXIC,first,32,4/11/25,2683.59,2500,2727.56
A,^IXIC,first,33,4/11/25,2683.59,2500,2597.46
A,^IXIC,first,34,4/11/25,2683.59,2500,2714.76
A,^IXIC,first,35,4/11/25,2683.59,2500,2690.19
A,^IXIC,first,36,4/11/25,2683.59,2500,2655.12
A,^IXIC,first,37,4/11/25,2683.59,2500,2589.9
A,^IXIC,first,38,4/11/25,2683.59,2500,2636.71
A,^IXIC,first,39,4/11/25,2683.59,2500,2728.71
A,^IXIC,first,40,4/11/25,2683.59,2500,2737.38
A,^IXIC,first,41,4/11/25,2683.59,2500,2770.34
A,^IXIC,first,42,4/11/25,2683.59,2500,2816.27
A,^IXIC,first,43,4/11/25,2683.59,2500,2622.83
A,^IXIC,first,44,4/11/25,2683.59,2500,2658.43
A,^IXIC,first,45,4/11/25,2683.59,2500,2823.28
A,^IXIC,first,46,4/11/25,2683.59,2500,2748.14
A,^IXIC,first,47,4/11/25,2683.59,2500,2605.93
A,^IXIC,first,48,4/11/25,2683.59,2500,2683.14
A,^IXIC,first,49,4/11/25,2683.59,2500,2695.78
A,^IXIC,first,50,4/11/25,2683.59,2500,2595.52
A,^IXIC,first,51,4/11/25,2683.59,2500,2605.85
A,^IXIC,first,52,4/11/25,2683.59,2500,2733.92
A,^IXIC,first,53,4/11/25,2683.59,2500,2721.88
A,^IXIC,first,54,4/11/25,2683.59,2500,2567.97
A,^IXIC,first,55,4/11/25,2683.59,2500,2680.91
A,^IXIC,first,56,4/11/25,2683.59,2500,2643.69
A,^IXIC,first,57,4/11/25,2683.59,2500,2570.36
A,^IXIC,first,58,4/11/25,2683.59,2500,2639.24
A,^IXIC,first,59,4/11/25,2683.59,2500,2736.47
A,^IXIC,first,60,4/11/25,2683.59,2500,2777.11
A,^IXIC,first,61,4/11/25,2683.59,2500,2707.48
A,^IXIC,first,62,4/11/25,2683.59,2500,2739.96
A,^IXIC,first,63,4/11/25,2683.59,2500,2733.89
A,^IXIC,first,64,4/11/25,2683.59,2500,2780.74
A,^IXIC,first,65,4/11/25,2683.59,2500,2638.76
A,^IXIC,first,66,4/11/25,2683.59,2500,2708.07
A,^IXIC,first,67,4/11/25,2683.59,2500,2722.4
A,^IXIC,first,68,4/11/25,2683.59,2500,2599.97
A,^IXIC,first,69,4/11/25,2683.59,2500,2542.85
A,^IXIC,first,70,4/11/25,2683.59,2500,2774.19
A,^IXIC,first,71,4/11/25,2683.59,2500,2730.13
A,^IXIC,first,72,4/11/25,2683.59,2500,2679.54
A,^IXIC,first,73,4/11/25,2683.59,2500,2655.21
A,^IXIC,first,74,4/11/25,2683.59,2500,2730.64
A,^IXIC,first,75,4/11/25,2683.59,2500,2530.43
A,^IXIC,first,76,4/11/25,2683.59,2500,2755.95
A,^IXIC,first,77,4/11/25,2683.59,2500,2731.13
A,^IXIC,first,78,4/11/25,2683.59,2500,2703.03
A,^IXIC,first,79,4/11/25,2683.59,2500,2735.27
A,^IXIC,first,80,4/11/25,2683.59,2500,2603.82
A,^IXIC,first,81,4/11/25,2683.59,2500,2710.18
A,^IXIC,first,82,4/11/25,2683.59,2500,2743.87
A,^IXIC,first,83,4/11/25,2683.59,2500,2810.98
A,^IXIC,first,84,4/11/25,2683.59,2500,2577.94
A,^IXIC,first,85,4/11/25,2683.59,2500,2627.87
A,^IXIC,first,86,4/11/25,2683.59,2500,2727.54
A,^IXIC,first,87,4/11/25,2683.59,2500,2727.85
A,^IXIC,first,88,4/11/25,2683.59,2500,2736.07
A,^IXIC,first,89,4/11/25,2683.59,2500,2706.06
A,^IXIC,first,90,4/11/25,2683.59,2500,2592.87
A,^IXIC,first,91,4/11/25,2683.59,2500,2603.56
A,^IXIC,first,92,4/11/25,2683.59,2500,2668.74
A,^IXIC,first,93,4/11/25,2683.59,2500,2651.55
A,^IXIC,first,94,4/11/25,2683.59,2500,2668.62
A,^IXIC,first,95,4/11/25,2683.59,2500,2658.76
A,^IXIC,first,96,4/11/25,2683.59,2500,2747.54
A,^IXIC,first,97,4/11/25,2683.59,2500,2759.5
A,^IXIC,first,98,4/11/25,2683.59,2500,2648.28
A,^IXIC,first,99,4/11/25,2683.59,2500,2633.04
A,^IXIC,first,100,4/11/25,2683.59,2500,2740.52
A,GC=F,first,1,4/11/25,3580.15,2500,3575.06
A,GC=F,first,2,4/11/25,3580.15,2500,3509.4
A,GC=F,first,3,4/11/25,3580.15,2500,3441.57
A,GC=F,first,4,4/11/25,3580.15,2500,3700.12
A,GC=F,first,5,4/11/25,3580.15,2500,3607.62
A,GC=F,first,6,4/11/25,3580.15,2500,3539.56
A,GC=F,first,7,4/11/25,3580.15,2500,3650.4
A,GC=F,first,8,4/11/25,3580.15,2500,3605.55
A,GC=F,first,9,4/11/25,3580.15,2500,3565.02
A,GC=F,first,10,4/11/25,3580.15,2500,3557.66
A,GC=F,first,11,4/11/25,3580.15,2500,3438.02
A,GC=F,first,12,4/11/25,3580.15,2500,3432.64
A,GC=F,first,13,4/11/25,3580.15,2500,3789.11
A,GC=F,first,14,4/11/25,3580.15,2500,3594.14
A,GC=F,first,15,4/11/25,3580.15,2500,3723.3
A,GC=F,first,16,4/11/25,3580.15,2500,3603.56
A,GC=F,first,17,4/11/25,3580.15,2500,3704.16
A,GC=F,first,18,4/11/25,3580.15,2500,3751.17
A,GC=F,first,19,4/11/25,3580.15,2500,3666.08
A,GC=F,first,20,4/11/25,3580.15,2500,3532.09
A,GC=F,first,21,4/11/25,3580.15,2500,3590.74
A,GC=F,first,22,4/11/25,3580.15,2500,3730.52
A,GC=F,first,23,4/11/25,3580.15,2500,3641.67
A,GC=F,first,24,4/11/25,3580.15,2500,3741.09
A,GC=F,first,25,4/11/25,3580.15,2500,3573.65
A,GC=F,first,26,4/11/25,3580.15,2500,3637.41
A,GC=F,first,27,4/11/25,3580.15,2500,3645.56
A,GC=F,first,28,4/11/25,3580.15,2500,3717.26
A,GC=F,first,29,4/11/25,3580.15,2500,3441.04
A,GC=F,first,30,4/11/25,3580.15,2500,3548.24
A,GC=F,first,31,4/11/25,3580.15,2500,3691.22
A,GC=F,first,32,4/11/25,3580.15,2500,3609.66
A,GC=F,first,33,4/11/25,3580.15,2500,3445.81
A,GC=F,first,34,4/11/25,3580.15,2500,3634.5
A,GC=F,first,35,4/11/25,3580.15,2500,3594.15
A,GC=F,first,36,4/11/25,3580.15,2500,3570.59
A,GC=F,first,37,4/11/25,3580.15,2500,3512.78
A,GC=F,first,38,4/11/25,3580.15,2500,3524.81
A,GC=F,first,39,4/11/25,3580.15,2500,3678.88
A,GC=F,first,40,4/11/25,3580.15,2500,3645.41
A,GC=F,first,41,4/11/25,3580.15,2500,3658.19
A,GC=F,first,42,4/11/25,3580.15,2500,3730.23
A,GC=F,first,43,4/11/25,3580.15,2500,3463.38
A,GC=F,first,44,4/11/25,3580.15,2500,3576.13
A,GC=F,first,45,4/11/25,3580.15,2500,3799.07
A,GC=F,first,46,4/11/25,3580.15,2500,3592.75
A,GC=F,first,47,4/11/25,3580.15,2500,3419.83
A,GC=F,first,48,4/11/25,3580.15,2500,3646.74
A,GC=F,first,49,4/11/25,3580.15,2500,3612.99
A,GC=F,first,50,4/11/25,3580.15,2500,3540.42
A,GC=F,first,51,4/11/25,3580.15,2500,3457.67
A,GC=F,first,52,4/11/25,3580.15,2500,3660.22
A,GC=F,first,53,4/11/25,3580.15,2500,3681.34
A,GC=F,first,54,4/11/25,3580.15,2500,3394.39
A,GC=F,first,55,4/11/25,3580.15,2500,3620.09
A,GC=F,first,56,4/11/25,3580.15,2500,3472.2
A,GC=F,first,57,4/11/25,3580.15,2500,3352.93
A,GC=F,first,58,4/11/25,3580.15,2500,3615.04
A,GC=F,first,59,4/11/25,3580.15,2500,3632.46
A,GC=F,first,60,4/11/25,3580.15,2500,3733.13
A,GC=F,first,61,4/11/25,3580.15,2500,3586.95
A,GC=F,first,62,4/11/25,3580.15,2500,3658.03
A,GC=F,first,63,4/11/25,3580.15,2500,3690.37
A,GC=F,first,64,4/11/25,3580.15,2500,3729.27
A,GC=F,first,65,4/11/25,3580.15,2500,3510.8
A,GC=F,first,66,4/11/25,3580.15,2500,3601.32
A,GC=F,first,67,4/11/25,3580.15,2500,3634.27
A,GC=F,first,68,4/11/25,3580.15,2500,3484.03
A,GC=F,first,69,4/11/25,3580.15,2500,3411.22
A,GC=F,first,70,4/11/25,3580.15,2500,3687.47
A,GC=F,first,71,4/11/25,3580.15,2500,3709.7
A,GC=F,first,72,4/11/25,3580.15,2500,3616.75
A,GC=F,first,73,4/11/25,3580.15,2500,3518.31
A,GC=F,first,74,4/11/25,3580.15,2500,3672.01
A,GC=F,first,75,4/11/25,3580.15,2500,3412.61
A,GC=F,first,76,4/11/25,3580.15,2500,3664.84
A,GC=F,first,77,4/11/25,3580.15,2500,3705.82
A,GC=F,first,78,4/11/25,3580.15,2500,3573.68
A,GC=F,first,79,4/11/25,3580.15,2500,3639.68
A,GC=F,first,80,4/11/25,3580.15,2500,3464.82
A,GC=F,first,81,4/11/25,3580.15,2500,3611.56
A,GC=F,first,82,4/11/25,3580.15,2500,3620.51
A,GC=F,first,83,4/11/25,3580.15,2500,3776.51
A,GC=F,first,84,4/11/25,3580.15,2500,3472.46
A,GC=F,first,85,4/11/25,3580.15,2500,3496.72
A,GC=F,first,86,4/11/25,3580.15,2500,3642.19
A,GC=F,first,87,4/11/25,3580.15,2500,3652.5
A,GC=F,first,88,4/11/25,3580.15,2500,3714.56
A,GC=F,first,89,4/11/25,3580.15,2500,3636.55
A,GC=F,first,90,4/11/25,3580.15,2500,3430.86
A,GC=F,first,91,4/11/25,3580.15,2500,3459.12
A,GC=F,first,92,4/11/25,3580.15,2500,3515.52
A,GC=F,first,93,4/11/25,3580.15,2500,3581.4
A,GC=F,first,94,4/11/25,3580.15,2500,3575.69
A,GC=F,first,95,4/11/25,3580.15,2500,3565.05
A,GC=F,first,96,4/11/25,3580.15,2500,3628.78
A,GC=F,first,97,4/11/25,3580.15,2500,3667.19
A,GC=F,first,98,4/11/25,3580.15,2500,3601.9
A,GC=F,first,99,4/11/25,3580.15,2500,3544.68
A,GC=F,first,100,4/11/25,3580.15,2500,3698.31
A,^IXIC,losing,1,4/11/25,2691.41,2500,2633.14
A,^IXIC,losing,2,4/11/25,2691.41,2500,2670.64
A,^IXIC,losing,3,4/11/25,2691.41,2500,2605.6
A,^IXIC,losing,4,4/11/25,2691.41,2500,2804.5
A,^IXIC,losing,5,4/11/25,2691.41,2500,2654.12
A,^IXIC,losing,6,4/11/25,2691.41,2500,2668.65
A,^IXIC,losing,7,4/11/25,2691.41,2500,2727.41
A,^IXIC,losing,8,4/11/25,2691.41,2500,2647.89
A,^IXIC,losing,9,4/11/25,2691.41,2500,2640.63
A,^IXIC,losing,10,4/11/25,2691.41,2500,2638.85
A,^IXIC,losing,11,4/11/25,2691.41,2500,2604.24
A,^IXIC,losing,12,4/11/25,2691.41,2500,2550.96
A,^IXIC,losing,13,4/11/25,2691.41,2500,2780.95
A,^IXIC,losing,14,4/11/25,2691.41,2500,2710.27
A,^IXIC,losing,15,4/11/25,2691.41,2500,2804.55
A,^IXIC,losing,16,4/11/25,2691.41,2500,2691.63
A,^IXIC,losing,17,4/11/25,2691.41,2500,2712.72
A,^IXIC,losing,18,4/11/25,2691.41,2500,2762.85
A,^IXIC,losing,19,4/11/25,2691.41,2500,2742.33
A,^IXIC,losing,20,4/11/25,2691.41,2500,2696.37
A,^IXIC,losing,21,4/11/25,2691.41,2500,2674.52
A,^IXIC,losing,22,4/11/25,2691.41,2500,2752.92
A,^IXIC,losing,23,4/11/25,2691.41,2500,2687.34
A,^IXIC,losing,24,4/11/25,2691.41,2500,2730.24
A,^IXIC,losing,25,4/11/25,2691.41,2500,2696.72
A,^IXIC,losing,26,4/11/25,2691.41,2500,2711.26
A,^IXIC,losing,27,4/11/25,2691.41,2500,2720.79
A,^IXIC,losing,28,4/11/25,2691.41,2500,2780.39
A,^IXIC,losing,29,4/11/25,2691.41,2500,2643.14
A,^IXIC,losing,30,4/11/25,2691.41,2500,2718.13
A,^IXIC,losing,31,4/11/25,2691.41,2500,2806.76
A,^IXIC,losing,32,4/11/25,2691.41,2500,2727.56
A,^IXIC,losing,33,4/11/25,2691.41,2500,2597.46
A,^IXIC,losing,34,4/11/25,2691.41,2500,2714.76
A,^IXIC,losing,35,4/11/25,2691.41,2500,2690.19
A,^IXIC,losing,36,4/11/25,2691.41,2500,2655.12
A,^IXIC,losing,37,4/11/25,2691.41,2500,2589.9
A,^IXIC,losing,38,4/11/25,2691.41,2500,2636.71
A,^IXIC,losing,39,4/11/25,2691.41,2500,2728.71
A,^IXIC,losing,40,4/11/25,2691.41,2500,2737.38
A,^IXIC,losing,41,4/11/25,2691.41,2500,2770.34
A,^IXIC,losing,42,4/11/25,2691.41,2500,2816.27
A,^IXIC,losing,43,4/11/25,2691.41,2500,2622.83
A,^IXIC,losing,44,4/11/25,2691.41,2500,2658.43
A,^IXIC,losing,45,4/11/25,2691.41,2500,2823.28
A,^IXIC,losing,46,4/11/25,2691.41,2500,2748.14
A,^IXIC,losing,47,4/11/25,2691.41,2500,2605.93
A,^IXIC,losing,48,4/11/25,2691.41,2500,2683.14
A,^IXIC,losing,49,4/11/25,2691.41,2500,2695.78
A,^IXIC,losing,50,4/11/25,2691.41,2500,2595.52
A,^IXIC,losing,51,4/11/25,2691.41,2500,2605.85
A,^IXIC,losing,52,4/11/25,2691.41,2500,2733.92
A,^IXIC,losing,53,4/11/25,2691.41,2500,2721.88
A,^IXIC,losing,54,4/11/25,2691.41,2500,2567.97
A,^IXIC,losing,55,4/11/25,2691.41,2500,2680.91
A,^IXIC,losing,56,4/11/25,2691.41,2500,2643.69
A,^IXIC,losing,57,4/11/25,2691.41,2500,2570.36
A,^IXIC,losing,58,4/11/25,2691.41,2500,2639.24
A,^IXIC,losing,59,4/11/25,2691.41,2500,2736.47
A,^IXIC,losing,60,4/11/25,2691.41,2500,2777.11
A,^IXIC,losing,61,4/11/25,2691.41,2500,2707.48
A,^IXIC,losing,62,4/11/25,2691.41,2500,2739.96
A,^IXIC,losing,63,4/11/25,2691.41,2500,2733.89
A,^IXIC,losing,64,4/11/25,2691.41,2500,2780.74
A,^IXIC,losing,65,4/11/25,2691.41,2500,2638.76
A,^IXIC,losing,66,4/11/25,2691.41,2500,2708.07
A,^IXIC,losing,67,4/11/25,2691.41,2500,2722.4
A,^IXIC,losing,68,4/11/25,2691.41,2500,2599.97
A,^IXIC,losing,69,4/11/25,2691.41,2500,2542.85
A,^IXIC,losing,70,4/11/25,2691.41,2500,2774.19
A,^IXIC,losing,71,4/11/25,2691.41,2500,2730.13
A,^IXIC,losing,72,4/11/25,2691.41,2500,2679.54
A,^IXIC,losing,73,4/11/25,2691.41,2500,2655.21
A,^IXIC,losing,74,4/11/25,2691.41,2500,2730.64
A,^IXIC,losing,75,4/11/25,2691.41,2500,2530.43
A,^IXIC,losing,76,4/11/25,2691.41,2500,2755.95
A,^IXIC,losing,77,4/11/25,2691.41,2500,2731.13
A,^IXIC,losing,78,4/11/25,2691.41,2500,2703.03
A,^IXIC,losing,79,4/11/25,2691.41,2500,2735.27
A,^IXIC,losing,80,4/11/25,2691.41,2500,2603.82
A,^IXIC,losing,81,4/11/25,2691.41,2500,2710.18
A,^IXIC,losing,82,4/11/25,2691.41,2500,2743.87
A,^IXIC,losing,83,4/11/25,2691.41,2500,2810.98
A,^IXIC,losing,84,4/11/25,2691.41,2500,2577.94
A,^IXIC,losing,85,4/11/25,2691.41,2500,2627.87
A,^IXIC,losing,86,4/11/25,2691.41,2500,2727.54
A,^IXIC,losing,87,4/11/25,2691.41,2500,2727.85
A,^IXIC,losing,88,4/11/25,2691.41,2500,2736.07
A,^IXIC,losing,89,4/11/25,2691.41,2500,2706.06
A,^IXIC,losing,90,4/11/25,2691.41,2500,2592.87
A,^IXIC,losing,91,4/11/25,2691.41,2500,2603.56
A,^IXIC,losing,92,4/11/25,2691.41,2500,2668.74
A,^IXIC,losing,93,4/11/25,2691.41,2500,2651.55
A,^IXIC,losing,94,4/11/25,2691.41,2500,2668.62
A,^IXIC,losing,95,4/11/25,2691.41,2500,2658.76
A,^IXIC,losing,96,4/11/25,2691.41,2500,2747.54
A,^IXIC,losing,97,4/11/25,2691.41,2500,2759.5
A,^IXIC,losing,98,4/11/25,2691.41,2500,2648.28
A,^IXIC,losing,99,4/11/25,2691.41,2500,2633.04
A,^IXIC,losing,100,4/11/25,2691.41,2500,2740.52
A,GC=F,losing,1,4/11/25,3631.82,2500,3575.06
A,GC=F,losing,2,4/11/25,3631.82,2500,3509.4
A,GC=F,losing,3,4/11/25,3631.82,2500,3441.57
A,GC=F,losing,4,4/11/25,3631.82,2500,3700.12
A,GC=F,losing,5,4/11/25,3631.82,2500,3607.62
A,GC=F,losing,6,4/11/25,3631.82,2500,3539.56
A,GC=F,losing,7,4/11/25,3631.82,2500,3650.4
A,GC=F,losing,8,4/11/25,3631.82,2500,3605.55
A,GC=F,losing,9,4/11/25,3631.82,2500,3565.02
A,GC=F,losing,10,4/11/25,3631.82,2500,3557.66
A,GC=F,losing,11,4/11/25,3631.82,2500,3438.02
A,GC=F,losing,12,4/11/25,3631.82,2500,3432.64
A,GC=F,losing,13,4/11/25,3631.82,2500,3789.11
A,GC=F,losing,14,4/11/25,3631.82,2500,3594.14
A,GC=F,losing,15,4/11/25,3631.82,2500,3723.3
A,GC=F,losing,16,4/11/25,3631.82,2500,3603.56
A,GC=F,losing,17,4/11/25,3631.82,2500,3704.16
A,GC=F,losing,18,4/11/25,3631.82,2500,3751.17
A,GC=F,losing,19,4/11/25,3631.82,2500,3666.08
A,GC=F,losing,20,4/11/25,3631.82,2500,3532.09
A,GC=F,losing,21,4/11/25,3631.82,2500,3590.74
A,GC=F,losing,22,4/11/25,3631.82,2500,3730.52
A,GC=F,losing,23,4/11/25,3631.82,2500,3641.67
A,GC=F,losing,24,4/11/25,3631.82,2500,3741.09
A,GC=F,losing,25,4/11/25,3631.82,2500,3573.65
A,GC=F,losing,26,4/11/25,3631.82,2500,3637.41
A,GC=F,losing,27,4/11/25,3631.82,2500,3645.56
A,GC=F,losing,28,4/11/25,3631.82,2500,3717.26
A,GC=F,losing,29,4/11/25,3631.82,2500,3441.04
A,GC=F,losing,30,4/11/25,3631.82,2500,3548.24
A,GC=F,losing,31,4/11/25,3631.82,2500,3691.22
A,GC=F,losing,32,4/11/25,3631.82,2500,3609.66
A,GC=F,losing,33,4/11/25,3631.82,2500,3445.81
A,GC=F,losing,34,4/11/25,3631.82,2500,3634.5
A,GC=F,losing,35,4/11/25,3631.82,2500,3594.15
A,GC=F,losing,36,4/11/25,3631.82,2500,3570.59
A,GC=F,losing,37,4/11/25,3631.82,2500,3512.78
A,GC=F,losing,38,4/11/25,3631.82,2500,3524.81
A,GC=F,losing,39,4/11/25,3631.82,2500,3678.88
A,GC=F,losing,40,4/11/25,3631.82,2500,3645.41
A,GC=F,losing,41,4/11/25,3631.82,2500,3658.19
A,GC=F,losing,42,4/11/25,3631.82,2500,3730.23
A,GC=F,losing,43,4/11/25,3631.82,2500,3463.38
A,GC=F,losing,44,4/11/25,3631.82,2500,3576.13
A,GC=F,losing,45,4/11/25,3631.82,2500,3799.07
A,GC=F,losing,46,4/11/25,3631.82,2500,3592.75
A,GC=F,losing,47,4/11/25,3631.82,2500,3419.83
A,GC=F,losing,48,4/11/25,3631.82,2500,3646.74
A,GC=F,losing,49,4/11/25,3631.82,2500,3612.99
A,GC=F,losing,50,4/11/25,3631.82,2500,3540.42
A,GC=F,losing,51,4/11/25,3631.82,2500,3457.67
A,GC=F,losing,52,4/11/25,3631.82,2500,3660.22
A,GC=F,losing,53,4/11/25,3631.82,2500,3681.34
A,GC=F,losing,54,4/11/25,3631.82,2500,3394.39
A,GC=F,losing,55,4/11/25,3631.82,2500,3620.09
A,GC=F,losing,56,4/11/25,3631.82,2500,3472.2
A,GC=F,losing,57,4/11/25,3631.82,2500,3352.93
A,GC=F,losing,58,4/11/25,3631.82,2500,3615.04
A,GC=F,losing,59,4/11/25,3631.82,2500,3632.46
A,GC=F,losing,60,4/11/25,3631.82,2500,3733.13
A,GC=F,losing,61,4/11/25,3631.82,2500,3586.95
A,GC=F,losing,62,4/11/25,3631.82,2500,3658.03
A,GC=F,losing,63,4/11/25,3631.82,2500,3690.37
A,GC=F,losing,64,4/11/25,3631.82,2500,3729.27
A,GC=F,losing,65,4/11/25,3631.82,2500,3510.8
A,GC=F,losing,66,4/11/25,3631.82,2500,3601.32
A,GC=F,losing,67,4/11/25,3631.82,2500,3634.27
A,GC=F,losing,68,4/11/25,3631.82,2500,3484.03
A,GC=F,losing,69,4/11/25,3631.82,2500,3411.22
A,GC=F,losing,70,4/11/25,3631.82,2500,3687.47
A,GC=F,losing,71,4/11/25,3631.82,2500,3709.7
A,GC=F,losing,72,4/11/25,3631.82,2500,3616.75
A,GC=F,losing,73,4/11/25,3631.82,2500,3518.31
A,GC=F,losing,74,4/11/25,3631.82,2500,3672.01
A,GC=F,losing,75,4/11/25,3631.82,2500,3412.61
A,GC=F,losing,76,4/11/25,3631.82,2500,3664.84
A,GC=F,losing,77,4/11/25,3631.82,2500,3705.82
A,GC=F,losing,78,4/11/25,3631.82,2500,3573.68
A,GC=F,losing,79,4/11/25,3631.82,2500,3639.68
A,GC=F,losing,80,4/11/25,3631.82,2500,3464.82
A,GC=F,losing,81,4/11/25,3631.82,2500,3611.56
A,GC=F,losing,82,4/11/25,3631.82,2500,3620.51
A,GC=F,losing,83,4/11/25,3631.82,2500,3776.51
A,GC=F,losing,84,4/11/25,3631.82,2500,3472.46
A,GC=F,losing,85,4/11/25,3631.82,2500,3496.72
A,GC=F,losing,86,4/11/25,3631.82,2500,3642.19
A,GC=F,losing,87,4/11/25,3631.82,2500,3652.5
A,GC=F,losing,88,4/11/25,3631.82,2500,3714.56
A,GC=F,losing,89,4/11/25,3631.82,2500,3636.55
A,GC=F,losing,90,4/11/25,3631.82,2500,3430.86
A,GC=F,losing,91,4/11/25,3631.82,2500,3459.12
A,GC=F,losing,92,4/11/25,3631.82,2500,3515.52
A,GC=F,losing,93,4/11/25,3631.82,2500,3581.4
A,GC=F,losing,94,4/11/25,3631.82,2500,3575.69
A,GC=F,losing,95,4/11/25,3631.82,2500,3565.05
A,GC=F,losing,96,4/11/25,3631.82,2500,3628.78
A,GC=F,losing,97,4/11/25,3631.82,2500,3667.19
A,GC=F,losing,98,4/11/25,3631.82,2500,3601.9
A,GC=F,losing,99,4/11/25,3631.82,2500,3544.68
A,GC=F,losing,100,4/11/25,3631.82,2500,3698.31
A,^IXIC,growing,1,4/11/25,2691.44,2500,2633.14
A,^IXIC,growing,2,4/11/25,2691.44,2500,2670.64
A,^IXIC,growing,3,4/11/25,2691.44,2500,2605.6
A,^IXIC,growing,4,4/11/25,2691.44,2500,2804.5
A,^IXIC,growing,5,4/11/25,2691.44,2500,2654.12
A,^IXIC,growing,6,4/11/25,2691.44,2500,2668.65
A,^IXIC,growing,7,4/11/25,2691.44,2500,2727.41
A,^IXIC,growing,8,4/11/25,2691.44,2500,2647.89
A,^IXIC,growing,9,4/11/25,2691.44,2500,2640.63
A,^IXIC,growing,10,4/11/25,2691.44,2500,2638.85
A,^IXIC,growing,11,4/11/25,2691.44,2500,2604.24
A,^IXIC,growing,12,4/11/25,2691.44,2500,2550.96
A,^IXIC,growing,13,4/11/25,2691.44,2500,2780.95
A,^IXIC,growing,14,4/11/25,2691.44,2500,2710.27
A,^IXIC,growing,15,4/11/25,2691.44,2500,2804.55
A,^IXIC,growing,16,4/11/25,2691.44,2500,2691.63
A,^IXIC,growing,17,4/11/25,2691.44,2500,2712.72
A,^IXIC,growing,18,4/11/25,2691.44,2500,2762.85
A,^IXIC,growing,19,4/11/25,2691.44,2500,2742.33
A,^IXIC,growing,20,4/11/25,2691.44,2500,2696.37
A,^IXIC,growing,21,4/11/25,2691.44,2500,2674.52
A,^IXIC,growing,22,4/11/25,2691.44,2500,2752.92
A,^IXIC,growing,23,4/11/25,2691.44,2500,2687.34
A,^IXIC,growing,24,4/11/25,2691.44,2500,2730.24
A,^IXIC,growing,25,4/11/25,2691.44,2500,2696.72
A,^IXIC,growing,26,4/11/25,2691.44,2500,2711.26
A,^IXIC,growing,27,4/11/25,2691.44,2500,2720.79
A,^IXIC,growing,28,4/11/25,2691.44,2500,2780.39
A,^IXIC,growing,29,4/11/25,2691.44,2500,2643.14
A,^IXIC,growing,30,4/11/25,2691.44,2500,2718.13
A,^IXIC,growing,31,4/11/25,2691.44,2500,2806.76
A,^IXIC,growing,32,4/11/25,2691.44,2500,2727.56
A,^IXIC,growing,33,4/11/25,2691.44,2500,2597.46
A,^IXIC,growing,34,4/11/25,2691.44,2500,2714.76
A,^IXIC,growing,35,4/11/25,2691.44,2500,2690.19
A,^IXIC,growing,36,4/11/25,2691.44,2500,2655.12
A,^IXIC,growing,37,4/11/25,2691.44,2500,2589.9
A,^IXIC,growing,38,4/11/25,2691.44,2500,2636.71
A,^IXIC,growing,39,4/11/25,2691.44,2500,2728.71
A,^IXIC,growing,40,4/11/25,2691.44,2500,2737.38
A,^IXIC,growing,41,4/11/25,2691.44,2500,2770.34
A,^IXIC,growing,42,4/11/25,2691.44,2500,2816.27
A,^IXIC,growing,43,4/11/25,2691.44,2500,2622.83
A,^IXIC,growing,44,4/11/25,2691.44,2500,2658.43
A,^IXIC,growing,45,4/11/25,2691.44,2500,2823.28
A,^IXIC,growing,46,4/11/25,2691.44,2500,2748.14
A,^IXIC,growing,47,4/11/25,2691.44,2500,2605.93
A,^IXIC,growing,48,4/11/25,2691.44,2500,2683.14
A,^IXIC,growing,49,4/11/25,2691.44,2500,2695.78
A,^IXIC,growing,50,4/11/25,2691.44,2500,2595.52
A,^IXIC,growing,51,4/11/25,2691.44,2500,2605.85
A,^IXIC,growing,52,4/11/25,2691.44,2500,2733.92
A,^IXIC,growing,53,4/11/25,2691.44,2500,2721.88
A,^IXIC,growing,54,4/11/25,2691.44,2500,2567.97
A,^IXIC,growing,55,4/11/25,2691.44,2500,2680.91
A,^IXIC,growing,56,4/11/25,2691.44,2500,2643.69
A,^IXIC,growing,57,4/11/25,2691.44,2500,2570.36
A,^IXIC,growing,58,4/11/25,2691.44,2500,2639.24
A,^IXIC,growing,59,4/11/25,2691.44,2500,2736.47
A,^IXIC,growing,60,4/11/25,2691.44,2500,2777.11
A,^IXIC,growing,61,4/11/25,2691.44,2500,2707.48
A,^IXIC,growing,62,4/11/25,2691.44,2500,2739.96
A,^IXIC,growing,63,4/11/25,2691.44,2500,2733.89
A,^IXIC,growing,64,4/11/25,2691.44,2500,2780.74
A,^IXIC,growing,65,4/11/25,2691.44,2500,2638.76
A,^IXIC,growing,66,4/11/25,2691.44,2500,2708.07
A,^IXIC,growing,67,4/11/25,2691.44,2500,2722.4
A,^IXIC,growing,68,4/11/25,2691.44,2500,2599.97
A,^IXIC,growing,69,4/11/25,2691.44,2500,2542.85
A,^IXIC,growing,70,4/11/25,2691.44,2500,2774.19
A,^IXIC,growing,71,4/11/25,2691.44,2500,2730.13
A,^IXIC,growing,72,4/11/25,2691.44,2500,2679.54
A,^IXIC,growing,73,4/11/25,2691.44,2500,2655.21
A,^IXIC,growing,74,4/11/25,2691.44,2500,2730.64
A,^IXIC,growing,75,4/11/25,2691.44,2500,2530.43
A,^IXIC,growing,76,4/11/25,2691.44,2500,2755.95
A,^IXIC,growing,77,4/11/25,2691.44,2500,2731.13
A,^IXIC,growing,78,4/11/25,2691.44,2500,2703.03
A,^IXIC,growing,79,4/11/25,2691.44,2500,2735.27
A,^IXIC,growing,80,4/11/25,2691.44,2500,2603.82
A,^IXIC,growing,81,4/11/25,2691.44,2500,2710.18
A,^IXIC,growing,82,4/11/25,2691.44,2500,2743.87
A,^IXIC,growing,83,4/11/25,2691.44,2500,2810.98
A,^IXIC,growing,84,4/11/25,2691.44,2500,2577.94
A,^IXIC,growing,85,4/11/25,2691.44,2500,2627.87
A,^IXIC,growing,86,4/11/25,2691.44,2500,2727.54
A,^IXIC,growing,87,4/11/25,2691.44,2500,2727.85
A,^IXIC,growing,88,4/11/25,2691.44,2500,2736.07
A,^IXIC,growing,89,4/11/25,2691.44,2500,2706.06
A,^IXIC,growing,90,4/11/25,2691.44,2500,2592.87
A,^IXIC,growing,91,4/11/25,2691.44,2500,2603.56
A,^IXIC,growing,92,4/11/25,2691.44,2500,2668.74
A,^IXIC,growing,93,4/11/25,2691.44,2500,2651.55
A,^IXIC,growing,94,4/11/25,2691.44,2500,2668.62
A,^IXIC,growing,95,4/11/25,2691.44,2500,2658.76
A,^IXIC,growing,96,4/11/25,2691.44,2500,2747.54
A,^IXIC,growing,97,4/11/25,2691.44,2500,2759.5
A,^IXIC,growing,98,4/11/25,2691.44,2500,2648.28
A,^IXIC,growing,99,4/11/25,2691.44,2500,2633.04
A,^IXIC,growing,100,4/11/25,2691.44,2500,2740.52
A,GC=F,growing,1,4/11/25,3713.1,2600,3575.06
A,GC=F,growing,2,4/11/25,3713.1,2600,3509.4
A,GC=F,growing,3,4/11/25,3713.1,2600,3441.57
A,GC=F,growing,4,4/11/25,3713.1,2600,3700.12
A,GC=F,growing,5,4/11/25,3713.1,2600,3607.62
A,GC=F,growing,6,4/11/25,3713.1,2600,3539.56
A,GC=F,growing,7,4/11/25,3713.1,2600,3650.4
A,GC=F,growing,8,4/11/25,3713.1,2600,3605.55
A,GC=F,growing,9,4/11/25,3713.1,2600,3565.02
A,GC=F,growing,10,4/11/25,3713.1,2600,3557.66
A,GC=F,growing,11,4/11/25,3713.1,2600,3438.02
A,GC=F,growing,12,4/11/25,3713.1,2600,3432.64
A,GC=F,growing,13,4/11/25,3713.1,2600,3789.11
A,GC=F,growing,14,4/11/25,3713.1,2600,3594.14
A,GC=F,growing,15,4/11/25,3713.1,2600,3723.3
A,GC=F,growing,16,4/11/25,3713.1,2600,3603.56
A,GC=F,growing,17,4/11/25,3713.1,2600,3704.16
A,GC=F,growing,18,4/11/25,3713.1,2600,3751.17
A,GC=F,growing,19,4/11/25,3713.1,2600,3666.08
A,GC=F,growing,20,4/11/25,3713.1,2600,3532.09
A,GC=F,growing,21,4/11/25,3713.1,2600,3590.74
A,GC=F,growing,22,4/11/25,3713.1,2600,3730.52
A,GC=F,growing,23,4/11/25,3713.1,2600,3641.67
A,GC=F,growing,24,4/11/25,3713.1,2600,3741.09
A,GC=F,growing,25,4/11/25,3713.1,2600,3573.65
A,GC=F,growing,26,4/11/25,3713.1,2600,3637.41
A,GC=F,growing,27,4/11/25,3713.1,2600,3645.56
A,GC=F,growing,28,4/11/25,3713.1,2600,3717.26
A,GC=F,growing,29,4/11/25,3713.1,2600,3441.04
A,GC=F,growing,30,4/11/25,3713.1,2600,3548.24
A,GC=F,growing,31,4/11/25,3713.1,2600,3691.22
A,GC=F,growing,32,4/11/25,3713.1,2600,3609.66
A,GC=F,growing,33,4/11/25,3713.1,2600,3445.81
A,GC=F,growing,34,4/11/25,3713.1,2600,3634.5
A,GC=F,growing,35,4/11/25,3713.1,2600,3594.15
A,GC=F,growing,36,4/11/25,3713.1,2600,3570.59
A,GC=F,growing,37,4/11/25,3713.1,2600,3512.78
A,GC=F,growing,38,4/11/25,3713.1,2600,3524.81
A,GC=F,growing,39,4/11/25,3713.1,2600,3678.88
A,GC=F,growing,40,4/11/25,3713.1,2600,3645.41
A,GC=F,growing,41,4/11/25,3713.1,2600,3658.19
A,GC=F,growing,42,4/11/25,3713.1,2600,3730.23
A,GC=F,growing,43,4/11/25,3713.1,2600,3463.38
A,GC=F,growing,44,4/11/25,3713.1,2600,3576.13
A,GC=F,growing,45,4/11/25,3713.1,2600,3799.07
A,GC=F,growing,46,4/11/25,3713.1,2600,3592.75
A,GC=F,growing,47,4/11/25,3713.1,2600,3419.83
A,GC=F,growing,48,4/11/25,3713.1,2600,3646.74
A,GC=F,growing,49,4/11/25,3713.1,2600,3612.99
A,GC=F,growing,50,4/11/25,3713.1,2600,3540.42
A,GC=F,growing,51,4/11/25,3713.1,2600,3457.67
A,GC=F,growing,52,4/11/25,3713.1,2600,3660.22
A,GC=F,growing,53,4/11/25,3713.1,2600,3681.34
A,GC=F,growing,54,4/11/25,3713.1,2600,3394.39
A,GC=F,growing,55,4/11/25,3713.1,2600,3620.09
A,GC=F,growing,56,4/11/25,3713.1,2600,3472.2
A,GC=F,growing,57,4/11/25,3713.1,2600,3352.93
A,GC=F,growing,58,4/11/25,3713.1,2600,3615.04
A,GC=F,growing,59,4/11/25,3713.1,2600,3632.46
A,GC=F,growing,60,4/11/25,3713.1,2600,3733.13
A,GC=F,growing,61,4/11/25,3713.1,2600,3586.95
A,GC=F,growing,62,4/11/25,3713.1,2600,3658.03
A,GC=F,growing,63,4/11/25,3713.1,2600,3690.37
A,GC=F,growing,64,4/11/25,3713.1,2600,3729.27
A,GC=F,growing,65,4/11/25,3713.1,2600,3510.8
A,GC=F,growing,66,4/11/25,3713.1,2600,3601.32
A,GC=F,growing,67,4/11/25,3713.1,2600,3634.27
A,GC=F,growing,68,4/11/25,3713.1,2600,3484.03
A,GC=F,growing,69,4/11/25,3713.1,2600,3411.22
A,GC=F,growing,70,4/11/25,3713.1,2600,3687.47
A,GC=F,growing,71,4/11/25,3713.1,2600,3709.7
A,GC=F,growing,72,4/11/25,3713.1,2600,3616.75
A,GC=F,growing,73,4/11/25,3713.1,2600,3518.31
A,GC=F,growing,74,4/11/25,3713.1,2600,3672.01
A,GC=F,growing,75,4/11/25,3713.1,2600,3412.61
A,GC=F,growing,76,4/11/25,3713.1,2600,3664.84
A,GC=F,growing,77,4/11/25,3713.1,2600,3705.82
A,GC=F,growing,78,4/11/25,3713.1,2600,3573.68
A,GC=F,growing,79,4/11/25,3713.1,2600,3639.68
A,GC=F,growing,80,4/11/25,3713.1,2600,3464.82
A,GC=F,growing,81,4/11/25,3713.1,2600,3611.56
A,GC=F,growing,82,4/11/25,3713.1,2600,3620.51
A,GC=F,growing,83,4/11/25,3713.1,2600,3776.51
A,GC=F,growing,84,4/11/25,3713.1,2600,3472.46
A,GC=F,growing,85,4/11/25,3713.1,2600,3496.72
A,GC=F,growing,86,4/11/25,3713.1,2600,3642.19
A,GC=F,growing,87,4/11/25,3713.1,2600,3652.5
A,GC=F,growing,88,4/11/25,3713.1,2600,3714.56
A,GC=F,growing,89,4/11/25,3713.1,2600,3636.55
A,GC=F,growing,90,4/11/25,3713.1,2600,3430.86
A,GC=F,growing,91,4/11/25,3713.1,2600,3459.12
A,GC=F,growing,92,4/11/25,3713.1,2600,3515.52
A,GC=F,growing,93,4/11/25,3713.1,2600,3581.4
A,GC=F,growing,94,4/11/25,3713.1,2600,3575.69
A,GC=F,growing,95,4/11/25,3713.1,2600,3565.05
A,GC=F,growing,96,4/11/25,3713.1,2600,3628.78
A,GC=F,growing,97,4/11/25,3713.1,2600,3667.19
A,GC=F,growing,98,4/11/25,3713.1,2600,3601.9
A,GC=F,growing,99,4/11/25,3713.1,2600,3544.68
A,GC=F,growing,100,4/11/25,3713.1,2600,3698.31
A,^IXIC,buythedip,1,4/11/25,137.95,100,2633.14
A,^IXIC,buythedip,2,4/11/25,137.95,100,2670.64
A,^IXIC,buythedip,3,4/11/25,137.95,100,2605.6
A,^IXIC,buythedip,4,4/11/25,137.95,100,2804.5
A,^IXIC,buythedip,5,4/11/25,137.95,100,2654.12
A,^IXIC,buythedip,6,4/11/25,137.95,100,2668.65
A,^IXIC,buythedip,7,4/11/25,137.95,100,2727.41
A,^IXIC,buythedip,8,4/11/25,137.95,100,2647.89
A,^IXIC,buythedip,9,4/11/25,137.95,100,2640.63
A,^IXIC,buythedip,10,4/11/25,137.95,100,2638.85
A,^IXIC,buythedip,11,4/11/25,137.95,100,2604.24
A,^IXIC,buythedip,12,4/11/25,137.95,100,2550.96
A,^IXIC,buythedip,13,4/11/25,137.95,100,2780.95
A,^IXIC,buythedip,14,4/11/25,137.95,100,2710.27
A,^IXIC,buythedip,15,4/11/25,137.95,100,2804.55
A,^IXIC,buythedip,16,4/11/25,137.95,100,2691.63
A,^IXIC,buythedip,17,4/11/25,137.95,100,2712.72
A,^IXIC,buythedip,18,4/11/25,137.95,100,2762.85
A,^IXIC,buythedip,19,4/11/25,137.95,100,2742.33
A,^IXIC,buythedip,20,4/11/25,137.95,100,2696.37
A,^IXIC,buythedip,21,4/11/25,137.95,100,2674.52
A,^IXIC,buythedip,22,4/11/25,137.95,100,2752.92
A,^IXIC,buythedip,23,4/11/25,137.95,100,2687.34
A,^IXIC,buythedip,24,4/11/25,137.95,100,2730.24
A,^IXIC,buythedip,25,4/11/25,137.95,100,2696.72
A,^IXIC,buythedip,26,4/11/25,137.95,100,2711.26
A,^IXIC,buythedip,27,4/11/25,137.95,100,2720.79
A,^IXIC,buythedip,28,4/11/25,137.95,100,2780.39
A,^IXIC,buythedip,29,4/11/25,137.95,100,2643.14
A,^IXIC,buythedip,30,4/11/25,137.95,100,2718.13
A,^IXIC,buythedip,31,4/11/25,137.95,100,2806.76
A,^IXIC,buythedip,32,4/11/25,137.95,100,2727.56
A,^IXIC,buythedip,33,4/11/25,137.95,100,2597.46
A,^IXIC,buythedip,34,4/11/25,137.95,100,2714.76
A,^IXIC,buythedip,35,4/11/25,137.95,100,2690.19
A,^IXIC,buythedip,36,4/11/25,137.95,100,2655.12
A,^IXIC,buythedip,37,4/11/25,137.95,100,2589.9
A,^IXIC,buythedip,38,4/11/25,137.95,100,2636.71
A,^IXIC,buythedip,39,4/11/25,137.95,100,2728.71
A,^IXIC,buythedip,40,4/11/25,137.95,100,2737.38
A,^IXIC,buythedip,41,4/11/25,137.95,100,2770.34
A,^IXIC,buythedip,42,4/11/25,137.95,100,2816.27
A,^IXIC,buythedip,43,4/11/25,137.95,100,2622.83
A,^IXIC,buythedip,44,4/11/25,137.95,100,2658.43
A,^IXIC,buythedip,45,4/11/25,137.95,100,2823.28
A,^IXIC,buythedip,46,4/11/25,137.95,100,2748.14
A,^IXIC,buythedip,47,4/11/25,137.95,100,2605.93
A,^IXIC,buythedip,48,4/11/25,137.95,100,2683.14
A,^IXIC,buythedip,49,4/11/25,137.95,100,2695.78
A,^IXIC,buythedip,50,4/11/25,137.95,100,2595.52
A,^IXIC,buythedip,51,4/11/25,137.95,100,2605.85
A,^IXIC,buythedip,52,4/11/25,137.95,100,2733.92
A,^IXIC,buythedip,53,4/11/25,137.95,100,2721.88
A,^IXIC,buythedip,54,4/11/25,137.95,100,2567.97
A,^IXIC,buythedip,55,4/11/25,137.95,100,2680.91
A,^IXIC,buythedip,56,4/11/25,137.95,100,2643.69
A,^IXIC,buythedip,57,4/11/25,137.95,100,2570.36
A,^IXIC,buythedip,58,4/11/25,137.95,100,2639.24
A,^IXIC,buythedip,59,4/11/25,137.95,100,2736.47
A,^IXIC,buythedip,60,4/11/25,137.95,100,2777.11
A,^IXIC,buythedip,61,4/11/25,137.95,100,2707.48
A,^IXIC,buythedip,62,4/11/25,137.95,100,2739.96
A,^IXIC,buythedip,63,4/11/25,137.95,100,2733.89
A,^IXIC,buythedip,64,4/11/25,137.95,100,2780.74
A,^IXIC,buythedip,65,4/11/25,137.95,100,2638.76
A,^IXIC,buythedip,66,4/11/25,137.95,100,2708.07
A,^IXIC,buythedip,67,4/11/25,137.95,100,2722.4
A,^IXIC,buythedip,68,4/11/25,137.95,100,2599.97
A,^IXIC,buythedip,69,4/11/25,137.95,100,2542.85
A,^IXIC,buythedip,70,4/11/25,137.95,100,2774.19
A,^IXIC,buythedip,71,4/11/25,137.95,100,2730.13
A,^IXIC,buythedip,72,4/11/25,137.95,100,2679.54
A,^IXIC,buythedip,73,4/11/25,137.95,100,2655.21
A,^IXIC,buythedip,74,4/11/25,137.95,100,2730.64
A,^IXIC,buythedip,75,4/11/25,137.95,100,2530.43
A,^IXIC,buythedip,76,4/11/25,137.95,100,2755.95
A,^IXIC,buythedip,77,4/11/25,137.95,100,2731.13
A,^IXIC,buythedip,78,4/11/25,137.95,100,2703.03
A,^IXIC,buythedip,79,4/11/25,137.95,100,2735.27
A,^IXIC,buythedip,80,4/11/25,137.95,100,2603.82
A,^IXIC,buythedip,81,4/11/25,137.95,100,2710.18
A,^IXIC,buythedip,82,4/11/25,137.95,100,2743.87
A,^IXIC,buythedip,83,4/11/25,137.95,100,2810.98
A,^IXIC,buythedip,84,4/11/25,137.95,100,2577.94
A,^IXIC,buythedip,85,4/11/25,137.95,100,2627.87
A,^IXIC,buythedip,86,4/11/25,137.95,100,2727.54
A,^IXIC,buythedip,87,4/11/25,137.95,100,2727.85
A,^IXIC,buythedip,88,4/11/25,137.95,100,2736.07
A,^IXIC,buythedip,89,4/11/25,137.95,100,2706.06
A,^IXIC,buythedip,90,4/11/25,137.95,100,2592.87
A,^IXIC,buythedip,91,4/11/25,137.95,100,2603.56
A,^IXIC,buythedip,92,4/11/25,137.95,100,2668.74
A,^IXIC,buythedip,93,4/11/25,137.95,100,2651.55
A,^IXIC,buythedip,94,4/11/25,137.95,100,2668.62
A,^IXIC,buythedip,95,4/11/25,137.95,100,2658.76
A,^IXIC,buythedip,96,4/11/25,137.95,100,2747.54
A,^IXIC,buythedip,97,4/11/25,137.95,100,2759.5
A,^IXIC,buythedip,98,4/11/25,137.95,100,2648.28
A,^IXIC,buythedip,99,4/11/25,137.95,100,2633.04
A,^IXIC,buythedip,100,4/11/25,137.95,100,2740.52
A,GC=F,buythedip,1,4/11/25,330.87,200,3575.06
A,GC=F,buythedip,2,4/11/25,330.87,200,3509.4
A,GC=F,buythedip,3,4/11/25,330.87,200,3441.57
A,GC=F,buythedip,4,4/11/25,330.87,200,3700.12
A,GC=F,buythedip,5,4/11/25,330.87,200,3607.62
A,GC=F,buythedip,6,4/11/25,330.87,200,3539.56
A,GC=F,buythedip,7,4/11/25,330.87,200,3650.4
A,GC=F,buythedip,8,4/11/25,330.87,200,3605.55
A,GC=F,buythedip,9,4/11/25,330.87,200,3565.02
A,GC=F,buythedip,10,4/11/25,330.87,200,3557.66
A,GC=F,buythedip,11,4/11/25,330.87,200,3438.02
A,GC=F,buythedip,12,4/11/25,330.87,200,3432.64
A,GC=F,buythedip,13,4/11/25,330.87,200,3789.11
A,GC=F,buythedip,14,4/11/25,330.87,200,3594.14
A,GC=F,buythedip,15,4/11/25,330.87,200,3723.3
A,GC=F,buythedip,16,4/11/25,330.87,200,3603.56
A,GC=F,buythedip,17,4/11/25,330.87,200,3704.16
A,GC=F,buythedip,18,4/11/25,330.87,200,3751.17
A,GC=F,buythedip,19,4/11/25,330.87,200,3666.08
A,GC=F,buythedip,20,4/11/25,330.87,200,3532.09
A,GC=F,buythedip,21,4/11/25,330.87,200,3590.74
A,GC=F,buythedip,22,4/11/25,330.87,200,3730.52
A,GC=F,buythedip,23,4/11/25,330.87,200,3641.67
A,GC=F,buythedip,24,4/11/25,330.87,200,3741.09
A,GC=F,buythedip,25,4/11/25,330.87,200,3573.65
A,GC=F,buythedip,26,4/11/25,330.87,200,3637.41
A,GC=F,buythedip,27,4/11/25,330.87,200,3645.56
A,GC=F,buythedip,28,4/11/25,330.87,200,3717.26
A,GC=F,buythedip,29,4/11/25,330.87,200,3441.04
A,GC=F,buythedip,30,4/11/25,330.87,200,3548.24
A,GC=F,buythedip,31,4/11/25,330.87,200,3691.22
A,GC=F,buythedip,32,4/11/25,330.87,200,3609.66
A,GC=F,buythedip,33,4/11/25,330.87,200,3445.81
A,GC=F,buythedip,34,4/11/25,330.87,200,3634.5
A,GC=F,buythedip,35,4/11/25,330.87,200,3594.15
A,GC=F,buythedip,36,4/11/25,330.87,200,3570.59
A,GC=F,buythedip,37,4/11/25,330.87,200,3512.78
A,GC=F,buythedip,38,4/11/25,330.87,200,3524.81
A,GC=F,buythedip,39,4/11/25,330.87,200,3678.88
A,GC=F,buythedip,40,4/11/25,330.87,200,3645.41
A,GC=F,buythedip,41,4/11/25,330.87,200,3658.19
A,GC=F,buythedip,42,4/11/25,330.87,200,3730.23
A,GC=F,buythedip,43,4/11/25,330.87,200,3463.38
A,GC=F,buythedip,44,4/11/25,330.87,200,3576.13
A,GC=F,buythedip,45,4/11/25,330.87,200,3799.07
A,GC=F,buythedip,46,4/11/25,330.87,200,3592.75
A,GC=F,buythedip,47,4/11/25,330.87,200,3419.83
A,GC=F,buythedip,48,4/11/25,330.87,200,3646.74
A,GC=F,buythedip,49,4/11/25,330.87,200,3612.99
A,GC=F,buythedip,50,4/11/25,330.87,200,3540.42
A,GC=F,buythedip,51,4/11/25,330.87,200,3457.67
A,GC=F,buythedip,52,4/11/25,330.87,200,3660.22
A,GC=F,buythedip,53,4/11/25,330.87,200,3681.34
A,GC=F,buythedip,54,4/11/25,330.87,200,3394.39
A,GC=F,buythedip,55,4/11/25,330.87,200,3620.09
A,GC=F,buythedip,56,4/11/25,330.87,200,3472.2
A,GC=F,buythedip,57,4/11/25,330.87,200,3352.93
A,GC=F,buythedip,58,4/11/25,330.87,200,3615.04
A,GC=F,buythedip,59,4/11/25,330.87,200,3632.46
A,GC=F,buythedip,60,4/11/25,330.87,200,3733.13
A,GC=F,buythedip,61,4/11/25,330.87,200,3586.95
A,GC=F,buythedip,62,4/11/25,330.87,200,3658.03
A,GC=F,buythedip,63,4/11/25,330.87,200,3690.37
A,GC=F,buythedip,64,4/11/25,330.87,200,3729.27
A,GC=F,buythedip,65,4/11/25,330.87,200,3510.8
A,GC=F,buythedip,66,4/11/25,330.87,200,3601.32
A,GC=F,buythedip,67,4/11/25,330.87,200,3634.27
A,GC=F,buythedip,68,4/11/25,330.87,200,3484.03
A,GC=F,buythedip,69,4/11/25,330.87,200,3411.22
A,GC=F,buythedip,70,4/11/25,330.87,200,3687.47
A,GC=F,buythedip,71,4/11/25,330.87,200,3709.7
A,GC=F,buythedip,72,4/11/25,330.87,200,3616.75
A,GC=F,buythedip,73,4/11/25,330.87,200,3518.31
A,GC=F,buythedip,74,4/11/25,330.87,200,3672.01
A,GC=F,buythedip,75,4/11/25,330.87,200,3412.61
A,GC=F,buythedip,76,4/11/25,330.87,200,3664.84
A,GC=F,buythedip,77,4/11/25,330.87,200,3705.82
A,GC=F,buythedip,78,4/11/25,330.87,200,3573.68
A,GC=F,buythedip,79,4/11/25,330.87,200,3639.68
A,GC=F,buythedip,80,4/11/25,330.87,200,3464.82
A,GC=F,buythedip,81,4/11/25,330.87,200,3611.56
A,GC=F,buythedip,82,4/11/25,330.87,200,3620.51
A,GC=F,buythedip,83,4/11/25,330.87,200,3776.51
A,GC=F,buythedip,84,4/11/25,330.87,200,3472.46
A,GC=F,buythedip,85,4/11/25,330.87,200,3496.72
A,GC=F,buythedip,86,4/11/25,330.87,200,3642.19
A,GC=F,buythedip,87,4/11/25,330.87,200,3652.5
A,GC=F,buythedip,88,4/11/25,330.87,200,3714.56
A,GC=F,buythedip,89,4/11/25,330.87,200,3636.55
A,GC=F,buythedip,90,4/11/25,330.87,200,3430.86
A,GC=F,buythedip,91,4/11/25,330.87,200,3459.12
A,GC=F,buythedip,92,4/11/25,330.87,200,3515.52
A,GC=F,buythedip,93,4/11/25,330.87,200,3581.4
A,GC=F,buythedip,94,4/11/25,330.87,200,3575.69
A,GC=F,buythedip,95,4/11/25,330.87,200,3565.05
A,GC=F,buythedip,96,4/11/25,330.87,200,3628.78
A,GC=F,buythedip,97,4/11/25,330.87,200,3667.19
A,GC=F,buythedip,98,4/11/25,330.87,200,3601.9
A,GC=F,buythedip,99,4/11/25,330.87,200,3544.68
A,GC=F,buythedip,100,4/11/25,330.87,200,3698.31
A,^IXIC,0.98buythedip,1,4/11/25,2525.35,2500,2633.14
A,^IXIC,0.98buythedip,2,4/11/25,2525.35,2500,2670.64
A,^IXIC,0.98buythedip,3,4/11/25,2525.35,2500,2605.6
A,^IXIC,0.98buythedip,4,4/11/25,2525.35,2500,2804.5
A,^IXIC,0.98buythedip,5,4/11/25,2525.35,2500,2654.12
A,^IXIC,0.98buythedip,6,4/11/25,2525.35,2500,2668.65
A,^IXIC,0.98buythedip,7,4/11/25,2525.35,2500,2727.41
A,^IXIC,0.98buythedip,8,4/11/25,2525.35,2500,2647.89
A,^IXIC,0.98buythedip,9,4/11/25,2525.35,2500,2640.63
A,^IXIC,0.98buythedip,10,4/11/25,2525.35,2500,2638.85
A,^IXIC,0.98buythedip,11,4/11/25,2525.35,2500,2604.24
A,^IXIC,0.98buythedip,12,4/11/25,2525.35,2500,2550.96
A,^IXIC,0.98buythedip,13,4/11/25,2525.35,2500,2780.95
A,^IXIC,0.98buythedip,14,4/11/25,2525.35,2500,2710.27
A,^IXIC,0.98buythedip,15,4/11/25,2525.35,2500,2804.55
A,^IXIC,0.98buythedip,16,4/11/25,2525.35,2500,2691.63
A,^IXIC,0.98buythedip,17,4/11/25,2525.35,2500,2712.72
A,^IXIC,0.98buythedip,18,4/11/25,2525.35,2500,2762.85
A,^IXIC,0.98buythedip,19,4/11/25,2525.35,2500,2742.33
A,^IXIC,0.98buythedip,20,4/11/25,2525.35,2500,2696.37
A,^IXIC,0.98buythedip,21,4/11/25,2525.35,2500,2674.52
A,^IXIC,0.98buythedip,22,4/11/25,2525.35,2500,2752.92
A,^IXIC,0.98buythedip,23,4/11/25,2525.35,2500,2687.34
A,^IXIC,0.98buythedip,24,4/11/25,2525.35,2500,2730.24
A,^IXIC,0.98buythedip,25,4/11/25,2525.35,2500,2696.72
A,^IXIC,0.98buythedip,26,4/11/25,2525.35,2500,2711.26
A,^IXIC,0.98buythedip,27,4/11/25,2525.35,2500,2720.79
A,^IXIC,0.98buythedip,28,4/11/25,2525.35,2500,2780.39
A,^IXIC,0.98buythedip,29,4/11/25,2525.35,2500,2643.14
A,^IXIC,0.98buythedip,30,4/11/25,2525.35,2500,2718.13
A,^IXIC,0.98buythedip,31,4/11/25,2525.35,2500,2806.76
A,^IXIC,0.98buythedip,32,4/11/25,2525.35,2500,2727.56
A,^IXIC,0.98buythedip,33,4/11/25,2525.35,2500,2597.46
A,^IXIC,0.98buythedip,34,4/11/25,2525.35,2500,2714.76
A,^IXIC,0.98buythedip,35,4/11/25,2525.35,2500,2690.19
A,^IXIC,0.98buythedip,36,4/11/25,2525.35,2500,2655.12
A,^IXIC,0.98buythedip,37,4/11/25,2525.35,2500,2589.9
A,^IXIC,0.98buythedip,38,4/11/25,2525.35,2500,2636.71
A,^IXIC,0.98buythedip,39,4/11/25,2525.35,2500,2728.71
A,^IXIC,0.98buythedip,40,4/11/25,2525.35,2500,2737.38
A,^IXIC,0.98buythedip,41,4/11/25,2525.35,2500,2770.34
A,^IXIC,0.98buythedip,42,4/11/25,2525.35,2500,2816.27
A,^IXIC,0.98buythedip,43,4/11/25,2525.35,2500,2622.83
A,^IXIC,0.98buythedip,44,4/11/25,2525.35,2500,2658.43
A,^IXIC,0.98buythedip,45,4/11/25,2525.35,2500,2823.28
A,^IXIC,0.98buythedip,46,4/11/25,2525.35,2500,2748.14
A,^IXIC,0.98buythedip,47,4/11/25,2525.35,2500,2605.93
A,^IXIC,0.98buythedip,48,4/11/25,2525.35,2500,2683.14
A,^IXIC,0.98buythedip,49,4/11/25,2525.35,2500,2695.78
A,^IXIC,0.98buythedip,50,4/11/25,2525.35,2500,2595.52
A,^IXIC,0.98buythedip,51,4/11/25,2525.35,2500,2605.85
A,^IXIC,0.98buythedip,52,4/11/25,2525.35,2500,2733.92
A,^IXIC,0.98buythedip,53,4/11/25,2525.35,2500,2721.88
A,^IXIC,0.98buythedip,54,4/11/25,2525.35,2500,2567.97
A,^IXIC,0.98buythedip,55,4/11/25,2525.35,2500,2680.91
A,^IXIC,0.98buythedip,56,4/11/25,2525.35,2500,2643.69
A,^IXIC,0.98buythedip,57,4/11/25,2525.35,2500,2570.36
A,^IXIC,0.98buythedip,58,4/11/25,2525.35,2500,2639.24
A,^IXIC,0.98buythedip,59,4/11/25,2525.35,2500,2736.47
A,^IXIC,0.98buythedip,60,4/11/25,2525.35,2500,2777.11
A,^IXIC,0.98buythedip,61,4/11/25,2525.35,2500,2707.48
A,^IXIC,0.98buythedip,62,4/11/25,2525.35,2500,2739.96
A,^IXIC,0.98buythedip,63,4/11/25,2525.35,2500,2733.89
A,^IXIC,0.98buythedip,64,4/11/25,2525.35,2500,2780.74
A,^IXIC,0.98buythedip,65,4/11/25,2525.35,2500,2638.76
A,^IXIC,0.98buythedip,66,4/11/25,2525.35,2500,2708.07
A,^IXIC,0.98buythedip,67,4/11/25,2525.35,2500,2722.4
A,^IXIC,0.98buythedip,68,4/11/25,2525.35,2500,2599.97
A,^IXIC,0.98buythedip,69,4/11/25,2525.35,2500,2542.85
A,^IXIC,0.98buythedip,70,4/11/25,2525.35,2500,2774.19
A,^IXIC,0.98buythedip,71,4/11/25,2525.35,2500,2730.13
A,^IXIC,0.98buythedip,72,4/11/25,2525.35,2500,2679.54
A,^IXIC,0.98buythedip,73,4/11/25,2525.35,2500,2655.21
A,^IXIC,0.98buythedip,74,4/11/25,2525.35,2500,2730.64
A,^IXIC,0.98buythedip,75,4/11/25,2525.35,2500,2530.43
A,^IXIC,0.98buythedip,76,4/11/25,2525.35,2500,2755.95
A,^IXIC,0.98buythedip,77,4/11/25,2525.35,2500,2731.13
A,^IXIC,0.98buythedip,78,4/11/25,2525.35,2500,2703.03
A,^IXIC,0.98buythedip,79,4/11/25,2525.35,2500,2735.27
A,^IXIC,0.98buythedip,80,4/11/25,2525.35,2500,2603.82
A,^IXIC,0.98buythedip,81,4/11/25,2525.35,2500,2710.18
A,^IXIC,0.98buythedip,82,4/11/25,2525.35,2500,2743.87
A,^IXIC,0.98buythedip,83,4/11/25,2525.35,2500,2810.98
A,^IXIC,0.98buythedip,84,4/11/25,2525.35,2500,2577.94
A,^IXIC,0.98buythedip,85,4/11/25,2525.35,2500,2627.87
A,^IXIC,0.98buythedip,86,4/11/25,2525.35,2500,2727.54
A,^IXIC,0.98buythedip,87,4/11/25,2525.35,2500,2727.85
A,^IXIC,0.98buythedip,88,4/11/25,2525.35,2500,2736.07
A,^IXIC,0.98buythedip,89,4/11/25,2525.35,2500,2706.06
A,^IXIC,0.98buythedip,90,4/11/25,2525.35,2500,2592.87
A,^IXIC,0.98buythedip,91,4/11/25,2525.35,2500,2603.56
A,^IXIC,0.98buythedip,92,4/11/25,2525.35,2500,2668.74
A,^IXIC,0.98buythedip,93,4/11/25,2525.35,2500,2651.55
A,^IXIC,0.98buythedip,94,4/11/25,2525.35,2500,2668.62
A,^IXIC,0.98buythedip,95,4/11/25,2525.35,2500,2658.76
A,^IXIC,0.98buythedip,96,4/11/25,2525.35,2500,2747.54
A,^IXIC,0.98buythedip,97,4/11/25,2525.35,2500,2759.5
A,^IXIC,0.98buythedip,98,4/11/25,2525.35,2500,2648.28
A,^IXIC,0.98buythedip,99,4/11/25,2525.35,2500,2633.04
A,^IXIC,0.98buythedip,100,4/11/25,2525.35,2500,2740.52
A,GC=F,0.98buythedip,1,4/11/25,2931.68,3700,3575.06
A,GC=F,0.98buythedip,2,4/11/25,2931.68,3700,3509.4
A,GC=F,0.98buythedip,3,4/11/25,2931.68,3700,3441.57
A,GC=F,0.98buythedip,4,4/11/25,2931.68,3700,3700.12
A,GC=F,0.98buythedip,5,4/11/25,2931.68,3700,3607.62
A,GC=F,0.98buythedip,6,4/11/25,2931.68,3700,3539.56
A,GC=F,0.98buythedip,7,4/11/25,2931.68,3700,3650.4
A,GC=F,0.98buythedip,8,4/11/25,2931.68,3700,3605.55
A,GC=F,0.98buythedip,9,4/11/25,2931.68,3700,3565.02
A,GC=F,0.98buythedip,10,4/11/25,2931.68,3700,3557.66
A,GC=F,0.98buythedip,11,4/11/25,2931.68,3700,3438.02
A,GC=F,0.98buythedip,12,4/11/25,2931.68,3700,3432.64
A,GC=F,0.98buythedip,13,4/11/25,2931.68,3700,3789.11
A,GC=F,0.98buythedip,14,4/11/25,2931.68,3700,3594.14
A,GC=F,0.98buythedip,15,4/11/25,2931.68,3700,3723.3
A,GC=F,0.98buythedip,16,4/11/25,2931.68,3700,3603.56
A,GC=F,0.98buythedip,17,4/11/25,2931.68,3700,3704.16
A,GC=F,0.98buythedip,18,4/11/25,2931.68,3700,3751.17
A,GC=F,0.98buythedip,19,4/11/25,2931.68,3700,3666.08
A,GC=F,0.98buythedip,20,4/11/25,2931.68,3700,3532.09
A,GC=F,0.98buythedip,21,4/11/25,2931.68,3700,3590.74
A,GC=F,0.98buythedip,22,4/11/25,2931.68,3700,3730.52
A,GC=F,0.98buythedip,23,4/11/25,2931.68,3700,3641.67
A,GC=F,0.98buythedip,24,4/11/25,2931.68,3700,3741.09
A,GC=F,0.98buythedip,25,4/11/25,2931.68,3700,3573.65
A,GC=F,0.98buythedip,26,4/11/25,2931.68,3700,3637.41
A,GC=F,0.98buythedip,27,4/11/25,2931.68,3700,3645.56
A,GC=F,0.98buythedip,28,4/11/25,2931.68,3700,3717.26
A,GC=F,0.98buythedip,29,4/11/25,2931.68,3700,3441.04
A,GC=F,0.98buythedip,30,4/11/25,2931.68,3700,3548.24
A,GC=F,0.98buythedip,31,4/11/25,2931.68,3700,3691.22
A,GC=F,0.98buythedip,32,4/11/25,2931.68,3700,3609.66
A,GC=F,0.98buythedip,33,4/11/25,2931.68,3700,3445.81
A,GC=F,0.98buythedip,34,4/11/25,2931.68,3700,3634.5
A,GC=F,0.98buythedip,35,4/11/25,2931.68,3700,3594.15
A,GC=F,0.98buythedip,36,4/11/25,2931.68,3700,3570.59
A,GC=F,0.98buythedip,37,4/11/25,2931.68,3700,3512.78
A,GC=F,0.98buythedip,38,4/11/25,2931.68,3700,3524.81
A,GC=F,0.98buythedip,39,4/11/25,2931.68,3700,3678.88
A,GC=F,0.98buythedip,40,4/11/25,2931.68,3700,3645.41
A,GC=F,0.98buythedip,41,4/11/25,2931.68,3700,3658.19
A,GC=F,0.98buythedip,42,4/11/25,2931.68,3700,3730.23
A,GC=F,0.98buythedip,43,4/11/25,2931.68,3700,3463.38
A,GC=F,0.98buythedip,44,4/11/25,2931.68,3700,3576.13
A,GC=F,0.98buythedip,45,4/11/25,2931.68,3700,3799.07
A,GC=F,0.98buythedip,46,4/11/25,2931.68,3700,3592.75
A,GC=F,0.98buythedip,47,4/11/25,2931.68,3700,3419.83
A,GC=F,0.98buythedip,48,4/11/25,2931.68,3700,3646.74
A,GC=F,0.98buythedip,49,4/11/25,2931.68,3700,3612.99
A,GC=F,0.98buythedip,50,4/11/25,2931.68,3700,3540.42
A,GC=F,0.98buythedip,51,4/11/25,2931.68,3700,3457.67
A,GC=F,0.98buythedip,52,4/11/25,2931.68,3700,3660.22
A,GC=F,0.98buythedip,53,4/11/25,2931.68,3700,3681.34
A,GC=F,0.98buythedip,54,4/11/25,2931.68,3700,3394.39
A,GC=F,0.98buythedip,55,4/11/25,2931.68,3700,3620.09
A,GC=F,0.98buythedip,56,4/11/25,2931.68,3700,3472.2
A,GC=F,0.98buythedip,57,4/11/25,2931.68,3700,3352.93
A,GC=F,0.98buythedip,58,4/11/25,2931.68,3700,3615.04
A,GC=F,0.98buythedip,59,4/11/25,2931.68,3700,3632.46
A,GC=F,0.98buythedip,60,4/11/25,2931.68,3700,3733.13
A,GC=F,0.98buythedip,61,4/11/25,2931.68,3700,3586.95
A,GC=F,0.98buythedip,62,4/11/25,2931.68,3700,3658.03
A,GC=F,0.98buythedip,63,4/11/25,2931.68,3700,3690.37
A,GC=F,0.98buythedip,64,4/11/25,2931.68,3700,3729.27
A,GC=F,0.98buythedip,65,4/11/25,2931.68,3700,3510.8
A,GC=F,0.98buythedip,66,4/11/25,2931.68,3700,3601.32
A,GC=F,0.98buythedip,67,4/11/25,2931.68,3700,3634.27
A,GC=F,0.98buythedip,68,4/11/25,2931.68,3700,3484.03
A,GC=F,0.98buythedip,69,4/11/25,2931.68,3700,3411.22
A,GC=F,0.98buythedip,70,4/11/25,2931.68,3700,3687.47
A,GC=F,0.98buythedip,71,4/11/25,2931.68,3700,3709.7
A,GC=F,0.98buythedip,72,4/11/25,2931.68,3700,3616.75
A,GC=F,0.98buythedip,73,4/11/25,2931.68,3700,3518.31
A,GC=F,0.98buythedip,74,4/11/25,2931.68,3700,3672.01
A,GC=F,0.98buythedip,75,4/11/25,2931.68,3700,3412.61
A,GC=F,0.98buythedip,76,4/11/25,2931.68,3700,3664.84
A,GC=F,0.98buythedip,77,4/11/25,2931.68,3700,3705.82
A,GC=F,0.98buythedip,78,4/11/25,2931.68,3700,3573.68
A,GC=F,0.98buythedip,79,4/11/25,2931.68,3700,3639.68
A,GC=F,0.98buythedip,80,4/11/25,2931.68,3700,3464.82
A,GC=F,0.98buythedip,81,4/11/25,2931.68,3700,3611.56
A,GC=F,0.98buythedip,82,4/11/25,2931.68,3700,3620.51
A,GC=F,0.98buythedip,83,4/11/25,2931.68,3700,3776.51
A,GC=F,0.98buythedip,84,4/11/25,2931.68,3700,3472.46
A,GC=F,0.98buythedip,85,4/11/25,2931.68,3700,3496.72
A,GC=F,0.98buythedip,86,4/11/25,2931.68,3700,3642.19
A,GC=F,0.98buythedip,87,4/11/25,2931.68,3700,3652.5
A,GC=F,0.98buythedip,88,4/11/25,2931.68,3700,3714.56
A,GC=F,0.98buythedip,89,4/11/25,2931.68,3700,3636.55
A,GC=F,0.98buythedip,90,4/11/25,2931.68,3700,3430.86
A,GC=F,0.98buythedip,91,4/11/25,2931.68,3700,3459.12
A,GC=F,0.98buythedip,92,4/11/25,2931.68,3700,3515.52
A,GC=F,0.98buythedip,93,4/11/25,2931.68,3700,3581.4
A,GC=F,0.98buythedip,94,4/11/25,2931.68,3700,3575.69
A,GC=F,0.98buythedip,95,4/11/25,2931.68,3700,3565.05
A,GC=F,0.98buythedip,96,4/11/25,2931.68,3700,3628.78
A,GC=F,0.98buythedip,97,4/11/25,2931.68,3700,3667.19
A,GC=F,0.98buythedip,98,4/11/25,2931.68,3700,3601.9
A,GC=F,0.98buythedip,99,4/11/25,2931.68,3700,3544.68
A,GC=F,0.98buythedip,100,4/11/25,2931.68,3700,3698.31
A,^IXIC,complexbuythedip,1,4/11/25,2800.89,2600,2633.14
A,^IXIC,complexbuythedip,2,4/11/25,2800.89,2600,2670.64
A,^IXIC,complexbuythedip,3,4/11/25,2800.89,2600,2605.6
A,^IXIC,complexbuythedip,4,4/11/25,2800.89,2600,2804.5
A,^IXIC,complexbuythedip,5,4/11/25,2800.89,2600,2654.12
A,^IXIC,complexbuythedip,6,4/11/25,2800.89,2600,2668.65
A,^IXIC,complexbuythedip,7,4/11/25,2800.89,2600,2727.41
A,^IXIC,complexbuythedip,8,4/11/25,2800.89,2600,2647.89
A,^IXIC,complexbuythedip,9,4/11/25,2800.89,2600,2640.63
A,^IXIC,complexbuythedip,10,4/11/25,2800.89,2600,2638.85
A,^IXIC,complexbuythedip,11,4/11/25,2800.89,2600,2604.24
A,^IXIC,complexbuythedip,12,4/11/25,2800.89,2600,2550.96
A,^IXIC,complexbuythedip,13,4/11/25,2800.89,2600,2780.95
A,^IXIC,complexbuythedip,14,4/11/25,2800.89,2600,2710.27
A,^IXIC,complexbuythedip,15,4/11/25,2800.89,2600,2804.55
A,^IXIC,complexbuythedip,16,4/11/25,2800.89,2600,2691.63
A,^IXIC,complexbuythedip,17,4/11/25,2800.89,2600,2712.72
A,^IXIC,complexbuythedip,18,4/11/25,2800.89,2600,2762.85
A,^IXIC,complexbuythedip,19,4/11/25,2800.89,2600,2742.33
A,^IXIC,complexbuythedip,20,4/11/25,2800.89,2600,2696.37
A,^IXIC,complexbuythedip,21,4/11/25,2800.89,2600,2674.52
A,^IXIC,complexbuythedip,22,4/11/25,2800.89,2600,2752.92
A,^IXIC,complexbuythedip,23,4/11/25,2800.89,2600,2687.34
A,^IXIC,complexbuythedip,24,4/11/25,2800.89,2600,2730.24
A,^IXIC,complexbuythedip,25,4/11/25,2800.89,2600,2696.72
A,^IXIC,complexbuythedip,26,4/11/25,2800.89,2600,2711.26
A,^IXIC,complexbuythedip,27,4/11/25,2800.89,2600,2720.79
A,^IXIC,complexbuythedip,28,4/11/25,2800.89,2600,2780.39
A,^IXIC,complexbuythedip,29,4/11/25,2800.89,2600,2643.14
A,^IXIC,complexbuythedip,30,4/11/25,2800.89,2600,2718.13
A,^IXIC,complexbuythedip,31,4/11/25,2800.89,2600,2806.76
A,^IXIC,complexbuythedip,32,4/11/25,2800.89,2600,2727.56
A,^IXIC,complexbuythedip,33,4/11/25,2800.89,2600,2597.46
A,^IXIC,complexbuythedip,34,4/11/25,2800.89,2600,2714.76
A,^IXIC,complexbuythedip,35,4/11/25,2800.89,2600,2690.19
A,^IXIC,complexbuythedip,36,4/11/25,2800.89,2600,2655.12
A,^IXIC,complexbuythedip,37,4/11/25,2800.89,2600,2589.9
A,^IXIC,complexbuythedip,38,4/11/25,2800.89,2600,2636.71
A,^IXIC,complexbuythedip,39,4/11/25,2800.89,2600,2728.71
A,^IXIC,complexbuythedip,40,4/11/25,2800.89,2600,2737.38
A,^IXIC,complexbuythedip,41,4/11/25,2800.89,2600,2770.34
A,^IXIC,complexbuythedip,42,4/11/25,2800.89,2600,2816.27
A,^IXIC,complexbuythedip,43,4/11/25,2800.89,2600,2622.83
A,^IXIC,complexbuythedip,44,4/11/25,2800.89,2600,2658.43
A,^IXIC,complexbuythedip,45,4/11/25,2800.89,2600,2823.28
A,^IXIC,complexbuythedip,46,4/11/25,2800.89,2600,2748.14
A,^IXIC,complexbuythedip,47,4/11/25,2800.89,2600,2605.93
A,^IXIC,complexbuythedip,48,4/11/25,2800.89,2600,2683.14
A,^IXIC,complexbuythedip,49,4/11/25,2800.89,2600,2695.78
A,^IXIC,complexbuythedip,50,4/11/25,2800.89,2600,2595.52
A,^IXIC,complexbuythedip,51,4/11/25,2800.89,2600,2605.85
A,^IXIC,complexbuythedip,52,4/11/25,2800.89,2600,2733.92
A,^IXIC,complexbuythedip,53,4/11/25,2800.89,2600,2721.88
A,^IXIC,complexbuythedip,54,4/11/25,2800.89,2600,2567.97
A,^IXIC,complexbuythedip,55,4/11/25,2800.89,2600,2680.91
A,^IXIC,complexbuythedip,56,4/11/25,2800.89,2600,2643.69
A,^IXIC,complexbuythedip,57,4/11/25,2800.89,2600,2570.36
A,^IXIC,complexbuythedip,58,4/11/25,2800.89,2600,2639.24
A,^IXIC,complexbuythedip,59,4/11/25,2800.89,2600,2736.47
A,^IXIC,complexbuythedip,60,4/11/25,2800.89,2600,2777.11
A,^IXIC,complexbuythedip,61,4/11/25,2800.89,2600,2707.48
A,^IXIC,complexbuythedip,62,4/11/25,2800.89,2600,2739.96
A,^IXIC,complexbuythedip,63,4/11/25,2800.89,2600,2733.89
A,^IXIC,complexbuythedip,64,4/11/25,2800.89,2600,2780.74
A,^IXIC,complexbuythedip,65,4/11/25,2800.89,2600,2638.76
A,^IXIC,complexbuythedip,66,4/11/25,2800.89,2600,2708.07
A,^IXIC,complexbuythedip,67,4/11/25,2800.89,2600,2722.4
A,^IXIC,complexbuythedip,68,4/11/25,2800.89,2600,2599.97
A,^IXIC,complexbuythedip,69,4/11/25,2800.89,2600,2542.85
A,^IXIC,complexbuythedip,70,4/11/25,2800.89,2600,2774.19
A,^IXIC,complexbuythedip,71,4/11/25,2800.89,2600,2730.13
A,^IXIC,complexbuythedip,72,4/11/25,2800.89,2600,2679.54
A,^IXIC,complexbuythedip,73,4/11/25,2800.89,2600,2655.21
A,^IXIC,complexbuythedip,74,4/11/25,2800.89,2600,2730.64
A,^IXIC,complexbuythedip,75,4/11/25,2800.89,2600,2530.43
A,^IXIC,complexbuythedip,76,4/11/25,2800.89,2600,2755.95
A,^IXIC,complexbuythedip,77,4/11/25,2800.89,2600,2731.13
A,^IXIC,complexbuythedip,78,4/11/25,2800.89,2600,2703.03
A,^IXIC,complexbuythedip,79,4/11/25,2800.89,2600,2735.27
A,^IXIC,complexbuythedip,80,4/11/25,2800.89,2600,2603.82
A,^IXIC,complexbuythedip,81,4/11/25,2800.89,2600,2710.18
A,^IXIC,complexbuythedip,82,4/11/25,2800.89,2600,2743.87
A,^IXIC,complexbuythedip,83,4/11/25,2800.89,2600,2810.98
A,^IXIC,complexbuythedip,84,4/11/25,2800.89,2600,2577.94
A,^IXIC,complexbuythedip,85,4/11/25,2800.89,2600,2627.87
A,^IXIC,complexbuythedip,86,4/11/25,2800.89,2600,2727.54
A,^IXIC,complexbuythedip,87,4/11/25,2800.89,2600,2727.85
A,^IXIC,complexbuythedip,88,4/11/25,2800.89,2600,2736.07
A,^IXIC,complexbuythedip,89,4/11/25,2800.89,2600,2706.06
A,^IXIC,complexbuythedip,90,4/11/25,2800.89,2600,2592.87
A,^IXIC,complexbuythedip,91,4/11/25,2800.89,2600,2603.56
A,^IXIC,complexbuythedip,92,4/11/25,2800.89,2600,2668.74
A,^IXIC,complexbuythedip,93,4/11/25,2800.89,2600,2651.55
A,^IXIC,complexbuythedip,94,4/11/25,2800.89,2600,2668.62
A,^IXIC,complexbuythedip,95,4/11/25,2800.89,2600,2658.76
A,^IXIC,complexbuythedip,96,4/11/25,2800.89,2600,2747.54
A,^IXIC,complexbuythedip,97,4/11/25,2800.89,2600,2759.5
A,^IXIC,complexbuythedip,98,4/11/25,2800.89,2600,2648.28
A,^IXIC,complexbuythedip,99,4/11/25,2800.89,2600,2633.04
A,^IXIC,complexbuythedip,100,4/11/25,2800.89,2600,2740.52
A,GC=F,complexbuythedip,1,4/11/25,3705.58,2600,3575.06
A,GC=F,complexbuythedip,2,4/11/25,3705.58,2600,3509.4
A,GC=F,complexbuythedip,3,4/11/25,3705.58,2600,3441.57
A,GC=F,complexbuythedip,4,4/11/25,3705.58,2600,3700.12
A,GC=F,complexbuythedip,5,4/11/25,3705.58,2600,3607.62
A,GC=F,complexbuythedip,6,4/11/25,3705.58,2600,3539.56
A,GC=F,complexbuythedip,7,4/11/25,3705.58,2600,3650.4
A,GC=F,complexbuythedip,8,4/11/25,3705.58,2600,3605.55
A,GC=F,complexbuythedip,9,4/11/25,3705.58,2600,3565.02
A,GC=F,complexbuythedip,10,4/11/25,3705.58,2600,3557.66
A,GC=F,complexbuythedip,11,4/11/25,3705.58,2600,3438.02
A,GC=F,complexbuythedip,12,4/11/25,3705.58,2600,3432.64
A,GC=F,complexbuythedip,13,4/11/25,3705.58,2600,3789.11
A,GC=F,complexbuythedip,14,4/11/25,3705.58,2600,3594.14
A,GC=F,complexbuythedip,15,4/11/25,3705.58,2600,3723.3
A,GC=F,complexbuythedip,16,4/11/25,3705.58,2600,3603.56
A,GC=F,complexbuythedip,17,4/11/25,3705.58,2600,3704.16
A,GC=F,complexbuythedip,18,4/11/25,3705.58,2600,3751.17
A,GC=F,complexbuythedip,19,4/11/25,3705.58,2600,3666.08
A,GC=F,complexbuythedip,20,4/11/25,3705.58,2600,3532.09
A,GC=F,complexbuythedip,21,4/11/25,3705.58,2600,3590.74
A,GC=F,complexbuythedip,22,4/11/25,3705.58,2600,3730.52
A,GC=F,complexbuythedip,23,4/11/25,3705.58,2600,3641.67
A,GC=F,complexbuythedip,24,4/11/25,3705.58,2600,3741.09
A,GC=F,complexbuythedip,25,4/11/25,3705.58,2600,3573.65
A,GC=F,complexbuythedip,26,4/11/25,3705.58,2600,3637.41
A,GC=F,complexbuythedip,27,4/11/25,3705.58,2600,3645.56
A,GC=F,complexbuythedip,28,4/11/25,3705.58,2600,3717.26
A,GC=F,complexbuythedip,29,4/11/25,3705.58,2600,3441.04
A,GC=F,complexbuythedip,30,4/11/25,3705.58,2600,3548.24
A,GC=F,complexbuythedip,31,4/11/25,3705.58,2600,3691.22
A,GC=F,complexbuythedip,32,4/11/25,3705.58,2600,3609.66
A,GC=F,complexbuythedip,33,4/11/25,3705.58,2600,3445.81
A,GC=F,complexbuythedip,34,4/11/25,3705.58,2600,3634.5
A,GC=F,complexbuythedip,35,4/11/25,3705.58,2600,3594.15
A,GC=F,complexbuythedip,36,4/11/25,3705.58,2600,3570.59
A,GC=F,complexbuythedip,37,4/11/25,3705.58,2600,3512.78
A,GC=F,complexbuythedip,38,4/11/25,3705.58,2600,3524.81
A,GC=F,complexbuythedip,39,4/11/25,3705.58,2600,3678.88
A,GC=F,complexbuythedip,40,4/11/25,3705.58,2600,3645.41
A,GC=F,complexbuythedip,41,4/11/25,3705.58,2600,3658.19
A,GC=F,complexbuythedip,42,4/11/25,3705.58,2600,3730.23
A,GC=F,complexbuythedip,43,4/11/25,3705.58,2600,3463.38
A,GC=F,complexbuythedip,44,4/11/25,3705.58,2600,3576.13
A,GC=F,complexbuythedip,45,4/11/25,3705.58,2600,3799.07
A,GC=F,complexbuythedip,46,4/11/25,3705.58,2600,3592.75
A,GC=F,complexbuythedip,47,4/11/25,3705.58,2600,3419.83
A,GC=F,complexbuythedip,48,4/11/25,3705.58,2600,3646.74
A,GC=F,complexbuythedip,49,4/11/25,3705.58,2600,3612.99
A,GC=F,complexbuythedip,50,4/11/25,3705.58,2600,3540.42
A,GC=F,complexbuythedip,51,4/11/25,3705.58,2600,3457.67
A,GC=F,complexbuythedip,52,4/11/25,3705.58,2600,3660.22
A,GC=F,complexbuythedip,53,4/11/25,3705.58,2600,3681.34
A,GC=F,complexbuythedip,54,4/11/25,3705.58,2600,3394.39
A,GC=F,complexbuythedip,55,4/11/25,3705.58,2600,3620.09
A,GC=F,complexbuythedip,56,4/11/25,3705.58,2600,3472.2
A,GC=F,complexbuythedip,57,4/11/25,3705.58,2600,3352.93
A,GC=F,complexbuythedip,58,4/11/25,3705.58,2600,3615.04
A,GC=F,complexbuythedip,59,4/11/25,3705.58,2600,3632.46
A,GC=F,complexbuythedip,60,4/11/25,3705.58,2600,3733.13
A,GC=F,complexbuythedip,61,4/11/25,3705.58,2600,3586.95
A,GC=F,complexbuythedip,62,4/11/25,3705.58,2600,3658.03
A,GC=F,complexbuythedip,63,4/11/25,3705.58,2600,3690.37
A,GC=F,complexbuythedip,64,4/11/25,3705.58,2600,3729.27
A,GC=F,complexbuythedip,65,4/11/25,3705.58,2600,3510.8
A,GC=F,complexbuythedip,66,4/11/25,3705.58,2600,3601.32
A,GC=F,complexbuythedip,67,4/11/25,3705.58,2600,3634.27
A,GC=F,complexbuythedip,68,4/11/25,3705.58,2600,3484.03
A,GC=F,complexbuythedip,69,4/11/25,3705.58,2600,3411.22
A,GC=F,complexbuythedip,70,4/11/25,3705.58,2600,3687.47
A,GC=F,complexbuythedip,71,4/11/25,3705.58,2600,3709.7
A,GC=F,complexbuythedip,72,4/11/25,3705.58,2600,3616.75
A,GC=F,complexbuythedip,73,4/11/25,3705.58,2600,3518.31
A,GC=F,complexbuythedip,74,4/11/25,3705.58,2600,3672.01
A,GC=F,complexbuythedip,75,4/11/25,3705.58,2600,3412.61
A,GC=F,complexbuythedip,76,4/11/25,3705.58,2600,3664.84
A,GC=F,complexbuythedip,77,4/11/25,3705.58,2600,3705.82
A,GC=F,complexbuythedip,78,4/11/25,3705.58,2600,3573.68
A,GC=F,complexbuythedip,79,4/11/25,3705.58,2600,3639.68
A,GC=F,complexbuythedip,80,4/11/25,3705.58,2600,3464.82
A,GC=F,complexbuythedip,81,4/11/25,3705.58,2600,3611.56
A,GC=F,complexbuythedip,82,4/11/25,3705.58,2600,3620.51
A,GC=F,complexbuythedip,83,4/11/25,3705.58,2600,3776.51
A,GC=F,complexbuythedip,84,4/11/25,3705.58,2600,3472.46
A,GC=F,complexbuythedip,85,4/11/25,3705.58,2600,3496.72
A,GC=F,complexbuythedip,86,4/11/25,3705.58,2600,3642.19
A,GC=F,complexbuythedip,87,4/11/25,3705.58,2600,3652.5
A,GC=F,complexbuythedip,88,4/11/25,3705.58,2600,3714.56
A,GC=F,complexbuythedip,89,4/11/25,3705.58,2600,3636.55
A,GC=F,complexbuythedip,90,4/11/25,3705.58,2600,3430.86
A,GC=F,complexbuythedip,91,4/11/25,3705.58,2600,3459.12
A,GC=F,complexbuythedip,92,4/11/25,3705.58,2600,3515.52
A,GC=F,complexbuythedip,93,4/11/25,3705.58,2600,3581.4
A,GC=F,complexbuythedip,94,4/11/25,3705.58,2600,3575.69
A,GC=F,complexbuythedip,95,4/11/25,3705.58,2600,3565.05
A,GC=F,complexbuythedip,96,4/11/25,3705.58,2600,3628.78
A,GC=F,complexbuythedip,97,4/11/25,3705.58,2600,3667.19
A,GC=F,complexbuythedip,98,4/11/25,3705.58,2600,3601.9
A,GC=F,complexbuythedip,99,4/11/25,3705.58,2600,3544.68
A,GC=F,complexbuythedip,100,4/11/25,3705.58,2600,3698.31
B,^IXIC,first,1,4/11/25,9123.12,8000,8996.98
B,^IXIC,first,2,4/11/25,9123.12,8000,9090.75
B,^IXIC,first,3,4/11/25,9123.12,8000,8928.13
B,^IXIC,first,4,4/11/25,9123.12,8000,9425.39
B,^IXIC,first,5,4/11/25,9123.12,8000,9049.44
B,^IXIC,first,6,4/11/25,9123.12,8000,9085.76
B,^IXIC,first,7,4/11/25,9123.12,8000,9232.68
B,^IXIC,first,8,4/11/25,9123.12,8000,9033.88
B,^IXIC,first,9,4/11/25,9123.12,8000,9015.73
B,^IXIC,first,10,4/11/25,9123.12,8000,9011.27
B,^IXIC,first,11,4/11/25,9123.12,8000,8924.74
B,^IXIC,first,12,4/11/25,9123.12,8000,8791.54
B,^IXIC,first,13,4/11/25,9123.12,8000,9366.52
B,^IXIC,first,14,4/11/25,9123.12,8000,9189.83
B,^IXIC,first,15,4/11/25,9123.12,8000,9425.52
B,^IXIC,first,16,4/11/25,9123.12,8000,9143.21
B,^IXIC,first,17,4/11/25,9123.12,8000,9195.95
B,^IXIC,first,18,4/11/25,9123.12,8000,9321.27
B,^IXIC,first,19,4/11/25,9123.12,8000,9269.97
B,^IXIC,first,20,4/11/25,9123.12,8000,9155.07
B,^IXIC,first,21,4/11/25,9123.12,8000,9100.44
B,^IXIC,first,22,4/11/25,9123.12,8000,9296.44
B,^IXIC,first,23,4/11/25,9123.12,8000,9132.49
B,^IXIC,first,24,4/11/25,9123.12,8000,9239.75
B,^IXIC,first,25,4/11/25,9123.12,8000,9155.94
B,^IXIC,first,26,4/11/25,9123.12,8000,9192.29
B,^IXIC,first,27,4/11/25,9123.12,8000,9216.11
B,^IXIC,first,28,4/11/25,9123.12,8000,9365.12
B,^IXIC,first,29,4/11/25,9123.12,8000,9022
B,^IXIC,first,30,4/11/25,9123.12,8000,9209.46
B,^IXIC,first,31,4/11/25,9123.12,8000,9431.03
B,^IXIC,first,32,4/11/25,9123.12,8000,9233.04
B,^IXIC,first,33,4/11/25,9123.12,8000,8907.81
B,^IXIC,first,34,4/11/25,9123.12,8000,9201.05
B,^IXIC,first,35,4/11/25,9123.12,8000,9139.61
B,^IXIC,first,36,4/11/25,9123.12,8000,9051.96
B,^IXIC,first,37,4/11/25,9123.12,8000,8888.89
B,^IXIC,first,38,4/11/25,9123.12,8000,9005.93
B,^IXIC,first,39,4/11/25,9123.12,8000,9235.93
B,^IXIC,first,40,4/11/25,9123.12,8000,9257.59
B,^IXIC,first,41,4/11/25,9123.12,8000,9339.99
B,^IXIC,first,42,4/11/25,9123.12,8000,9454.82
B,^IXIC,first,43,4/11/25,9123.12,8000,8971.22
B,^IXIC,first,44,4/11/25,9123.12,8000,9060.23
B,^IXIC,first,45,4/11/25,9123.12,8000,9472.34
B,^IXIC,first,46,4/11/25,9123.12,8000,9284.49
B,^IXIC,first,47,4/11/25,9123.12,8000,8928.97
B,^IXIC,first,48,4/11/25,9123.12,8000,9122
B,^IXIC,first,49,4/11/25,9123.12,8000,9153.58
B,^IXIC,first,50,4/11/25,9123.12,8000,8902.93
B,^IXIC,first,51,4/11/25,9123.12,8000,8928.76
B,^IXIC,first,52,4/11/25,9123.12,8000,9248.93
B,^IXIC,first,53,4/11/25,9123.12,8000,9218.84
B,^IXIC,first,54,4/11/25,9123.12,8000,8834.07
B,^IXIC,first,55,4/11/25,9123.12,8000,9116.41
B,^IXIC,first,56,4/11/25,9123.12,8000,9023.36
B,^IXIC,first,57,4/11/25,9123.12,8000,8840.05
B,^IXIC,first,58,4/11/25,9123.12,8000,9012.24
B,^IXIC,first,59,4/11/25,9123.12,8000,9255.32
B,^IXIC,first,60,4/11/25,9123.12,8000,9356.91
B,^IXIC,first,61,4/11/25,9123.12,8000,9182.84
B,^IXIC,first,62,4/11/25,9123.12,8000,9264.04
B,^IXIC,first,63,4/11/25,9123.12,8000,9248.87
B,^IXIC,first,64,4/11/25,9123.12,8000,9366
B,^IXIC,first,65,4/11/25,9123.12,8000,9011.05
B,^IXIC,first,66,4/11/25,9123.12,8000,9184.32
B,^IXIC,first,67,4/11/25,9123.12,8000,9220.13
B,^IXIC,first,68,4/11/25,9123.12,8000,8914.06
B,^IXIC,first,69,4/11/25,9123.12,8000,8771.27
B,^IXIC,first,70,4/11/25,9123.12,8000,9349.63
B,^IXIC,first,71,4/11/25,9123.12,8000,9239.48
B,^IXIC,first,72,4/11/25,9123.12,8000,9113
B,^IXIC,first,73,4/11/25,9123.12,8000,9052.18
B,^IXIC,first,74,4/11/25,9123.12,8000,9240.75
B,^IXIC,first,75,4/11/25,9123.12,8000,8740.22
B,^IXIC,first,76,4/11/25,9123.12,8000,9304.01
B,^IXIC,first,77,4/11/25,9123.12,8000,9241.97
B,^IXIC,first,78,4/11/25,9123.12,8000,9171.72
B,^IXIC,first,79,4/11/25,9123.12,8000,9252.31
B,^IXIC,first,80,4/11/25,9123.12,8000,8923.69
B,^IXIC,first,81,4/11/25,9123.12,8000,9189.6
B,^IXIC,first,82,4/11/25,9123.12,8000,9273.83
B,^IXIC,first,83,4/11/25,9123.12,8000,9441.59
B,^IXIC,first,84,4/11/25,9123.12,8000,8858.98
B,^IXIC,first,85,4/11/25,9123.12,8000,8983.81
B,^IXIC,first,86,4/11/25,9123.12,8000,9233
B,^IXIC,first,87,4/11/25,9123.12,8000,9233.76
B,^IXIC,first,88,4/11/25,9123.12,8000,9254.32
B,^IXIC,first,89,4/11/25,9123.12,8000,9179.29
B,^IXIC,first,90,4/11/25,9123.12,8000,8896.31
B,^IXIC,first,91,4/11/25,9123.12,8000,8923.03
B,^IXIC,first,92,4/11/25,9123.12,8000,9085.99
B,^IXIC,first,93,4/11/25,9123.12,8000,9043.01
B,^IXIC,first,94,4/11/25,9123.12,8000,9085.69
B,^IXIC,first,95,4/11/25,9123.12,8000,9061.04
B,^IXIC,first,96,4/11/25,9123.12,8000,9283.01
B,^IXIC,first,97,4/11/25,9123.12,8000,9312.9
B,^IXIC,first,98,4/11/25,9123.12,8000,9034.84
B,^IXIC,first,99,4/11/25,9123.12,8000,8996.75
B,^IXIC,first,100,4/11/25,9123.12,8000,9265.46
B,GC=F,first,1,4/11/25,11766.69,8000,11753.97
B,GC=F,first,2,4/11/25,11766.69,8000,11589.83
B,GC=F,first,3,4/11/25,11766.69,8000,11420.26
B,GC=F,first,4,4/11/25,11766.69,8000,12066.63
B,GC=F,first,5,4/11/25,11766.69,8000,11835.38
B,GC=F,first,6,4/11/25,11766.69,8000,11665.24
B,GC=F,first,7,4/11/25,11766.69,8000,11942.32
B,GC=F,first,8,4/11/25,11766.69,8000,11830.2
B,GC=F,first,9,4/11/25,11766.69,8000,11728.88
B,GC=F,first,10,4/11/25,11766.69,8000,11710.47
B,GC=F,first,11,4/11/25,11766.69,8000,11411.38
B,GC=F,first,12,4/11/25,11766.69,8000,11397.94
B,GC=F,first,13,4/11/25,11766.69,8000,12289.11
B,GC=F,first,14,4/11/25,11766.69,8000,11801.68
B,GC=F,first,15,4/11/25,11766.69,8000,12124.58
B,GC=F,first,16,4/11/25,11766.69,8000,11825.24
B,GC=F,first,17,4/11/25,11766.69,8000,12076.73
B,GC=F,first,18,4/11/25,11766.69,8000,12194.26
B,GC=F,first,19,4/11/25,11766.69,8000,11981.52
B,GC=F,first,20,4/11/25,11766.69,8000,11646.55
B,GC=F,first,21,4/11/25,11766.69,8000,11793.17
B,GC=F,first,22,4/11/25,11766.69,8000,12142.64
B,GC=F,first,23,4/11/25,11766.69,8000,11920.5
B,GC=F,first,24,4/11/25,11766.69,8000,12169.05
B,GC=F,first,25,4/11/25,11766.69,8000,11750.46
B,GC=F,first,26,4/11/25,11766.69,8000,11909.84
B,GC=F,first,27,4/11/25,11766.69,8000,11930.22
B,GC=F,first,28,4/11/25,11766.69,8000,12109.47
B,GC=F,first,29,4/11/25,11766.69,8000,11418.93
B,GC=F,first,30,4/11/25,11766.69,8000,11686.94
B,GC=F,first,31,4/11/25,11766.69,8000,12044.38
B,GC=F,first,32,4/11/25,11766.69,8000,11840.49
B,GC=F,first,33,4/11/25,11766.69,8000,11430.86
B,GC=F,first,34,4/11/25,11766.69,8000,11902.57
B,GC=F,first,35,4/11/25,11766.69,8000,11801.7
B,GC=F,first,36,4/11/25,11766.69,8000,11742.79
B,GC=F,first,37,4/11/25,11766.69,8000,11598.27
B,GC=F,first,38,4/11/25,11766.69,8000,11628.36
B,GC=F,first,39,4/11/25,11766.69,8000,12013.52
B,GC=F,first,40,4/11/25,11766.69,8000,11929.86
B,GC=F,first,41,4/11/25,11766.69,8000,11961.81
B,GC=F,first,42,4/11/25,11766.69,8000,12141.91
B,GC=F,first,43,4/11/25,11766.69,8000,11474.78
B,GC=F,first,44,4/11/25,11766.69,8000,11756.64
B,GC=F,first,45,4/11/25,11766.69,8000,12314.01
B,GC=F,first,46,4/11/25,11766.69,8000,11798.19
B,GC=F,first,47,4/11/25,11766.69,8000,11365.91
B,GC=F,first,48,4/11/25,11766.69,8000,11933.17
B,GC=F,first,49,4/11/25,11766.69,8000,11848.79
B,GC=F,first,50,4/11/25,11766.69,8000,11667.38
B,GC=F,first,51,4/11/25,11766.69,8000,11460.51
B,GC=F,first,52,4/11/25,11766.69,8000,11966.87
B,GC=F,first,53,4/11/25,11766.69,8000,12019.67
B,GC=F,first,54,4/11/25,11766.69,8000,11302.31
B,GC=F,first,55,4/11/25,11766.69,8000,11866.55
B,GC=F,first,56,4/11/25,11766.69,8000,11496.82
B,GC=F,first,57,4/11/25,11766.69,8000,11198.66
B,GC=F,first,58,4/11/25,11766.69,8000,11853.92
B,GC=F,first,59,4/11/25,11766.69,8000,11897.49
B,GC=F,first,60,4/11/25,11766.69,8000,12149.15
B,GC=F,first,61,4/11/25,11766.69,8000,11783.69
B,GC=F,first,62,4/11/25,11766.69,8000,11961.41
B,GC=F,first,63,4/11/25,11766.69,8000,12042.25
B,GC=F,first,64,4/11/25,11766.69,8000,12139.51
B,GC=F,first,65,4/11/25,11766.69,8000,11593.33
B,GC=F,first,66,4/11/25,11766.69,8000,11819.63
B,GC=F,first,67,4/11/25,11766.69,8000,11901.99
B,GC=F,first,68,4/11/25,11766.69,8000,11526.41
B,GC=F,first,69,4/11/25,11766.69,8000,11344.38
B,GC=F,first,70,4/11/25,11766.69,8000,12035.01
B,GC=F,first,71,4/11/25,11766.69,8000,12090.57
B,GC=F,first,72,4/11/25,11766.69,8000,11858.2
B,GC=F,first,73,4/11/25,11766.69,8000,11612.09
B,GC=F,first,74,4/11/25,11766.69,8000,11996.36
B,GC=F,first,75,4/11/25,11766.69,8000,11347.84
B,GC=F,first,76,4/11/25,11766.69,8000,11978.43
B,GC=F,first,77,4/11/25,11766.69,8000,12080.87
B,GC=F,first,78,4/11/25,11766.69,8000,11750.53
B,GC=F,first,79,4/11/25,11766.69,8000,11915.53
B,GC=F,first,80,4/11/25,11766.69,8000,11478.37
B,GC=F,first,81,4/11/25,11766.69,8000,11845.23
B,GC=F,first,82,4/11/25,11766.69,8000,11867.6
B,GC=F,first,83,4/11/25,11766.69,8000,12257.6
B,GC=F,first,84,4/11/25,11766.69,8000,11497.48
B,GC=F,first,85,4/11/25,11766.69,8000,11558.12
B,GC=F,first,86,4/11/25,11766.69,8000,11921.79
B,GC=F,first,87,4/11/25,11766.69,8000,11947.58
B,GC=F,first,88,4/11/25,11766.69,8000,12102.73
B,GC=F,first,89,4/11/25,11766.69,8000,11907.71
B,GC=F,first,90,4/11/25,11766.69,8000,11393.49
B,GC=F,first,91,4/11/25,11766.69,8000,11464.13
B,GC=F,first,92,4/11/25,11766.69,8000,11605.12
B,GC=F,first,93,4/11/25,11766.69,8000,11769.83
B,GC=F,first,94,4/11/25,11766.69,8000,11755.54
B,GC=F,first,95,4/11/25,11766.69,8000,11728.96
B,GC=F,first,96,4/11/25,11766.69,8000,11888.27
B,GC=F,first,97,4/11/25,11766.69,8000,11984.3
B,GC=F,first,98,4/11/25,11766.69,8000,11821.08
B,GC=F,first,99,4/11/25,11766.69,8000,11678.04
B,GC=F,first,100,4/11/25,11766.69,8000,12062.09
B,^IXIC,losing,1,4/11/25,9142.67,8000,8996.98
B,^IXIC,losing,2,4/11/25,9142.67,8000,9090.75
B,^IXIC,losing,3,4/11/25,9142.67,8000,8928.13
B,^IXIC,losing,4,4/11/25,9142.67,8000,9425.39
B,^IXIC,losing,5,4/11/25,9142.67,8000,9049.44
B,^IXIC,losing,6,4/11/25,9142.67,8000,9085.76
B,^IXIC,losing,7,4/11/25,9142.67,8000,9232.68
B,^IXIC,losing,8,4/11/25,9142.67,8000,9033.88
B,^IXIC,losing,9,4/11/25,9142.67,8000,9015.73
B,^IXIC,losing,10,4/11/25,9142.67,8000,9011.27
B,^IXIC,losing,11,4/11/25,9142.67,8000,8924.74
B,^IXIC,losing,12,4/11/25,9142.67,8000,8791.54
B,^IXIC,losing,13,4/11/25,9142.67,8000,9366.52
B,^IXIC,losing,14,4/11/25,9142.67,8000,9189.83
B,^IXIC,losing,15,4/11/25,9142.67,8000,9425.52
B,^IXIC,losing,16,4/11/25,9142.67,8000,9143.21
B,^IXIC,losing,17,4/11/25,9142.67,8000,9195.95
B,^IXIC,losing,18,4/11/25,9142.67,8000,9321.27
B,^IXIC,losing,19,4/11/25,9142.67,8000,9269.97
B,^IXIC,losing,20,4/11/25,9142.67,8000,9155.07
B,^IXIC,losing,21,4/11/25,9142.67,8000,9100.44
B,^IXIC,losing,22,4/11/25,9142.67,8000,9296.44
B,^IXIC,losing,23,4/11/25,9142.67,8000,9132.49
B,^IXIC,losing,24,4/11/25,9142.67,8000,9239.75
B,^IXIC,losing,25,4/11/25,9142.67,8000,9155.94
B,^IXIC,losing,26,4/11/25,9142.67,8000,9192.29
B,^IXIC,losing,27,4/11/25,9142.67,8000,9216.11
B,^IXIC,losing,28,4/11/25,9142.67,8000,9365.12
B,^IXIC,losing,29,4/11/25,9142.67,8000,9022
B,^IXIC,losing,30,4/11/25,9142.67,8000,9209.46
B,^IXIC,losing,31,4/11/25,9142.67,8000,9431.03
B,^IXIC,losing,32,4/11/25,9142.67,8000,9233.04
B,^IXIC,losing,33,4/11/25,9142.67,8000,8907.81
B,^IXIC,losing,34,4/11/25,9142.67,8000,9201.05
B,^IXIC,losing,35,4/11/25,9142.67,8000,9139.61
B,^IXIC,losing,36,4/11/25,9142.67,8000,9051.96
B,^IXIC,losing,37,4/11/25,9142.67,8000,8888.89
B,^IXIC,losing,38,4/11/25,9142.67,8000,9005.93
B,^IXIC,losing,39,4/11/25,9142.67,8000,9235.93
B,^IXIC,losing,40,4/11/25,9142.67,8000,9257.59
B,^IXIC,losing,41,4/11/25,9142.67,8000,9339.99
B,^IXIC,losing,42,4/11/25,9142.67,8000,9454.82
B,^IXIC,losing,43,4/11/25,9142.67,8000,8971.22
B,^IXIC,losing,44,4/11/25,9142.67,8000,9060.23
B,^IXIC,losing,45,4/11/25,9142.67,8000,9472.34
B,^IXIC,losing,46,4/11/25,9142.67,8000,9284.49
B,^IXIC,losing,47,4/11/25,9142.67,8000,8928.97
B,^IXIC,losing,48,4/11/25,9142.67,8000,9122
B,^IXIC,losing,49,4/11/25,9142.67,8000,9153.58
B,^IXIC,losing,50,4/11/25,9142.67,8000,8902.93
B,^IXIC,losing,51,4/11/25,9142.67,8000,8928.76
B,^IXIC,losing,52,4/11/25,9142.67,8000,9248.93
B,^IXIC,losing,53,4/11/25,9142.67,8000,9218.84
B,^IXIC,losing,54,4/11/25,9142.67,8000,8834.07
B,^IXIC,losing,55,4/11/25,9142.67,8000,9116.41
B,^IXIC,losing,56,4/11/25,9142.67,8000,9023.36
B,^IXIC,losing,57,4/11/25,9142.67,8000,8840.05
B,^IXIC,losing,58,4/11/25,9142.67,8000,9012.24
B,^IXIC,losing,59,4/11/25,9142.67,8000,9255.32
B,^IXIC,losing,60,4/11/25,9142.67,8000,9356.91
B,^IXIC,losing,61,4/11/25,9142.67,8000,9182.84
B,^IXIC,losing,62,4/11/25,9142.67,8000,9264.04
B,^IXIC,losing,63,4/11/25,9142.67,8000,9248.87
B,^IXIC,losing,64,4/11/25,9142.67,8000,9366
B,^IXIC,losing,65,4/11/25,9142.67,8000,9011.05
B,^IXIC,losing,66,4/11/25,9142.67,8000,9184.32
B,^IXIC,losing,67,4/11/25,9142.67,8000,9220.13
B,^IXIC,losing,68,4/11/25,9142.67,8000,8914.06
B,^IXIC,losing,69,4/11/25,9142.67,8000,8771.27
B,^IXIC,losing,70,4/11/25,9142.67,8000,9349.63
B,^IXIC,losing,71,4/11/25,9142.67,8000,9239.48
B,^IXIC,losing,72,4/11/25,9142.67,8000,9113
B,^IXIC,losing,73,4/11/25,9142.67,8000,9052.18
B,^IXIC,losing,74,4/11/25,9142.67,8000,9240.75
B,^IXIC,losing,75,4/11/25,9142.67,8000,8740.22
B,^IXIC,losing,76,4/11/25,9142.67,8000,9304.01
B,^IXIC,losing,77,4/11/25,9142.67,8000,9241.97
B,^IXIC,losing,78,4/11/25,9142.67,8000,9171.72
B,^IXIC,losing,79,4/11/25,9142.67,8000,9252.31
B,^IXIC,losing,80,4/11/25,9142.67,8000,8923.69
B,^IXIC,losing,81,4/11/25,9142.67,8000,9189.6
B,^IXIC,losing,82,4/11/25,9142.67,8000,9273.83
B,^IXIC,losing,83,4/11/25,9142.67,8000,9441.59
B,^IXIC,losing,84,4/11/25,9142.67,8000,8858.98
B,^IXIC,losing,85,4/11/25,9142.67,8000,8983.81
B,^IXIC,losing,86,4/11/25,9142.67,8000,9233
B,^IXIC,losing,87,4/11/25,9142.67,8000,9233.76
B,^IXIC,losing,88,4/11/25,9142.67,8000,9254.32
B,^IXIC,losing,89,4/11/25,9142.67,8000,9179.29
B,^IXIC,losing,90,4/11/25,9142.67,8000,8896.31
B,^IXIC,losing,91,4/11/25,9142.67,8000,8923.03
B,^IXIC,losing,92,4/11/25,9142.67,8000,9085.99
B,^IXIC,losing,93,4/11/25,9142.67,8000,9043.01
B,^IXIC,losing,94,4/11/25,9142.67,8000,9085.69
B,^IXIC,losing,95,4/11/25,9142.67,8000,9061.04
B,^IXIC,losing,96,4/11/25,9142.67,8000,9283.01
B,^IXIC,losing,97,4/11/25,9142.67,8000,9312.9
B,^IXIC,losing,98,4/11/25,9142.67,8000,9034.84
B,^IXIC,losing,99,4/11/25,9142.67,8000,8996.75
B,^IXIC,losing,100,4/11/25,9142.67,8000,9265.46
B,GC=F,losing,1,4/11/25,11895.87,8000,11753.97
B,GC=F,losing,2,4/11/25,11895.87,8000,11589.83
B,GC=F,losing,3,4/11/25,11895.87,8000,11420.26
B,GC=F,losing,4,4/11/25,11895.87,8000,12066.63
B,GC=F,losing,5,4/11/25,11895.87,8000,11835.38
B,GC=F,losing,6,4/11/25,11895.87,8000,11665.24
B,GC=F,losing,7,4/11/25,11895.87,8000,11942.32
B,GC=F,losing,8,4/11/25,11895.87,8000,11830.2
B,GC=F,losing,9,4/11/25,11895.87,8000,11728.88
B,GC=F,losing,10,4/11/25,11895.87,8000,11710.47
B,GC=F,losing,11,4/11/25,11895.87,8000,11411.38
B,GC=F,losing,12,4/11/25,11895.87,8000,11397.94
B,GC=F,losing,13,4/11/25,11895.87,8000,12289.11
B,GC=F,losing,14,4/11/25,11895.87,8000,11801.68
B,GC=F,losing,15,4/11/25,11895.87,8000,12124.58
B,GC=F,losing,16,4/11/25,11895.87,8000,11825.24
B,GC=F,losing,17,4/11/25,11895.87,8000,12076.73
B,GC=F,losing,18,4/11/25,11895.87,8000,12194.26
B,GC=F,losing,19,4/11/25,11895.87,8000,11981.52
B,GC=F,losing,20,4/11/25,11895.87,8000,11646.55
B,GC=F,losing,21,4/11/25,11895.87,8000,11793.17
B,GC=F,losing,22,4/11/25,11895.87,8000,12142.64
B,GC=F,losing,23,4/11/25,11895.87,8000,11920.5
B,GC=F,losing,24,4/11/25,11895.87,8000,12169.05
B,GC=F,losing,25,4/11/25,11895.87,8000,11750.46
B,GC=F,losing,26,4/11/25,11895.87,8000,11909.84
B,GC=F,losing,27,4/11/25,11895.87,8000,11930.22
B,GC=F,losing,28,4/11/25,11895.87,8000,12109.47
B,GC=F,losing,29,4/11/25,11895.87,8000,11418.93
B,GC=F,losing,30,4/11/25,11895.87,8000,11686.94
B,GC=F,losing,31,4/11/25,11895.87,8000,12044.38
B,GC=F,losing,32,4/11/25,11895.87,8000,11840.49
B,GC=F,losing,33,4/11/25,11895.87,8000,11430.86
B,GC=F,losing,34,4/11/25,11895.87,8000,11902.57
B,GC=F,losing,35,4/11/25,11895.87,8000,11801.7
B,GC=F,losing,36,4/11/25,11895.87,8000,11742.79
B,GC=F,losing,37,4/11/25,11895.87,8000,11598.27
B,GC=F,losing,38,4/11/25,11895.87,8000,11628.36
B,GC=F,losing,39,4/11/25,11895.87,8000,12013.52
B,GC=F,losing,40,4/11/25,11895.87,8000,11929.86
B,GC=F,losing,41,4/11/25,11895.87,8000,11961.81
B,GC=F,losing,42,4/11/25,11895.87,8000,12141.91
B,GC=F,losing,43,4/11/25,11895.87,8000,11474.78
B,GC=F,losing,44,4/11/25,11895.87,8000,11756.64
B,GC=F,losing,45,4/11/25,11895.87,8000,12314.01
B,GC=F,losing,46,4/11/25,11895.87,8000,11798.19
B,GC=F,losing,47,4/11/25,11895.87,8000,11365.91
B,GC=F,losing,48,4/11/25,11895.87,8000,11933.17
B,GC=F,losing,49,4/11/25,11895.87,8000,11848.79
B,GC=F,losing,50,4/11/25,11895.87,8000,11667.38
B,GC=F,losing,51,4/11/25,11895.87,8000,11460.51
B,GC=F,losing,52,4/11/25,11895.87,8000,11966.87
B,GC=F,losing,53,4/11/25,11895.87,8000,12019.67
B,GC=F,losing,54,4/11/25,11895.87,8000,11302.31
B,GC=F,losing,55,4/11/25,11895.87,8000,11866.55
B,GC=F,losing,56,4/11/25,11895.87,8000,11496.82
B,GC=F,losing,57,4/11/25,11895.87,8000,11198.66
B,GC=F,losing,58,4/11/25,11895.87,8000,11853.92
B,GC=F,losing,59,4/11/25,11895.87,8000,11897.49
B,GC=F,losing,60,4/11/25,11895.87,8000,12149.15
B,GC=F,losing,61,4/11/25,11895.87,8000,11783.69
B,GC=F,losing,62,4/11/25,11895.87,8000,11961.41
B,GC=F,losing,63,4/11/25,11895.87,8000,12042.25
B,GC=F,losing,64,4/11/25,11895.87,8000,12139.51
B,GC=F,losing,65,4/11/25,11895.87,8000,11593.33
B,GC=F,losing,66,4/11/25,11895.87,8000,11819.63
B,GC=F,losing,67,4/11/25,11895.87,8000,11901.99
B,GC=F,losing,68,4/11/25,11895.87,8000,11526.41
B,GC=F,losing,69,4/11/25,11895.87,8000,11344.38
B,GC=F,losing,70,4/11/25,11895.87,8000,12035.01
B,GC=F,losing,71,4/11/25,11895.87,8000,12090.57
B,GC=F,losing,72,4/11/25,11895.87,8000,11858.2
B,GC=F,losing,73,4/11/25,11895.87,8000,11612.09
B,GC=F,losing,74,4/11/25,11895.87,8000,11996.36
B,GC=F,losing,75,4/11/25,11895.87,8000,11347.84
B,GC=F,losing,76,4/11/25,11895.87,8000,11978.43
B,GC=F,losing,77,4/11/25,11895.87,8000,12080.87
B,GC=F,losing,78,4/11/25,11895.87,8000,11750.53
B,GC=F,losing,79,4/11/25,11895.87,8000,11915.53
B,GC=F,losing,80,4/11/25,11895.87,8000,11478.37
B,GC=F,losing,81,4/11/25,11895.87,8000,11845.23
B,GC=F,losing,82,4/11/25,11895.87,8000,11867.6
B,GC=F,losing,83,4/11/25,11895.87,8000,12257.6
B,GC=F,losing,84,4/11/25,11895.87,8000,11497.48
B,GC=F,losing,85,4/11/25,11895.87,8000,11558.12
B,GC=F,losing,86,4/11/25,11895.87,8000,11921.79
B,GC=F,losing,87,4/11/25,11895.87,8000,11947.58
B,GC=F,losing,88,4/11/25,11895.87,8000,12102.73
B,GC=F,losing,89,4/11/25,11895.87,8000,11907.71
B,GC=F,losing,90,4/11/25,11895.87,8000,11393.49
B,GC=F,losing,91,4/11/25,11895.87,8000,11464.13
B,GC=F,losing,92,4/11/25,11895.87,8000,11605.12
B,GC=F,losing,93,4/11/25,11895.87,8000,11769.83
B,GC=F,losing,94,4/11/25,11895.87,8000,11755.54
B,GC=F,losing,95,4/11/25,11895.87,8000,11728.96
B,GC=F,losing,96,4/11/25,11895.87,8000,11888.27
B,GC=F,losing,97,4/11/25,11895.87,8000,11984.3
B,GC=F,losing,98,4/11/25,11895.87,8000,11821.08
B,GC=F,losing,99,4/11/25,11895.87,8000,11678.04
B,GC=F,losing,100,4/11/25,11895.87,8000,12062.09
B,^IXIC,growing,1,4/11/25,9142.75,8000,8996.98
B,^IXIC,growing,2,4/11/25,9142.75,8000,9090.75
B,^IXIC,growing,3,4/11/25,9142.75,8000,8928.13
B,^IXIC,growing,4,4/11/25,9142.75,8000,9425.39
B,^IXIC,growing,5,4/11/25,9142.75,8000,9049.44
B,^IXIC,growing,6,4/11/25,9142.75,8000,9085.76
B,^IXIC,growing,7,4/11/25,9142.75,8000,9232.68
B,^IXIC,growing,8,4/11/25,9142.75,8000,9033.88
B,^IXIC,growing,9,4/11/25,9142.75,8000,9015.73
B,^IXIC,growing,10,4/11/25,9142.75,8000,9011.27
B,^IXIC,growing,11,4/11/25,9142.75,8000,8924.74
B,^IXIC,growing,12,4/11/25,9142.75,8000,8791.54
B,^IXIC,growing,13,4/11/25,9142.75,8000,9366.52
B,^IXIC,growing,14,4/11/25,9142.75,8000,9189.83
B,^IXIC,growing,15,4/11/25,9142.75,8000,9425.52
B,^IXIC,growing,16,4/11/25,9142.75,8000,9143.21
B,^IXIC,growing,17,4/11/25,9142.75,8000,9195.95
B,^IXIC,growing,18,4/11/25,9142.75,8000,9321.27
B,^IXIC,growing,19,4/11/25,9142.75,8000,9269.97
B,^IXIC,growing,20,4/11/25,9142.75,8000,9155.07
B,^IXIC,growing,21,4/11/25,9142.75,8000,9100.44
B,^IXIC,growing,22,4/11/25,9142.75,8000,9296.44
B,^IXIC,growing,23,4/11/25,9142.75,8000,9132.49
B,^IXIC,growing,24,4/11/25,9142.75,8000,9239.75
B,^IXIC,growing,25,4/11/25,9142.75,8000,9155.94
B,^IXIC,growing,26,4/11/25,9142.75,8000,9192.29
B,^IXIC,growing,27,4/11/25,9142.75,8000,9216.11
B,^IXIC,growing,28,4/11/25,9142.75,8000,9365.12
B,^IXIC,growing,29,4/11/25,9142.75,8000,9022
B,^IXIC,growing,30,4/11/25,9142.75,8000,9209.46
B,^IXIC,growing,31,4/11/25,9142.75,8000,9431.03
B,^IXIC,growing,32,4/11/25,9142.75,8000,9233.04
B,^IXIC,growing,33,4/11/25,9142.75,8000,8907.81
B,^IXIC,growing,34,4/11/25,9142.75,8000,9201.05
B,^IXIC,growing,35,4/11/25,9142.75,8000,9139.61
B,^IXIC,growing,36,4/11/25,9142.75,8000,9051.96
B,^IXIC,growing,37,4/11/25,9142.75,8000,8888.89
B,^IXIC,growing,38,4/11/25,9142.75,8000,9005.93
B,^IXIC,growing,39,4/11/25,9142.75,8000,9235.93
B,^IXIC,growing,40,4/11/25,9142.75,8000,9257.59
B,^IXIC,growing,41,4/11/25,9142.75,8000,9339.99
B,^IXIC,growing,42,4/11/25,9142.75,8000,9454.82
B,^IXIC,growing,43,4/11/25,9142.75,8000,8971.22
B,^IXIC,growing,44,4/11/25,9142.75,8000,9060.23
B,^IXIC,growing,45,4/11/25,9142.75,8000,9472.34
B,^IXIC,growing,46,4/11/25,9142.75,8000,9284.49
B,^IXIC,growing,47,4/11/25,9142.75,8000,8928.97
B,^IXIC,growing,48,4/11/25,9142.75,8000,9122
B,^IXIC,growing,49,4/11/25,9142.75,8000,9153.58
B,^IXIC,growing,50,4/11/25,9142.75,8000,8902.93
B,^IXIC,growing,51,4/11/25,9142.75,8000,8928.76
B,^IXIC,growing,52,4/11/25,9142.75,8000,9248.93
B,^IXIC,growing,53,4/11/25,9142.75,8000,9218.84
B,^IXIC,growing,54,4/11/25,9142.75,8000,8834.07
B,^IXIC,growing,55,4/11/25,9142.75,8000,9116.41
B,^IXIC,growing,56,4/11/25,9142.75,8000,9023.36
B,^IXIC,growing,57,4/11/25,9142.75,8000,8840.05
B,^IXIC,growing,58,4/11/25,9142.75,8000,9012.24
B,^IXIC,growing,59,4/11/25,9142.75,8000,9255.32
B,^IXIC,growing,60,4/11/25,9142.75,8000,9356.91
B,^IXIC,growing,61,4/11/25,9142.75,8000,9182.84
B,^IXIC,growing,62,4/11/25,9142.75,8000,9264.04
B,^IXIC,growing,63,4/11/25,9142.75,8000,9248.87
B,^IXIC,growing,64,4/11/25,9142.75,8000,9366
B,^IXIC,growing,65,4/11/25,9142.75,8000,9011.05
B,^IXIC,growing,66,4/11/25,9142.75,8000,9184.32
B,^IXIC,growing,67,4/11/25,9142.75,8000,9220.13
B,^IXIC,growing,68,4/11/25,9142.75,8000,8914.06
B,^IXIC,growing,69,4/11/25,9142.75,8000,8771.27
B,^IXIC,growing,70,4/11/25,9142.75,8000,9349.63
B,^IXIC,growing,71,4/11/25,9142.75,8000,9239.48
B,^IXIC,growing,72,4/11/25,9142.75,8000,9113
B,^IXIC,growing,73,4/11/25,9142.75,8000,9052.18
B,^IXIC,growing,74,4/11/25,9142.75,8000,9240.75
B,^IXIC,growing,75,4/11/25,9142.75,8000,8740.22
B,^IXIC,growing,76,4/11/25,9142.75,8000,9304.01
B,^IXIC,growing,77,4/11/25,9142.75,8000,9241.97
B,^IXIC,growing,78,4/11/25,9142.75,8000,9171.72
B,^IXIC,growing,79,4/11/25,9142.75,8000,9252.31
B,^IXIC,growing,80,4/11/25,9142.75,8000,8923.69
B,^IXIC,growing,81,4/11/25,9142.75,8000,9189.6
B,^IXIC,growing,82,4/11/25,9142.75,8000,9273.83
B,^IXIC,growing,83,4/11/25,9142.75,8000,9441.59
B,^IXIC,growing,84,4/11/25,9142.75,8000,8858.98
B,^IXIC,growing,85,4/11/25,9142.75,8000,8983.81
B,^IXIC,growing,86,4/11/25,9142.75,8000,9233
B,^IXIC,growing,87,4/11/25,9142.75,8000,9233.76
B,^IXIC,growing,88,4/11/25,9142.75,8000,9254.32
B,^IXIC,growing,89,4/11/25,9142.75,8000,9179.29
B,^IXIC,growing,90,4/11/25,9142.75,8000,8896.31
B,^IXIC,growing,91,4/11/25,9142.75,8000,8923.03
B,^IXIC,growing,92,4/11/25,9142.75,8000,9085.99
B,^IXIC,growing,93,4/11/25,9142.75,8000,9043.01
B,^IXIC,growing,94,4/11/25,9142.75,8000,9085.69
B,^IXIC,growing,95,4/11/25,9142.75,8000,9061.04
B,^IXIC,growing,96,4/11/25,9142.75,8000,9283.01
B,^IXIC,growing,97,4/11/25,9142.75,8000,9312.9
B,^IXIC,growing,98,4/11/25,9142.75,8000,9034.84
B,^IXIC,growing,99,4/11/25,9142.75,8000,8996.75
B,^IXIC,growing,100,4/11/25,9142.75,8000,9265.46
B,GC=F,growing,1,4/11/25,12099.09,8250,11753.97
B,GC=F,growing,2,4/11/25,12099.09,8250,11589.83
B,GC=F,growing,3,4/11/25,12099.09,8250,11420.26
B,GC=F,growing,4,4/11/25,12099.09,8250,12066.63
B,GC=F,growing,5,4/11/25,12099.09,8250,11835.38
B,GC=F,growing,6,4/11/25,12099.09,8250,11665.24
B,GC=F,growing,7,4/11/25,12099.09,8250,11942.32
B,GC=F,growing,8,4/11/25,12099.09,8250,11830.2
B,GC=F,growing,9,4/11/25,12099.09,8250,11728.88
B,GC=F,growing,10,4/11/25,12099.09,8250,11710.47
B,GC=F,growing,11,4/11/25,12099.09,8250,11411.38
B,GC=F,growing,12,4/11/25,12099.09,8250,11397.94
B,GC=F,growing,13,4/11/25,12099.09,8250,12289.11
B,GC=F,growing,14,4/11/25,12099.09,8250,11801.68
B,GC=F,growing,15,4/11/25,12099.09,8250,12124.58
B,GC=F,growing,16,4/11/25,12099.09,8250,11825.24
B,GC=F,growing,17,4/11/25,12099.09,8250,12076.73
B,GC=F,growing,18,4/11/25,12099.09,8250,12194.26
B,GC=F,growing,19,4/11/25,12099.09,8250,11981.52
B,GC=F,growing,20,4/11/25,12099.09,8250,11646.55
B,GC=F,growing,21,4/11/25,12099.09,8250,11793.17
B,GC=F,growing,22,4/11/25,12099.09,8250,12142.64
B,GC=F,growing,23,4/11/25,12099.09,8250,11920.5
B,GC=F,growing,24,4/11/25,12099.09,8250,12169.05
B,GC=F,growing,25,4/11/25,12099.09,8250,11750.46
B,GC=F,growing,26,4/11/25,12099.09,8250,11909.84
B,GC=F,growing,27,4/11/25,12099.09,8250,11930.22
B,GC=F,growing,28,4/11/25,12099.09,8250,12109.47
B,GC=F,growing,29,4/11/25,12099.09,8250,11418.93
B,GC=F,growing,30,4/11/25,12099.09,8250,11686.94
B,GC=F,growing,31,4/11/25,12099.09,8250,12044.38
B,GC=F,growing,32,4/11/25,12099.09,8250,11840.49
B,GC=F,growing,33,4/11/25,12099.09,8250,11430.86
B,GC=F,growing,34,4/11/25,12099.09,8250,11902.57
B,GC=F,growing,35,4/11/25,12099.09,8250,11801.7
B,GC=F,growing,36,4/11/25,12099.09,8250,11742.79
B,GC=F,growing,37,4/11/25,12099.09,8250,11598.27
B,GC=F,growing,38,4/11/25,12099.09,8250,11628.36
B,GC=F,growing,39,4/11/25,12099.09,8250,12013.52
B,GC=F,growing,40,4/11/25,12099.09,8250,11929.86
B,GC=F,growing,41,4/11/25,12099.09,8250,11961.81
B,GC=F,growing,42,4/11/25,12099.09,8250,12141.91
B,GC=F,growing,43,4/11/25,12099.09,8250,11474.78
B,GC=F,growing,44,4/11/25,12099.09,8250,11756.64
B,GC=F,growing,45,4/11/25,12099.09,8250,12314.01
B,GC=F,growing,46,4/11/25,12099.09,8250,11798.19
B,GC=F,growing,47,4/11/25,12099.09,8250,11365.91
B,GC=F,growing,48,4/11/25,12099.09,8250,11933.17
B,GC=F,growing,49,4/11/25,12099.09,8250,11848.79
B,GC=F,growing,50,4/11/25,12099.09,8250,11667.38
B,GC=F,growing,51,4/11/25,12099.09,8250,11460.51
B,GC=F,growing,52,4/11/25,12099.09,8250,11966.87
B,GC=F,growing,53,4/11/25,12099.09,8250,12019.67
B,GC=F,growing,54,4/11/25,12099.09,8250,11302.31
B,GC=F,growing,55,4/11/25,12099.09,8250,11866.55
B,GC=F,growing,56,4/11/25,12099.09,8250,11496.82
B,GC=F,growing,57,4/11/25,12099.09,8250,11198.66
B,GC=F,growing,58,4/11/25,12099.09,8250,11853.92
B,GC=F,growing,59,4/11/25,12099.09,8250,11897.49
B,GC=F,growing,60,4/11/25,12099.09,8250,12149.15
B,GC=F,growing,61,4/11/25,12099.09,8250,11783.69
B,GC=F,growing,62,4/11/25,12099.09,8250,11961.41
B,GC=F,growing,63,4/11/25,12099.09,8250,12042.25
B,GC=F,growing,64,4/11/25,12099.09,8250,12139.51
B,GC=F,growing,65,4/11/25,12099.09,8250,11593.33
B,GC=F,growing,66,4/11/25,12099.09,8250,11819.63
B,GC=F,growing,67,4/11/25,12099.09,8250,11901.99
B,GC=F,growing,68,4/11/25,12099.09,8250,11526.41
B,GC=F,growing,69,4/11/25,12099.09,8250,11344.38
B,GC=F,growing,70,4/11/25,12099.09,8250,12035.01
B,GC=F,growing,71,4/11/25,12099.09,8250,12090.57
B,GC=F,growing,72,4/11/25,12099.09,8250,11858.2
B,GC=F,growing,73,4/11/25,12099.09,8250,11612.09
B,GC=F,growing,74,4/11/25,12099.09,8250,11996.36
B,GC=F,growing,75,4/11/25,12099.09,8250,11347.84
B,GC=F,growing,76,4/11/25,12099.09,8250,11978.43
B,GC=F,growing,77,4/11/25,12099.09,8250,12080.87
B,GC=F,growing,78,4/11/25,12099.09,8250,11750.53
B,GC=F,growing,79,4/11/25,12099.09,8250,11915.53
B,GC=F,growing,80,4/11/25,12099.09,8250,11478.37
B,GC=F,growing,81,4/11/25,12099.09,8250,11845.23
B,GC=F,growing,82,4/11/25,12099.09,8250,11867.6
B,GC=F,growing,83,4/11/25,12099.09,8250,12257.6
B,GC=F,growing,84,4/11/25,12099.09,8250,11497.48
B,GC=F,growing,85,4/11/25,12099.09,8250,11558.12
B,GC=F,growing,86,4/11/25,12099.09,8250,11921.79
B,GC=F,growing,87,4/11/25,12099.09,8250,11947.58
B,GC=F,growing,88,4/11/25,12099.09,8250,12102.73
B,GC=F,growing,89,4/11/25,12099.09,8250,11907.71
B,GC=F,growing,90,4/11/25,12099.09,8250,11393.49
B,GC=F,growing,91,4/11/25,12099.09,8250,11464.13
B,GC=F,growing,92,4/11/25,12099.09,8250,11605.12
B,GC=F,growing,93,4/11/25,12099.09,8250,11769.83
B,GC=F,growing,94,4/11/25,12099.09,8250,11755.54
B,GC=F,growing,95,4/11/25,12099.09,8250,11728.96
B,GC=F,growing,96,4/11/25,12099.09,8250,11888.27
B,GC=F,growing,97,4/11/25,12099.09,8250,11984.3
B,GC=F,growing,98,4/11/25,12099.09,8250,11821.08
B,GC=F,growing,99,4/11/25,12099.09,8250,11678.04
B,GC=F,growing,100,4/11/25,12099.09,8250,12062.09
B,^IXIC,buythedip,1,4/11/25,2759.02,2000,8996.98
B,^IXIC,buythedip,2,4/11/25,2759.02,2000,9090.75
B,^IXIC,buythedip,3,4/11/25,2759.02,2000,8928.13
B,^IXIC,buythedip,4,4/11/25,2759.02,2000,9425.39
B,^IXIC,buythedip,5,4/11/25,2759.02,2000,9049.44
B,^IXIC,buythedip,6,4/11/25,2759.02,2000,9085.76
B,^IXIC,buythedip,7,4/11/25,2759.02,2000,9232.68
B,^IXIC,buythedip,8,4/11/25,2759.02,2000,9033.88
B,^IXIC,buythedip,9,4/11/25,2759.02,2000,9015.73
B,^IXIC,buythedip,10,4/11/25,2759.02,2000,9011.27
B,^IXIC,buythedip,11,4/11/25,2759.02,2000,8924.74
B,^IXIC,buythedip,12,4/11/25,2759.02,2000,8791.54
B,^IXIC,buythedip,13,4/11/25,2759.02,2000,9366.52
B,^IXIC,buythedip,14,4/11/25,2759.02,2000,9189.83
B,^IXIC,buythedip,15,4/11/25,2759.02,2000,9425.52
B,^IXIC,buythedip,16,4/11/25,2759.02,2000,9143.21
B,^IXIC,buythedip,17,4/11/25,2759.02,2000,9195.95
B,^IXIC,buythedip,18,4/11/25,2759.02,2000,9321.27
B,^IXIC,buythedip,19,4/11/25,2759.02,2000,9269.97
B,^IXIC,buythedip,20,4/11/25,2759.02,2000,9155.07
B,^IXIC,buythedip,21,4/11/25,2759.02,2000,9100.44
B,^IXIC,buythedip,22,4/11/25,2759.02,2000,9296.44
B,^IXIC,buythedip,23,4/11/25,2759.02,2000,9132.49
B,^IXIC,buythedip,24,4/11/25,2759.02,2000,9239.75
B,^IXIC,buythedip,25,4/11/25,2759.02,2000,9155.94
B,^IXIC,buythedip,26,4/11/25,2759.02,2000,9192.29
B,^IXIC,buythedip,27,4/11/25,2759.02,2000,9216.11
B,^IXIC,buythedip,28,4/11/25,2759.02,2000,9365.12
B,^IXIC,buythedip,29,4/11/25,2759.02,2000,9022
B,^IXIC,buythedip,30,4/11/25,2759.02,2000,9209.46
B,^IXIC,buythedip,31,4/11/25,2759.02,2000,9431.03
B,^IXIC,buythedip,32,4/11/25,2759.02,2000,9233.04
B,^IXIC,buythedip,33,4/11/25,2759.02,2000,8907.81
B,^IXIC,buythedip,34,4/11/25,2759.02,2000,9201.05
B,^IXIC,buythedip,35,4/11/25,2759.02,2000,9139.61
B,^IXIC,buythedip,36,4/11/25,2759.02,2000,9051.96
B,^IXIC,buythedip,37,4/11/25,2759.02,2000,8888.89
B,^IXIC,buythedip,38,4/11/25,2759.02,2000,9005.93
B,^IXIC,buythedip,39,4/11/25,2759.02,2000,9235.93
B,^IXIC,buythedip,40,4/11/25,2759.02,2000,9257.59
B,^IXIC,buythedip,41,4/11/25,2759.02,2000,9339.99
B,^IXIC,buythedip,42,4/11/25,2759.02,2000,9454.82
B,^IXIC,buythedip,43,4/11/25,2759.02,2000,8971.22
B,^IXIC,buythedip,44,4/11/25,2759.02,2000,9060.23
B,^IXIC,buythedip,45,4/11/25,2759.02,2000,9472.34
B,^IXIC,buythedip,46,4/11/25,2759.02,2000,9284.49
B,^IXIC,buythedip,47,4/11/25,2759.02,2000,8928.97
B,^IXIC,buythedip,48,4/11/25,2759.02,2000,9122
B,^IXIC,buythedip,49,4/11/25,2759.02,2000,9153.58
B,^IXIC,buythedip,50,4/11/25,2759.02,2000,8902.93
B,^IXIC,buythedip,51,4/11/25,2759.02,2000,8928.76
B,^IXIC,buythedip,52,4/11/25,2759.02,2000,9248.93
B,^IXIC,buythedip,53,4/11/25,2759.02,2000,9218.84
B,^IXIC,buythedip,54,4/11/25,2759.02,2000,8834.07
B,^IXIC,buythedip,55,4/11/25,2759.02,2000,9116.41
B,^IXIC,buythedip,56,4/11/25,2759.02,2000,9023.36
B,^IXIC,buythedip,57,4/11/25,2759.02,2000,8840.05
B,^IXIC,buythedip,58,4/11/25,2759.02,2000,9012.24
B,^IXIC,buythedip,59,4/11/25,2759.02,2000,9255.32
B,^IXIC,buythedip,60,4/11/25,2759.02,2000,9356.91
B,^IXIC,buythedip,61,4/11/25,2759.02,2000,9182.84
B,^IXIC,buythedip,62,4/11/25,2759.02,2000,9264.04
B,^IXIC,buythedip,63,4/11/25,2759.02,2000,9248.87
B,^IXIC,buythedip,64,4/11/25,2759.02,2000,9366
B,^IXIC,buythedip,65,4/11/25,2759.02,2000,9011.05
B,^IXIC,buythedip,66,4/11/25,2759.02,2000,9184.32
B,^IXIC,buythedip,67,4/11/25,2759.02,2000,9220.13
B,^IXIC,buythedip,68,4/11/25,2759.02,2000,8914.06
B,^IXIC,buythedip,69,4/11/25,2759.02,2000,8771.27
B,^IXIC,buythedip,70,4/11/25,2759.02,2000,9349.63
B,^IXIC,buythedip,71,4/11/25,2759.02,2000,9239.48
B,^IXIC,buythedip,72,4/11/25,2759.02,2000,9113
B,^IXIC,buythedip,73,4/11/25,2759.02,2000,9052.18
B,^IXIC,buythedip,74,4/11/25,2759.02,2000,9240.75
B,^IXIC,buythedip,75,4/11/25,2759.02,2000,8740.22
B,^IXIC,buythedip,76,4/11/25,2759.02,2000,9304.01
B,^IXIC,buythedip,77,4/11/25,2759.02,2000,9241.97
B,^IXIC,buythedip,78,4/11/25,2759.02,2000,9171.72
B,^IXIC,buythedip,79,4/11/25,2759.02,2000,9252.31
B,^IXIC,buythedip,80,4/11/25,2759.02,2000,8923.69
B,^IXIC,buythedip,81,4/11/25,2759.02,2000,9189.6
B,^IXIC,buythedip,82,4/11/25,2759.02,2000,9273.83
B,^IXIC,buythedip,83,4/11/25,2759.02,2000,9441.59
B,^IXIC,buythedip,84,4/11/25,2759.02,2000,8858.98
B,^IXIC,buythedip,85,4/11/25,2759.02,2000,8983.81
B,^IXIC,buythedip,86,4/11/25,2759.02,2000,9233
B,^IXIC,buythedip,87,4/11/25,2759.02,2000,9233.76
B,^IXIC,buythedip,88,4/11/25,2759.02,2000,9254.32
B,^IXIC,buythedip,89,4/11/25,2759.02,2000,9179.29
B,^IXIC,buythedip,90,4/11/25,2759.02,2000,8896.31
B,^IXIC,buythedip,91,4/11/25,2759.02,2000,8923.03
B,^IXIC,buythedip,92,4/11/25,2759.02,2000,9085.99
B,^IXIC,buythedip,93,4/11/25,2759.02,2000,9043.01
B,^IXIC,buythedip,94,4/11/25,2759.02,2000,9085.69
B,^IXIC,buythedip,95,4/11/25,2759.02,2000,9061.04
B,^IXIC,buythedip,96,4/11/25,2759.02,2000,9283.01
B,^IXIC,buythedip,97,4/11/25,2759.02,2000,9312.9
B,^IXIC,buythedip,98,4/11/25,2759.02,2000,9034.84
B,^IXIC,buythedip,99,4/11/25,2759.02,2000,8996.75
B,^IXIC,buythedip,100,4/11/25,2759.02,2000,9265.46
B,GC=F,buythedip,1,4/11/25,3643.51,2250,11753.97
B,GC=F,buythedip,2,4/11/25,3643.51,2250,11589.83
B,GC=F,buythedip,3,4/11/25,3643.51,2250,11420.26
B,GC=F,buythedip,4,4/11/25,3643.51,2250,12066.63
B,GC=F,buythedip,5,4/11/25,3643.51,2250,11835.38
B,GC=F,buythedip,6,4/11/25,3643.51,2250,11665.24
B,GC=F,buythedip,7,4/11/25,3643.51,2250,11942.32
B,GC=F,buythedip,8,4/11/25,3643.51,2250,11830.2
B,GC=F,buythedip,9,4/11/25,3643.51,2250,11728.88
B,GC=F,buythedip,10,4/11/25,3643.51,2250,11710.47
B,GC=F,buythedip,11,4/11/25,3643.51,2250,11411.38
B,GC=F,buythedip,12,4/11/25,3643.51,2250,11397.94
B,GC=F,buythedip,13,4/11/25,3643.51,2250,12289.11
B,GC=F,buythedip,14,4/11/25,3643.51,2250,11801.68
B,GC=F,buythedip,15,4/11/25,3643.51,2250,12124.58
B,GC=F,buythedip,16,4/11/25,3643.51,2250,11825.24
B,GC=F,buythedip,17,4/11/25,3643.51,2250,12076.73
B,GC=F,buythedip,18,4/11/25,3643.51,2250,12194.26
B,GC=F,buythedip,19,4/11/25,3643.51,2250,11981.52
B,GC=F,buythedip,20,4/11/25,3643.51,2250,11646.55
B,GC=F,buythedip,21,4/11/25,3643.51,2250,11793.17
B,GC=F,buythedip,22,4/11/25,3643.51,2250,12142.64
B,GC=F,buythedip,23,4/11/25,3643.51,2250,11920.5
B,GC=F,buythedip,24,4/11/25,3643.51,2250,12169.05
B,GC=F,buythedip,25,4/11/25,3643.51,2250,11750.46
B,GC=F,buythedip,26,4/11/25,3643.51,2250,11909.84
B,GC=F,buythedip,27,4/11/25,3643.51,2250,11930.22
B,GC=F,buythedip,28,4/11/25,3643.51,2250,12109.47
B,GC=F,buythedip,29,4/11/25,3643.51,2250,11418.93
B,GC=F,buythedip,30,4/11/25,3643.51,2250,11686.94
B,GC=F,buythedip,31,4/11/25,3643.51,2250,12044.38
B,GC=F,buythedip,32,4/11/25,3643.51,2250,11840.49
B,GC=F,buythedip,33,4/11/25,3643.51,2250,11430.86
B,GC=F,buythedip,34,4/11/25,3643.51,2250,11902.57
B,GC=F,buythedip,35,4/11/25,3643.51,2250,11801.7
B,GC=F,buythedip,36,4/11/25,3643.51,2250,11742.79
B,GC=F,buythedip,37,4/11/25,3643.51,2250,11598.27
B,GC=F,buythedip,38,4/11/25,3643.51,2250,11628.36
B,GC=F,buythedip,39,4/11/25,3643.51,2250,12013.52
B,GC=F,buythedip,40,4/11/25,3643.51,2250,11929.86
B,GC=F,buythedip,41,4/11/25,3643.51,2250,11961.81
B,GC=F,buythedip,42,4/11/25,3643.51,2250,12141.91
B,GC=F,buythedip,43,4/11/25,3643.51,2250,11474.78
B,GC=F,buythedip,44,4/11/25,3643.51,2250,11756.64
B,GC=F,buythedip,45,4/11/25,3643.51,2250,12314.01
B,GC=F,buythedip,46,4/11/25,3643.51,2250,11798.19
B,GC=F,buythedip,47,4/11/25,3643.51,2250,11365.91
B,GC=F,buythedip,48,4/11/25,3643.51,2250,11933.17
B,GC=F,buythedip,49,4/11/25,3643.51,2250,11848.79
B,GC=F,buythedip,50,4/11/25,3643.51,2250,11667.38
B,GC=F,buythedip,51,4/11/25,3643.51,2250,11460.51
B,GC=F,buythedip,52,4/11/25,3643.51,2250,11966.87
B,GC=F,buythedip,53,4/11/25,3643.51,2250,12019.67
B,GC=F,buythedip,54,4/11/25,3643.51,2250,11302.31
B,GC=F,buythedip,55,4/11/25,3643.51,2250,11866.55
B,GC=F,buythedip,56,4/11/25,3643.51,2250,11496.82
B,GC=F,buythedip,57,4/11/25,3643.51,2250,11198.66
B,GC=F,buythedip,58,4/11/25,3643.51,2250,11853.92
B,GC=F,buythedip,59,4/11/25,3643.51,2250,11897.49
B,GC=F,buythedip,60,4/11/25,3643.51,2250,12149.15
B,GC=F,buythedip,61,4/11/25,3643.51,2250,11783.69
B,GC=F,buythedip,62,4/11/25,3643.51,2250,11961.41
B,GC=F,buythedip,63,4/11/25,3643.51,2250,12042.25
B,GC=F,buythedip,64,4/11/25,3643.51,2250,12139.51
B,GC=F,buythedip,65,4/11/25,3643.51,2250,11593.33
B,GC=F,buythedip,66,4/11/25,3643.51,2250,11819.63
B,GC=F,buythedip,67,4/11/25,3643.51,2250,11901.99
B,GC=F,buythedip,68,4/11/25,3643.51,2250,11526.41
B,GC=F,buythedip,69,4/11/25,3643.51,2250,11344.38
B,GC=F,buythedip,70,4/11/25,3643.51,2250,12035.01
B,GC=F,buythedip,71,4/11/25,3643.51,2250,12090.57
B,GC=F,buythedip,72,4/11/25,3643.51,2250,11858.2
B,GC=F,buythedip,73,4/11/25,3643.51,2250,11612.09
B,GC=F,buythedip,74,4/11/25,3643.51,2250,11996.36
B,GC=F,buythedip,75,4/11/25,3643.51,2250,11347.84
B,GC=F,buythedip,76,4/11/25,3643.51,2250,11978.43
B,GC=F,buythedip,77,4/11/25,3643.51,2250,12080.87
B,GC=F,buythedip,78,4/11/25,3643.51,2250,11750.53
B,GC=F,buythedip,79,4/11/25,3643.51,2250,11915.53
B,GC=F,buythedip,80,4/11/25,3643.51,2250,11478.37
B,GC=F,buythedip,81,4/11/25,3643.51,2250,11845.23
B,GC=F,buythedip,82,4/11/25,3643.51,2250,11867.6
B,GC=F,buythedip,83,4/11/25,3643.51,2250,12257.6
B,GC=F,buythedip,84,4/11/25,3643.51,2250,11497.48
B,GC=F,buythedip,85,4/11/25,3643.51,2250,11558.12
B,GC=F,buythedip,86,4/11/25,3643.51,2250,11921.79
B,GC=F,buythedip,87,4/11/25,3643.51,2250,11947.58
B,GC=F,buythedip,88,4/11/25,3643.51,2250,12102.73
B,GC=F,buythedip,89,4/11/25,3643.51,2250,11907.71
B,GC=F,buythedip,90,4/11/25,3643.51,2250,11393.49
B,GC=F,buythedip,91,4/11/25,3643.51,2250,11464.13
B,GC=F,buythedip,92,4/11/25,3643.51,2250,11605.12
B,GC=F,buythedip,93,4/11/25,3643.51,2250,11769.83
B,GC=F,buythedip,94,4/11/25,3643.51,2250,11755.54
B,GC=F,buythedip,95,4/11/25,3643.51,2250,11728.96
B,GC=F,buythedip,96,4/11/25,3643.51,2250,11888.27
B,GC=F,buythedip,97,4/11/25,3643.51,2250,11984.3
B,GC=F,buythedip,98,4/11/25,3643.51,2250,11821.08
B,GC=F,buythedip,99,4/11/25,3643.51,2250,11678.04
B,GC=F,buythedip,100,4/11/25,3643.51,2250,12062.09
B,^IXIC,0.98buythedip,1,4/11/25,8727.51,8000,8996.98
B,^IXIC,0.98buythedip,2,4/11/25,8727.51,8000,9090.75
B,^IXIC,0.98buythedip,3,4/11/25,8727.51,8000,8928.13
B,^IXIC,0.98buythedip,4,4/11/25,8727.51,8000,9425.39
B,^IXIC,0.98buythedip,5,4/11/25,8727.51,8000,9049.44
B,^IXIC,0.98buythedip,6,4/11/25,8727.51,8000,9085.76
B,^IXIC,0.98buythedip,7,4/11/25,8727.51,8000,9232.68
B,^IXIC,0.98buythedip,8,4/11/25,8727.51,8000,9033.88
B,^IXIC,0.98buythedip,9,4/11/25,8727.51,8000,9015.73
B,^IXIC,0.98buythedip,10,4/11/25,8727.51,8000,9011.27
B,^IXIC,0.98buythedip,11,4/11/25,8727.51,8000,8924.74
B,^IXIC,0.98buythedip,12,4/11/25,8727.51,8000,8791.54
B,^IXIC,0.98buythedip,13,4/11/25,8727.51,8000,9366.52
B,^IXIC,0.98buythedip,14,4/11/25,8727.51,8000,9189.83
B,^IXIC,0.98buythedip,15,4/11/25,8727.51,8000,9425.52
B,^IXIC,0.98buythedip,16,4/11/25,8727.51,8000,9143.21
B,^IXIC,0.98buythedip,17,4/11/25,8727.51,8000,9195.95
B,^IXIC,0.98buythedip,18,4/11/25,8727.51,8000,9321.27
B,^IXIC,0.98buythedip,19,4/11/25,8727.51,8000,9269.97
B,^IXIC,0.98buythedip,20,4/11/25,8727.51,8000,9155.07
B,^IXIC,0.98buythedip,21,4/11/25,8727.51,8000,9100.44
B,^IXIC,0.98buythedip,22,4/11/25,8727.51,8000,9296.44
B,^IXIC,0.98buythedip,23,4/11/25,8727.51,8000,9132.49
B,^IXIC,0.98buythedip,24,4/11/25,8727.51,8000,9239.75
B,^IXIC,0.98buythedip,25,4/11/25,8727.51,8000,9155.94
B,^IXIC,0.98buythedip,26,4/11/25,8727.51,8000,9192.29
B,^IXIC,0.98buythedip,27,4/11/25,8727.51,8000,9216.11
B,^IXIC,0.98buythedip,28,4/11/25,8727.51,8000,9365.12
B,^IXIC,0.98buythedip,29,4/11/25,8727.51,8000,9022
B,^IXIC,0.98buythedip,30,4/11/25,8727.51,8000,9209.46
B,^IXIC,0.98buythedip,31,4/11/25,8727.51,8000,9431.03
B,^IXIC,0.98buythedip,32,4/11/25,8727.51,8000,9233.04
B,^IXIC,0.98buythedip,33,4/11/25,8727.51,8000,8907.81
B,^IXIC,0.98buythedip,34,4/11/25,8727.51,8000,9201.05
B,^IXIC,0.98buythedip,35,4/11/25,8727.51,8000,9139.61
B,^IXIC,0.98buythedip,36,4/11/25,8727.51,8000,9051.96
B,^IXIC,0.98buythedip,37,4/11/25,8727.51,8000,8888.89
B,^IXIC,0.98buythedip,38,4/11/25,8727.51,8000,9005.93
B,^IXIC,0.98buythedip,39,4/11/25,8727.51,8000,9235.93
B,^IXIC,0.98buythedip,40,4/11/25,8727.51,8000,9257.59
B,^IXIC,0.98buythedip,41,4/11/25,8727.51,8000,9339.99
B,^IXIC,0.98buythedip,42,4/11/25,8727.51,8000,9454.82
B,^IXIC,0.98buythedip,43,4/11/25,8727.51,8000,8971.22
B,^IXIC,0.98buythedip,44,4/11/25,8727.51,8000,9060.23
B,^IXIC,0.98buythedip,45,4/11/25,8727.51,8000,9472.34
B,^IXIC,0.98buythedip,46,4/11/25,8727.51,8000,9284.49
B,^IXIC,0.98buythedip,47,4/11/25,8727.51,8000,8928.97
B,^IXIC,0.98buythedip,48,4/11/25,8727.51,8000,9122
B,^IXIC,0.98buythedip,49,4/11/25,8727.51,8000,9153.58
B,^IXIC,0.98buythedip,50,4/11/25,8727.51,8000,8902.93
B,^IXIC,0.98buythedip,51,4/11/25,8727.51,8000,8928.76
B,^IXIC,0.98buythedip,52,4/11/25,8727.51,8000,9248.93
B,^IXIC,0.98buythedip,53,4/11/25,8727.51,8000,9218.84
B,^IXIC,0.98buythedip,54,4/11/25,8727.51,8000,8834.07
B,^IXIC,0.98buythedip,55,4/11/25,8727.51,8000,9116.41
B,^IXIC,0.98buythedip,56,4/11/25,8727.51,8000,9023.36
B,^IXIC,0.98buythedip,57,4/11/25,8727.51,8000,8840.05
B,^IXIC,0.98buythedip,58,4/11/25,8727.51,8000,9012.24
B,^IXIC,0.98buythedip,59,4/11/25,8727.51,8000,9255.32
B,^IXIC,0.98buythedip,60,4/11/25,8727.51,8000,9356.91
B,^IXIC,0.98buythedip,61,4/11/25,8727.51,8000,9182.84
B,^IXIC,0.98buythedip,62,4/11/25,8727.51,8000,9264.04
B,^IXIC,0.98buythedip,63,4/11/25,8727.51,8000,9248.87
B,^IXIC,0.98buythedip,64,4/11/25,8727.51,8000,9366
B,^IXIC,0.98buythedip,65,4/11/25,8727.51,8000,9011.05
B,^IXIC,0.98buythedip,66,4/11/25,8727.51,8000,9184.32
B,^IXIC,0.98buythedip,67,4/11/25,8727.51,8000,9220.13
B,^IXIC,0.98buythedip,68,4/11/25,8727.51,8000,8914.06
B,^IXIC,0.98buythedip,69,4/11/25,8727.51,8000,8771.27
B,^IXIC,0.98buythedip,70,4/11/25,8727.51,8000,9349.63
B,^IXIC,0.98buythedip,71,4/11/25,8727.51,8000,9239.48
B,^IXIC,0.98buythedip,72,4/11/25,8727.51,8000,9113
B,^IXIC,0.98buythedip,73,4/11/25,8727.51,8000,9052.18
B,^IXIC,0.98buythedip,74,4/11/25,8727.51,8000,9240.75
B,^IXIC,0.98buythedip,75,4/11/25,8727.51,8000,8740.22
B,^IXIC,0.98buythedip,76,4/11/25,8727.51,8000,9304.01
B,^IXIC,0.98buythedip,77,4/11/25,8727.51,8000,9241.97
B,^IXIC,0.98buythedip,78,4/11/25,8727.51,8000,9171.72
B,^IXIC,0.98buythedip,79,4/11/25,8727.51,8000,9252.31
B,^IXIC,0.98buythedip,80,4/11/25,8727.51,8000,8923.69
B,^IXIC,0.98buythedip,81,4/11/25,8727.51,8000,9189.6
B,^IXIC,0.98buythedip,82,4/11/25,8727.51,8000,9273.83
B,^IXIC,0.98buythedip,83,4/11/25,8727.51,8000,9441.59
B,^IXIC,0.98buythedip,84,4/11/25,8727.51,8000,8858.98
B,^IXIC,0.98buythedip,85,4/11/25,8727.51,8000,8983.81
B,^IXIC,0.98buythedip,86,4/11/25,8727.51,8000,9233
B,^IXIC,0.98buythedip,87,4/11/25,8727.51,8000,9233.76
B,^IXIC,0.98buythedip,88,4/11/25,8727.51,8000,9254.32
B,^IXIC,0.98buythedip,89,4/11/25,8727.51,8000,9179.29
B,^IXIC,0.98buythedip,90,4/11/25,8727.51,8000,8896.31
B,^IXIC,0.98buythedip,91,4/11/25,8727.51,8000,8923.03
B,^IXIC,0.98buythedip,92,4/11/25,8727.51,8000,9085.99
B,^IXIC,0.98buythedip,93,4/11/25,8727.51,8000,9043.01
B,^IXIC,0.98buythedip,94,4/11/25,8727.51,8000,9085.69
B,^IXIC,0.98buythedip,95,4/11/25,8727.51,8000,9061.04
B,^IXIC,0.98buythedip,96,4/11/25,8727.51,8000,9283.01
B,^IXIC,0.98buythedip,97,4/11/25,8727.51,8000,9312.9
B,^IXIC,0.98buythedip,98,4/11/25,8727.51,8000,9034.84
B,^IXIC,0.98buythedip,99,4/11/25,8727.51,8000,8996.75
B,^IXIC,0.98buythedip,100,4/11/25,8727.51,8000,9265.46
B,GC=F,0.98buythedip,1,4/11/25,10145.53,11000,11753.97
B,GC=F,0.98buythedip,2,4/11/25,10145.53,11000,11589.83
B,GC=F,0.98buythedip,3,4/11/25,10145.53,11000,11420.26
B,GC=F,0.98buythedip,4,4/11/25,10145.53,11000,12066.63
B,GC=F,0.98buythedip,5,4/11/25,10145.53,11000,11835.38
B,GC=F,0.98buythedip,6,4/11/25,10145.53,11000,11665.24
B,GC=F,0.98buythedip,7,4/11/25,10145.53,11000,11942.32
B,GC=F,0.98buythedip,8,4/11/25,10145.53,11000,11830.2
B,GC=F,0.98buythedip,9,4/11/25,10145.53,11000,11728.88
B,GC=F,0.98buythedip,10,4/11/25,10145.53,11000,11710.47
B,GC=F,0.98buythedip,11,4/11/25,10145.53,11000,11411.38
B,GC=F,0.98buythedip,12,4/11/25,10145.53,11000,11397.94
B,GC=F,0.98buythedip,13,4/11/25,10145.53,11000,12289.11
B,GC=F,0.98buythedip,14,4/11/25,10145.53,11000,11801.68
B,GC=F,0.98buythedip,15,4/11/25,10145.53,11000,12124.58
B,GC=F,0.98buythedip,16,4/11/25,10145.53,11000,11825.24
B,GC=F,0.98buythedip,17,4/11/25,10145.53,11000,12076.73
B,GC=F,0.98buythedip,18,4/11/25,10145.53,11000,12194.26
B,GC=F,0.98buythedip,19,4/11/25,10145.53,11000,11981.52
B,GC=F,0.98buythedip,20,4/11/25,10145.53,11000,11646.55
B,GC=F,0.98buythedip,21,4/11/25,10145.53,11000,11793.17
B,GC=F,0.98buythedip,22,4/11/25,10145.53,11000,12142.64
B,GC=F,0.98buythedip,23,4/11/25,10145.53,11000,11920.5
B,GC=F,0.98buythedip,24,4/11/25,10145.53,11000,12169.05
B,GC=F,0.98buythedip,25,4/11/25,10145.53,11000,11750.46
B,GC=F,0.98buythedip,26,4/11/25,10145.53,11000,11909.84
B,GC=F,0.98buythedip,27,4/11/25,10145.53,11000,11930.22
B,GC=F,0.98buythedip,28,4/11/25,10145.53,11000,12109.47
B,GC=F,0.98buythedip,29,4/11/25,10145.53,11000,11418.93
B,GC=F,0.98buythedip,30,4/11/25,10145.53,11000,11686.94
B,GC=F,0.98buythedip,31,4/11/25,10145.53,11000,12044.38
B,GC=F,0.98buythedip,32,4/11/25,10145.53,11000,11840.49
B,GC=F,0.98buythedip,33,4/11/25,10145.53,11000,11430.86
B,GC=F,0.98buythedip,34,4/11/25,10145.53,11000,11902.57
B,GC=F,0.98buythedip,35,4/11/25,10145.53,11000,11801.7
B,GC=F,0.98buythedip,36,4/11/25,10145.53,11000,11742.79
B,GC=F,0.98buythedip,37,4/11/25,10145.53,11000,11598.27
B,GC=F,0.98buythedip,38,4/11/25,10145.53,11000,11628.36
B,GC=F,0.98buythedip,39,4/11/25,10145.53,11000,12013.52
B,GC=F,0.98buythedip,40,4/11/25,10145.53,11000,11929.86
B,GC=F,0.98buythedip,41,4/11/25,10145.53,11000,11961.81
B,GC=F,0.98buythedip,42,4/11/25,10145.53,11000,12141.91
B,GC=F,0.98buythedip,43,4/11/25,10145.53,11000,11474.78
B,GC=F,0.98buythedip,44,4/11/25,10145.53,11000,11756.64
B,GC=F,0.98buythedip,45,4/11/25,10145.53,11000,12314.01
B,GC=F,0.98buythedip,46,4/11/25,10145.53,11000,11798.19
B,GC=F,0.98buythedip,47,4/11/25,10145.53,11000,11365.91
B,GC=F,0.98buythedip,48,4/11/25,10145.53,11000,11933.17
B,GC=F,0.98buythedip,49,4/11/25,10145.53,11000,11848.79
B,GC=F,0.98buythedip,50,4/11/25,10145.53,11000,11667.38
B,GC=F,0.98buythedip,51,4/11/25,10145.53,11000,11460.51
B,GC=F,0.98buythedip,52,4/11/25,10145.53,11000,11966.87
B,GC=F,0.98buythedip,53,4/11/25,10145.53,11000,12019.67
B,GC=F,0.98buythedip,54,4/11/25,10145.53,11000,11302.31
B,GC=F,0.98buythedip,55,4/11/25,10145.53,11000,11866.55
B,GC=F,0.98buythedip,56,4/11/25,10145.53,11000,11496.82
B,GC=F,0.98buythedip,57,4/11/25,10145.53,11000,11198.66
B,GC=F,0.98buythedip,58,4/11/25,10145.53,11000,11853.92
B,GC=F,0.98buythedip,59,4/11/25,10145.53,11000,11897.49
B,GC=F,0.98buythedip,60,4/11/25,10145.53,11000,12149.15
B,GC=F,0.98buythedip,61,4/11/25,10145.53,11000,11783.69
B,GC=F,0.98buythedip,62,4/11/25,10145.53,11000,11961.41
B,GC=F,0.98buythedip,63,4/11/25,10145.53,11000,12042.25
B,GC=F,0.98buythedip,64,4/11/25,10145.53,11000,12139.51
B,GC=F,0.98buythedip,65,4/11/25,10145.53,11000,11593.33
B,GC=F,0.98buythedip,66,4/11/25,10145.53,11000,11819.63
B,GC=F,0.98buythedip,67,4/11/25,10145.53,11000,11901.99
B,GC=F,0.98buythedip,68,4/11/25,10145.53,11000,11526.41
B,GC=F,0.98buythedip,69,4/11/25,10145.53,11000,11344.38
B,GC=F,0.98buythedip,70,4/11/25,10145.53,11000,12035.01
B,GC=F,0.98buythedip,71,4/11/25,10145.53,11000,12090.57
B,GC=F,0.98buythedip,72,4/11/25,10145.53,11000,11858.2
B,GC=F,0.98buythedip,73,4/11/25,10145.53,11000,11612.09
B,GC=F,0.98buythedip,74,4/11/25,10145.53,11000,11996.36
B,GC=F,0.98buythedip,75,4/11/25,10145.53,11000,11347.84
B,GC=F,0.98buythedip,76,4/11/25,10145.53,11000,11978.43
B,GC=F,0.98buythedip,77,4/11/25,10145.53,11000,12080.87
B,GC=F,0.98buythedip,78,4/11/25,10145.53,11000,11750.53
B,GC=F,0.98buythedip,79,4/11/25,10145.53,11000,11915.53
B,GC=F,0.98buythedip,80,4/11/25,10145.53,11000,11478.37
B,GC=F,0.98buythedip,81,4/11/25,10145.53,11000,11845.23
B,GC=F,0.98buythedip,82,4/11/25,10145.53,11000,11867.6
B,GC=F,0.98buythedip,83,4/11/25,10145.53,11000,12257.6
B,GC=F,0.98buythedip,84,4/11/25,10145.53,11000,11497.48
B,GC=F,0.98buythedip,85,4/11/25,10145.53,11000,11558.12
B,GC=F,0.98buythedip,86,4/11/25,10145.53,11000,11921.79
B,GC=F,0.98buythedip,87,4/11/25,10145.53,11000,11947.58
B,GC=F,0.98buythedip,88,4/11/25,10145.53,11000,12102.73
B,GC=F,0.98buythedip,89,4/11/25,10145.53,11000,11907.71
B,GC=F,0.98buythedip,90,4/11/25,10145.53,11000,11393.49
B,GC=F,0.98buythedip,91,4/11/25,10145.53,11000,11464.13
B,GC=F,0.98buythedip,92,4/11/25,10145.53,11000,11605.12
B,GC=F,0.98buythedip,93,4/11/25,10145.53,11000,11769.83
B,GC=F,0.98buythedip,94,4/11/25,10145.53,11000,11755.54
B,GC=F,0.98buythedip,95,4/11/25,10145.53,11000,11728.96
B,GC=F,0.98buythedip,96,4/11/25,10145.53,11000,11888.27
B,GC=F,0.98buythedip,97,4/11/25,10145.53,11000,11984.3
B,GC=F,0.98buythedip,98,4/11/25,10145.53,11000,11821.08
B,GC=F,0.98buythedip,99,4/11/25,10145.53,11000,11678.04
B,GC=F,0.98buythedip,100,4/11/25,10145.53,11000,12062.09
B,^IXIC,complexbuythedip,1,4/11/25,9416.36,8250,8996.98
B,^IXIC,complexbuythedip,2,4/11/25,9416.36,8250,9090.75
B,^IXIC,complexbuythedip,3,4/11/25,9416.36,8250,8928.13
B,^IXIC,complexbuythedip,4,4/11/25,9416.36,8250,9425.39
B,^IXIC,complexbuythedip,5,4/11/25,9416.36,8250,9049.44
B,^IXIC,complexbuythedip,6,4/11/25,9416.36,8250,9085.76
B,^IXIC,complexbuythedip,7,4/11/25,9416.36,8250,9232.68
B,^IXIC,complexbuythedip,8,4/11/25,9416.36,8250,9033.88
B,^IXIC,complexbuythedip,9,4/11/25,9416.36,8250,9015.73
B,^IXIC,complexbuythedip,10,4/11/25,9416.36,8250,9011.27
B,^IXIC,complexbuythedip,11,4/11/25,9416.36,8250,8924.74
B,^IXIC,complexbuythedip,12,4/11/25,9416.36,8250,8791.54
B,^IXIC,complexbuythedip,13,4/11/25,9416.36,8250,9366.52
B,^IXIC,complexbuythedip,14,4/11/25,9416.36,8250,9189.83
B,^IXIC,complexbuythedip,15,4/11/25,9416.36,8250,9425.52
B,^IXIC,complexbuythedip,16,4/11/25,9416.36,8250,9143.21
B,^IXIC,complexbuythedip,17,4/11/25,9416.36,8250,9195.95
B,^IXIC,complexbuythedip,18,4/11/25,9416.36,8250,9321.27
B,^IXIC,complexbuythedip,19,4/11/25,9416.36,8250,9269.97
B,^IXIC,complexbuythedip,20,4/11/25,9416.36,8250,9155.07
B,^IXIC,complexbuythedip,21,4/11/25,9416.36,8250,9100.44
B,^IXIC,complexbuythedip,22,4/11/25,9416.36,8250,9296.44
B,^IXIC,complexbuythedip,23,4/11/25,9416.36,8250,9132.49
B,^IXIC,complexbuythedip,24,4/11/25,9416.36,8250,9239.75
B,^IXIC,complexbuythedip,25,4/11/25,9416.36,8250,9155.94
B,^IXIC,complexbuythedip,26,4/11/25,9416.36,8250,9192.29
B,^IXIC,complexbuythedip,27,4/11/25,9416.36,8250,9216.11
B,^IXIC,complexbuythedip,28,4/11/25,9416.36,8250,9365.12
B,^IXIC,complexbuythedip,29,4/11/25,9416.36,8250,9022
B,^IXIC,complexbuythedip,30,4/11/25,9416.36,8250,9209.46
B,^IXIC,complexbuythedip,31,4/11/25,9416.36,8250,9431.03
B,^IXIC,complexbuythedip,32,4/11/25,9416.36,8250,9233.04
B,^IXIC,complexbuythedip,33,4/11/25,9416.36,8250,8907.81
B,^IXIC,complexbuythedip,34,4/11/25,9416.36,8250,9201.05
B,^IXIC,complexbuythedip,35,4/11/25,9416.36,8250,9139.61
B,^IXIC,complexbuythedip,36,4/11/25,9416.36,8250,9051.96
B,^IXIC,complexbuythedip,37,4/11/25,9416.36,8250,8888.89
B,^IXIC,complexbuythedip,38,4/11/25,9416.36,8250,9005.93
B,^IXIC,complexbuythedip,39,4/11/25,9416.36,8250,9235.93
B,^IXIC,complexbuythedip,40,4/11/25,9416.36,8250,9257.59
B,^IXIC,complexbuythedip,41,4/11/25,9416.36,8250,9339.99
B,^IXIC,complexbuythedip,42,4/11/25,9416.36,8250,9454.82
B,^IXIC,complexbuythedip,43,4/11/25,9416.36,8250,8971.22
B,^IXIC,complexbuythedip,44,4/11/25,9416.36,8250,9060.23
B,^IXIC,complexbuythedip,45,4/11/25,9416.36,8250,9472.34
B,^IXIC,complexbuythedip,46,4/11/25,9416.36,8250,9284.49
B,^IXIC,complexbuythedip,47,4/11/25,9416.36,8250,8928.97
B,^IXIC,complexbuythedip,48,4/11/25,9416.36,8250,9122
B,^IXIC,complexbuythedip,49,4/11/25,9416.36,8250,9153.58
B,^IXIC,complexbuythedip,50,4/11/25,9416.36,8250,8902.93
B,^IXIC,complexbuythedip,51,4/11/25,9416.36,8250,8928.76
B,^IXIC,complexbuythedip,52,4/11/25,9416.36,8250,9248.93
B,^IXIC,complexbuythedip,53,4/11/25,9416.36,8250,9218.84
B,^IXIC,complexbuythedip,54,4/11/25,9416.36,8250,8834.07
B,^IXIC,complexbuythedip,55,4/11/25,9416.36,8250,9116.41
B,^IXIC,complexbuythedip,56,4/11/25,9416.36,8250,9023.36
B,^IXIC,complexbuythedip,57,4/11/25,9416.36,8250,8840.05
B,^IXIC,complexbuythedip,58,4/11/25,9416.36,8250,9012.24
B,^IXIC,complexbuythedip,59,4/11/25,9416.36,8250,9255.32
B,^IXIC,complexbuythedip,60,4/11/25,9416.36,8250,9356.91
B,^IXIC,complexbuythedip,61,4/11/25,9416.36,8250,9182.84
B,^IXIC,complexbuythedip,62,4/11/25,9416.36,8250,9264.04
B,^IXIC,complexbuythedip,63,4/11/25,9416.36,8250,9248.87
B,^IXIC,complexbuythedip,64,4/11/25,9416.36,8250,9366
B,^IXIC,complexbuythedip,65,4/11/25,9416.36,8250,9011.05
B,^IXIC,complexbuythedip,66,4/11/25,9416.36,8250,9184.32
B,^IXIC,complexbuythedip,67,4/11/25,9416.36,8250,9220.13
B,^IXIC,complexbuythedip,68,4/11/25,9416.36,8250,8914.06
B,^IXIC,complexbuythedip,69,4/11/25,9416.36,8250,8771.27
B,^IXIC,complexbuythedip,70,4/11/25,9416.36,8250,9349.63
B,^IXIC,complexbuythedip,71,4/11/25,9416.36,8250,9239.48
B,^IXIC,complexbuythedip,72,4/11/25,9416.36,8250,9113
B,^IXIC,complexbuythedip,73,4/11/25,9416.36,8250,9052.18
B,^IXIC,complexbuythedip,74,4/11/25,9416.36,8250,9240.75
B,^IXIC,complexbuythedip,75,4/11/25,9416.36,8250,8740.22
B,^IXIC,complexbuythedip,76,4/11/25,9416.36,8250,9304.01
B,^IXIC,complexbuythedip,77,4/11/25,9416.36,8250,9241.97
B,^IXIC,complexbuythedip,78,4/11/25,9416.36,8250,9171.72
B,^IXIC,complexbuythedip,79,4/11/25,9416.36,8250,9252.31
B,^IXIC,complexbuythedip,80,4/11/25,9416.36,8250,8923.69
B,^IXIC,complexbuythedip,81,4/11/25,9416.36,8250,9189.6
B,^IXIC,complexbuythedip,82,4/11/25,9416.36,8250,9273.83
B,^IXIC,complexbuythedip,83,4/11/25,9416.36,8250,9441.59
B,^IXIC,complexbuythedip,84,4/11/25,9416.36,8250,8858.98
B,^IXIC,complexbuythedip,85,4/11/25,9416.36,8250,8983.81
B,^IXIC,complexbuythedip,86,4/11/25,9416.36,8250,9233
B,^IXIC,complexbuythedip,87,4/11/25,9416.36,8250,9233.76
B,^IXIC,complexbuythedip,88,4/11/25,9416.36,8250,9254.32
B,^IXIC,complexbuythedip,89,4/11/25,9416.36,8250,9179.29
B,^IXIC,complexbuythedip,90,4/11/25,9416.36,8250,8896.31
B,^IXIC,complexbuythedip,91,4/11/25,9416.36,8250,8923.03
B,^IXIC,complexbuythedip,92,4/11/25,9416.36,8250,9085.99
B,^IXIC,complexbuythedip,93,4/11/25,9416.36,8250,9043.01
B,^IXIC,complexbuythedip,94,4/11/25,9416.36,8250,9085.69
B,^IXIC,complexbuythedip,95,4/11/25,9416.36,8250,9061.04
B,^IXIC,complexbuythedip,96,4/11/25,9416.36,8250,9283.01
B,^IXIC,complexbuythedip,97,4/11/25,9416.36,8250,9312.9
B,^IXIC,complexbuythedip,98,4/11/25,9416.36,8250,9034.84
B,^IXIC,complexbuythedip,99,4/11/25,9416.36,8250,8996.75
B,^IXIC,complexbuythedip,100,4/11/25,9416.36,8250,9265.46
B,GC=F,complexbuythedip,1,4/11/25,12080.28,8250,11753.97
B,GC=F,complexbuythedip,2,4/11/25,12080.28,8250,11589.83
B,GC=F,complexbuythedip,3,4/11/25,12080.28,8250,11420.26
B,GC=F,complexbuythedip,4,4/11/25,12080.28,8250,12066.63
B,GC=F,complexbuythedip,5,4/11/25,12080.28,8250,11835.38
B,GC=F,complexbuythedip,6,4/11/25,12080.28,8250,11665.24
B,GC=F,complexbuythedip,7,4/11/25,12080.28,8250,11942.32
B,GC=F,complexbuythedip,8,4/11/25,12080.28,8250,11830.2
B,GC=F,complexbuythedip,9,4/11/25,12080.28,8250,11728.88
B,GC=F,complexbuythedip,10,4/11/25,12080.28,8250,11710.47
B,GC=F,complexbuythedip,11,4/11/25,12080.28,8250,11411.38
B,GC=F,complexbuythedip,12,4/11/25,12080.28,8250,11397.94
B,GC=F,complexbuythedip,13,4/11/25,12080.28,8250,12289.11
B,GC=F,complexbuythedip,14,4/11/25,12080.28,8250,11801.68
B,GC=F,complexbuythedip,15,4/11/25,12080.28,8250,12124.58
B,GC=F,complexbuythedip,16,4/11/25,12080.28,8250,11825.24
B,GC=F,complexbuythedip,17,4/11/25,12080.28,8250,12076.73
B,GC=F,complexbuythedip,18,4/11/25,12080.28,8250,12194.26
B,GC=F,complexbuythedip,19,4/11/25,12080.28,8250,11981.52
B,GC=F,complexbuythedip,20,4/11/25,12080.28,8250,11646.55
B,GC=F,complexbuythedip,21,4/11/25,12080.28,8250,11793.17
B,GC=F,complexbuythedip,22,4/11/25,12080.28,8250,12142.64
B,GC=F,complexbuythedip,23,4/11/25,12080.28,8250,11920.5
B,GC=F,complexbuythedip,24,4/11/25,12080.28,8250,12169.05
B,GC=F,complexbuythedip,25,4/11/25,12080.28,8250,11750.46
B,GC=F,complexbuythedip,26,4/11/25,12080.28,8250,11909.84
B,GC=F,complexbuythedip,27,4/11/25,12080.28,8250,11930.22
B,GC=F,complexbuythedip,28,4/11/25,12080.28,8250,12109.47
B,GC=F,complexbuythedip,29,4/11/25,12080.28,8250,11418.93
B,GC=F,complexbuythedip,30,4/11/25,12080.28,8250,11686.94
B,GC=F,complexbuythedip,31,4/11/25,12080.28,8250,12044.38
B,GC=F,complexbuythedip,32,4/11/25,12080.28,8250,11840.49
B,GC=F,complexbuythedip,33,4/11/25,12080.28,8250,11430.86
B,GC=F,complexbuythedip,34,4/11/25,12080.28,8250,11902.57
B,GC=F,complexbuythedip,35,4/11/25,12080.28,8250,11801.7
B,GC=F,complexbuythedip,36,4/11/25,12080.28,8250,11742.79
B,GC=F,complexbuythedip,37,4/11/25,12080.28,8250,11598.27
B,GC=F,complexbuythedip,38,4/11/25,12080.28,8250,11628.36
B,GC=F,complexbuythedip,39,4/11/25,12080.28,8250,12013.52
B,GC=F,complexbuythedip,40,4/11/25,12080.28,8250,11929.86
B,GC=F,complexbuythedip,41,4/11/25,12080.28,8250,11961.81
B,GC=F,complexbuythedip,42,4/11/25,12080.28,8250,12141.91
B,GC=F,complexbuythedip,43,4/11/25,12080.28,8250,11474.78
B,GC=F,complexbuythedip,44,4/11/25,12080.28,8250,11756.64
B,GC=F,complexbuythedip,45,4/11/25,12080.28,8250,12314.01
B,GC=F,complexbuythedip,46,4/11/25,12080.28,8250,11798.19
B,GC=F,complexbuythedip,47,4/11/25,12080.28,8250,11365.91
B,GC=F,complexbuythedip,48,4/11/25,12080.28,8250,11933.17
B,GC=F,complexbuythedip,49,4/11/25,12080.28,8250,11848.79
B,GC=F,complexbuythedip,50,4/11/25,12080.28,8250,11667.38
B,GC=F,complexbuythedip,51,4/11/25,12080.28,8250,11460.51
B,GC=F,complexbuythedip,52,4/11/25,12080.28,8250,11966.87
B,GC=F,complexbuythedip,53,4/11/25,12080.28,8250,12019.67
B,GC=F,complexbuythedip,54,4/11/25,12080.28,8250,11302.31
B,GC=F,complexbuythedip,55,4/11/25,12080.28,8250,11866.55
B,GC=F,complexbuythedip,56,4/11/25,12080.28,8250,11496.82
B,GC=F,complexbuythedip,57,4/11/25,12080.28,8250,11198.66
B,GC=F,complexbuythedip,58,4/11/25,12080.28,8250,11853.92
B,GC=F,complexbuythedip,59,4/11/25,12080.28,8250,11897.49
B,GC=F,complexbuythedip,60,4/11/25,12080.28,8250,12149.15
B,GC=F,complexbuythedip,61,4/11/25,12080.28,8250,11783.69
B,GC=F,complexbuythedip,62,4/11/25,12080.28,8250,11961.41
B,GC=F,complexbuythedip,63,4/11/25,12080.28,8250,12042.25
B,GC=F,complexbuythedip,64,4/11/25,12080.28,8250,12139.51
B,GC=F,complexbuythedip,65,4/11/25,12080.28,8250,11593.33
B,GC=F,complexbuythedip,66,4/11/25,12080.28,8250,11819.63
B,GC=F,complexbuythedip,67,4/11/25,12080.28,8250,11901.99
B,GC=F,complexbuythedip,68,4/11/25,12080.28,8250,11526.41
B,GC=F,complexbuythedip,69,4/11/25,12080.28,8250,11344.38
B,GC=F,complexbuythedip,70,4/11/25,12080.28,8250,12035.01
B,GC=F,complexbuythedip,71,4/11/25,12080.28,8250,12090.57
B,GC=F,complexbuythedip,72,4/11/25,12080.28,8250,11858.2
B,GC=F,complexbuythedip,73,4/11/25,12080.28,8250,11612.09
B,GC=F,complexbuythedip,74,4/11/25,12080.28,8250,11996.36
B,GC=F,complexbuythedip,75,4/11/25,12080.28,8250,11347.84
B,GC=F,complexbuythedip,76,4/11/25,12080.28,8250,11978.43
B,GC=F,complexbuythedip,77,4/11/25,12080.28,8250,12080.87
B,GC=F,complexbuythedip,78,4/11/25,12080.28,8250,11750.53
B,GC=F,complexbuythedip,79,4/11/25,12080.28,8250,11915.53
B,GC=F,complexbuythedip,80,4/11/25,12080.28,8250,11478.37
B,GC=F,complexbuythedip,81,4/11/25,12080.28,8250,11845.23
B,GC=F,complexbuythedip,82,4/11/25,12080.28,8250,11867.6
B,GC=F,complexbuythedip,83,4/11/25,12080.28,8250,12257.6
B,GC=F,complexbuythedip,84,4/11/25,12080.28,8250,11497.48
B,GC=F,complexbuythedip,85,4/11/25,12080.28,8250,11558.12
B,GC=F,complexbuythedip,86,4/11/25,12080.28,8250,11921.79
B,GC=F,complexbuythedip,87,4/11/25,12080.28,8250,11947.58
B,GC=F,complexbuythedip,88,4/11/25,12080.28,8250,12102.73
B,GC=F,complexbuythedip,89,4/11/25,12080.28,8250,11907.71
B,GC=F,complexbuythedip,90,4/11/25,12080.28,8250,11393.49
B,GC=F,complexbuythedip,91,4/11/25,12080.28,8250,11464.13
B,GC=F,complexbuythedip,92,4/11/25,12080.28,8250,11605.12
B,GC=F,complexbuythedip,93,4/11/25,12080.28,8250,11769.83
B,GC=F,complexbuythedip,94,4/11/25,12080.28,8250,11755.54
B,GC=F,complexbuythedip,95,4/11/25,12080.28,8250,11728.96
B,GC=F,complexbuythedip,96,4/11/25,12080.28,8250,11888.27
B,GC=F,complexbuythedip,97,4/11/25,12080.28,8250,11984.3
B,GC=F,complexbuythedip,98,4/11/25,12080.28,8250,11821.08
B,GC=F,complexbuythedip,99,4/11/25,12080.28,8250,11678.04
B,GC=F,complexbuythedip,100,4/11/25,12080.28,8250,12062.09
C,^IXIC,first,1,4/11/25,151583.84,47000,147171.92
C,^IXIC,first,2,4/11/25,151583.84,47000,151138.24
C,^IXIC,first,3,4/11/25,151583.84,47000,145591.95
C,^IXIC,first,4,4/11/25,151583.84,47000,156879.22
C,^IXIC,first,5,4/11/25,151583.84,47000,154229.74
C,^IXIC,first,6,4/11/25,151583.84,47000,144280.81
C,^IXIC,first,7,4/11/25,151583.84,47000,152482.29
C,^IXIC,first,8,4/11/25,151583.84,47000,153432.54
C,^IXIC,first,9,4/11/25,151583.84,47000,165146.45
C,^IXIC,first,10,4/11/25,151583.84,47000,144437.75
C,^IXIC,first,11,4/11/25,151583.84,47000,158933.94
C,^IXIC,first,12,4/11/25,151583.84,47000,149940.82
C,^IXIC,first,13,4/11/25,151583.84,47000,146252.31
C,^IXIC,first,14,4/11/25,151583.84,47000,151872.42
C,^IXIC,first,15,4/11/25,151583.84,47000,146400.67
C,^IXIC,first,16,4/11/25,151583.84,47000,156639.52
C,^IXIC,first,17,4/11/25,151583.84,47000,144679.44
C,^IXIC,first,18,4/11/25,151583.84,47000,139891.8
C,^IXIC,first,19,4/11/25,151583.84,47000,149680.77
C,^IXIC,first,20,4/11/25,151583.84,47000,169031.64
C,^IXIC,first,21,4/11/25,151583.84,47000,155213.78
C,^IXIC,first,22,4/11/25,151583.84,47000,158554.88
C,^IXIC,first,23,4/11/25,151583.84,47000,153743.04
C,^IXIC,first,24,4/11/25,151583.84,47000,150710.94
C,^IXIC,first,25,4/11/25,151583.84,47000,153478.48
C,^IXIC,first,26,4/11/25,151583.84,47000,169899.54
C,^IXIC,first,27,4/11/25,151583.84,47000,157180.23
C,^IXIC,first,28,4/11/25,151583.84,47000,152737.16
C,^IXIC,first,29,4/11/25,151583.84,47000,158597.72
C,^IXIC,first,30,4/11/25,151583.84,47000,149897.93
C,^IXIC,first,31,4/11/25,151583.84,47000,153596.76
C,^IXIC,first,32,4/11/25,151583.84,47000,166881.06
C,^IXIC,first,33,4/11/25,151583.84,47000,155742.84
C,^IXIC,first,34,4/11/25,151583.84,47000,143022.68
C,^IXIC,first,35,4/11/25,151583.84,47000,151633.63
C,^IXIC,first,36,4/11/25,151583.84,47000,150819.21
C,^IXIC,first,37,4/11/25,151583.84,47000,159300.42
C,^IXIC,first,38,4/11/25,151583.84,47000,153132.7
C,^IXIC,first,39,4/11/25,151583.84,47000,159129.82
C,^IXIC,first,40,4/11/25,151583.84,47000,150474.86
C,^IXIC,first,41,4/11/25,151583.84,47000,154500.91
C,^IXIC,first,42,4/11/25,151583.84,47000,156571.25
C,^IXIC,first,43,4/11/25,151583.84,47000,161930.08
C,^IXIC,first,44,4/11/25,151583.84,47000,159095.36
C,^IXIC,first,45,4/11/25,151583.84,47000,158896.33
C,^IXIC,first,46,4/11/25,151583.84,47000,158203.27
C,^IXIC,first,47,4/11/25,151583.84,47000,147428.44
C,^IXIC,first,48,4/11/25,151583.84,47000,152618.18
C,^IXIC,first,49,4/11/25,151583.84,47000,149924.03
C,^IXIC,first,50,4/11/25,151583.84,47000,152942.43
C,^IXIC,first,51,4/11/25,151583.84,47000,137715.17
C,^IXIC,first,52,4/11/25,151583.84,47000,162837.04
C,^IXIC,first,53,4/11/25,151583.84,47000,149125.68
C,^IXIC,first,54,4/11/25,151583.84,47000,143170.63
C,^IXIC,first,55,4/11/25,151583.84,47000,148378.74
C,^IXIC,first,56,4/11/25,151583.84,47000,156836.45
C,^IXIC,first,57,4/11/25,151583.84,47000,157946.37
C,^IXIC,first,58,4/11/25,151583.84,47000,160765.48
C,^IXIC,first,59,4/11/25,151583.84,47000,156127.26
C,^IXIC,first,60,4/11/25,151583.84,47000,150454.04
C,^IXIC,first,61,4/11/25,151583.84,47000,149553.35
C,^IXIC,first,62,4/11/25,151583.84,47000,152662.49
C,^IXIC,first,63,4/11/25,151583.84,47000,153190.05
C,^IXIC,first,64,4/11/25,151583.84,47000,162570.63
C,^IXIC,first,65,4/11/25,151583.84,47000,146470.15
C,^IXIC,first,66,4/11/25,151583.84,47000,155341.23
C,^IXIC,first,67,4/11/25,151583.84,47000,157618.21
C,^IXIC,first,68,4/11/25,151583.84,47000,145214.12
C,^IXIC,first,69,4/11/25,151583.84,47000,151688.02
C,^IXIC,first,70,4/11/25,151583.84,47000,159024.13
C,^IXIC,first,71,4/11/25,151583.84,47000,145502.19
C,^IXIC,first,72,4/11/25,151583.84,47000,159031.17
C,^IXIC,first,73,4/11/25,151583.84,47000,148867.78
C,^IXIC,first,74,4/11/25,151583.84,47000,149783.68
C,^IXIC,first,75,4/11/25,151583.84,47000,144057.12
C,^IXIC,first,76,4/11/25,151583.84,47000,149448.98
C,^IXIC,first,77,4/11/25,151583.84,47000,157167.49
C,^IXIC,first,78,4/11/25,151583.84,47000,152212.63
C,^IXIC,first,79,4/11/25,151583.84,47000,154354.05
C,^IXIC,first,80,4/11/25,151583.84,47000,152876.28
C,^IXIC,first,81,4/11/25,151583.84,47000,148894.93
C,^IXIC,first,82,4/11/25,151583.84,47000,159881.34
C,^IXIC,first,83,4/11/25,151583.84,47000,147497.53
C,^IXIC,first,84,4/11/25,151583.84,47000,152443.82
C,^IXIC,first,85,4/11/25,151583.84,47000,157086.99
C,^IXIC,first,86,4/11/25,151583.84,47000,149303.79
C,^IXIC,first,87,4/11/25,151583.84,47000,157524.43
C,^IXIC,first,88,4/11/25,151583.84,47000,146379.88
C,^IXIC,first,89,4/11/25,151583.84,47000,146855.44
C,^IXIC,first,90,4/11/25,151583.84,47000,149516.49
C,^IXIC,first,91,4/11/25,151583.84,47000,139979.91
C,^IXIC,first,92,4/11/25,151583.84,47000,148622.43
C,^IXIC,first,93,4/11/25,151583.84,47000,157751.17
C,^IXIC,first,94,4/11/25,151583.84,47000,153874.27
C,^IXIC,first,95,4/11/25,151583.84,47000,151119.63
C,^IXIC,first,96,4/11/25,151583.84,47000,151749.82
C,^IXIC,first,97,4/11/25,151583.84,47000,167024.41
C,^IXIC,first,98,4/11/25,151583.84,47000,154439.17
C,^IXIC,first,99,4/11/25,151583.84,47000,147834.08
C,^IXIC,first,100,4/11/25,151583.84,47000,158216.07
C,GC=F,first,1,4/11/25,102283.79,47000,101208.18
C,GC=F,first,2,4/11/25,102283.79,47000,103626.55
C,GC=F,first,3,4/11/25,102283.79,47000,101003.9
C,GC=F,first,4,4/11/25,102283.79,47000,105277.97
C,GC=F,first,5,4/11/25,102283.79,47000,104309.85
C,GC=F,first,6,4/11/25,102283.79,47000,100729.37
C,GC=F,first,7,4/11/25,102283.79,47000,98918.77
C,GC=F,first,8,4/11/25,102283.79,47000,101706.93
C,GC=F,first,9,4/11/25,102283.79,47000,101596.42
C,GC=F,first,10,4/11/25,102283.79,47000,100670.17
C,GC=F,first,11,4/11/25,102283.79,47000,101020.32
C,GC=F,first,12,4/11/25,102283.79,47000,101429.9
C,GC=F,first,13,4/11/25,102283.79,47000,103146.57
C,GC=F,first,14,4/11/25,102283.79,47000,102125.25
C,GC=F,first,15,4/11/25,102283.79,47000,101144.44
C,GC=F,first,16,4/11/25,102283.79,47000,102811.87
C,GC=F,first,17,4/11/25,102283.79,47000,101438.91
C,GC=F,first,18,4/11/25,102283.79,47000,101467.08
C,GC=F,first,19,4/11/25,102283.79,47000,100382.64
C,GC=F,first,20,4/11/25,102283.79,47000,103687.14
C,GC=F,first,21,4/11/25,102283.79,47000,102401.13
C,GC=F,first,22,4/11/25,102283.79,47000,101600.37
C,GC=F,first,23,4/11/25,102283.79,47000,101493.22
C,GC=F,first,24,4/11/25,102283.79,47000,104151.47
C,GC=F,first,25,4/11/25,102283.79,47000,100445.21
C,GC=F,first,26,4/11/25,102283.79,47000,101740.5
C,GC=F,first,27,4/11/25,102283.79,47000,102439.63
C,GC=F,first,28,4/11/25,102283.79,47000,103749.71
C,GC=F,first,29,4/11/25,102283.79,47000,103659.37
C,GC=F,first,30,4/11/25,102283.79,47000,103323.62
C,GC=F,first,31,4/11/25,102283.79,47000,104008.68
C,GC=F,first,32,4/11/25,102283.79,47000,105367.92
C,GC=F,first,33,4/11/25,102283.79,47000,102484.19
C,GC=F,first,34,4/11/25,102283.79,47000,101303.39
C,GC=F,first,35,4/11/25,102283.79,47000,100289.35
C,GC=F,first,36,4/11/25,102283.79,47000,101259.32
C,GC=F,first,37,4/11/25,102283.79,47000,102375.37
C,GC=F,first,38,4/11/25,102283.79,47000,101861.03
C,GC=F,first,39,4/11/25,102283.79,47000,103438.76
C,GC=F,first,40,4/11/25,102283.79,47000,102397.1
C,GC=F,first,41,4/11/25,102283.79,47000,102685.76
C,GC=F,first,42,4/11/25,102283.79,47000,102969.56
C,GC=F,first,43,4/11/25,102283.79,47000,101691.91
C,GC=F,first,44,4/11/25,102283.79,47000,103352.37
C,GC=F,first,45,4/11/25,102283.79,47000,102212.23
C,GC=F,first,46,4/11/25,102283.79,47000,102711.75
C,GC=F,first,47,4/11/25,102283.79,47000,99875.85
C,GC=F,first,48,4/11/25,102283.79,47000,100150.58
C,GC=F,first,49,4/11/25,102283.79,47000,101034.97
C,GC=F,first,50,4/11/25,102283.79,47000,102226.97
C,GC=F,first,51,4/11/25,102283.79,47000,98458.39
C,GC=F,first,52,4/11/25,102283.79,47000,104370.59
C,GC=F,first,53,4/11/25,102283.79,47000,103320.94
C,GC=F,first,54,4/11/25,102283.79,47000,103179.87
C,GC=F,first,55,4/11/25,102283.79,47000,102241.93
C,GC=F,first,56,4/11/25,102283.79,47000,101427.42
C,GC=F,first,57,4/11/25,102283.79,47000,103019.08
C,GC=F,first,58,4/11/25,102283.79,47000,102509.96
C,GC=F,first,59,4/11/25,102283.79,47000,100866.76
C,GC=F,first,60,4/11/25,102283.79,47000,100490.35
C,GC=F,first,61,4/11/25,102283.79,47000,102978.56
C,GC=F,first,62,4/11/25,102283.79,47000,104649.06
C,GC=F,first,63,4/11/25,102283.79,47000,102233.68
C,GC=F,first,64,4/11/25,102283.79,47000,105185.46
C,GC=F,first,65,4/11/25,102283.79,47000,103256.82
C,GC=F,first,66,4/11/25,102283.79,47000,104397.23
C,GC=F,first,67,4/11/25,102283.79,47000,100656.12
C,GC=F,first,68,4/11/25,102283.79,47000,100571.68
C,GC=F,first,69,4/11/25,102283.79,47000,100778.03
C,GC=F,first,70,4/11/25,102283.79,47000,101121.78
C,GC=F,first,71,4/11/25,102283.79,47000,100635.45
C,GC=F,first,72,4/11/25,102283.79,47000,101743.96
C,GC=F,first,73,4/11/25,102283.79,47000,100383.59
C,GC=F,first,74,4/11/25,102283.79,47000,102767.01
C,GC=F,first,75,4/11/25,102283.79,47000,102789.9
C,GC=F,first,76,4/11/25,102283.79,47000,99754.66
C,GC=F,first,77,4/11/25,102283.79,47000,100276.44
C,GC=F,first,78,4/11/25,102283.79,47000,102831.21
C,GC=F,first,79,4/11/25,102283.79,47000,104725.15
C,GC=F,first,80,4/11/25,102283.79,47000,104618.26
C,GC=F,first,81,4/11/25,102283.79,47000,104552.52
C,GC=F,first,82,4/11/25,102283.79,47000,104072.71
C,GC=F,first,83,4/11/25,102283.79,47000,99670.19
C,GC=F,first,84,4/11/25,102283.79,47000,103024.04
C,GC=F,first,85,4/11/25,102283.79,47000,104089.07
C,GC=F,first,86,4/11/25,102283.79,47000,101799.33
C,GC=F,first,87,4/11/25,102283.79,47000,104964.92
C,GC=F,first,88,4/11/25,102283.79,47000,104159.72
C,GC=F,first,89,4/11/25,102283.79,47000,101736.41
C,GC=F,first,90,4/11/25,102283.79,47000,100285.33
C,GC=F,first,91,4/11/25,102283.79,47000,100692.41
C,GC=F,first,92,4/11/25,102283.79,47000,101518.42
C,GC=F,first,93,4/11/25,102283.79,47000,102520.79
C,GC=F,first,94,4/11/25,102283.79,47000,103403.15
C,GC=F,first,95,4/11/25,102283.79,47000,101673.06
C,GC=F,first,96,4/11/25,102283.79,47000,103217.75
C,GC=F,first,97,4/11/25,102283.79,47000,102730.84
C,GC=F,first,98,4/11/25,102283.79,47000,101627.31
C,GC=F,first,99,4/11/25,102283.79,47000,104030.01
C,GC=F,first,100,4/11/25,102283.79,47000,102411.52
C,^IXIC,losing,1,4/11/25,152259.32,47000,147171.92
C,^IXIC,losing,2,4/11/25,152259.32,47000,151138.24
C,^IXIC,losing,3,4/11/25,152259.32,47000,145591.95
C,^IXIC,losing,4,4/11/25,152259.32,47000,156879.22
C,^IXIC,losing,5,4/11/25,152259.32,47000,154229.74
C,^IXIC,losing,6,4/11/25,152259.32,47000,144280.81
C,^IXIC,losing,7,4/11/25,152259.32,47000,152482.29
C,^IXIC,losing,8,4/11/25,152259.32,47000,153432.54
C,^IXIC,losing,9,4/11/25,152259.32,47000,165146.45
C,^IXIC,losing,10,4/11/25,152259.32,47000,144437.75
C,^IXIC,losing,11,4/11/25,152259.32,47000,158933.94
C,^IXIC,losing,12,4/11/25,152259.32,47000,149940.82
C,^IXIC,losing,13,4/11/25,152259.32,47000,146252.31
C,^IXIC,losing,14,4/11/25,152259.32,47000,151872.42
C,^IXIC,losing,15,4/11/25,152259.32,47000,146400.67
C,^IXIC,losing,16,4/11/25,152259.32,47000,156639.52
C,^IXIC,losing,17,4/11/25,152259.32,47000,144679.44
C,^IXIC,losing,18,4/11/25,152259.32,47000,139891.8
C,^IXIC,losing,19,4/11/25,152259.32,47000,149680.77
C,^IXIC,losing,20,4/11/25,152259.32,47000,169031.64
C,^IXIC,losing,21,4/11/25,152259.32,47000,155213.78
C,^IXIC,losing,22,4/11/25,152259.32,47000,158554.88
C,^IXIC,losing,23,4/11/25,152259.32,47000,153743.04
C,^IXIC,losing,24,4/11/25,152259.32,47000,150710.94
C,^IXIC,losing,25,4/11/25,152259.32,47000,153478.48
C,^IXIC,losing,26,4/11/25,152259.32,47000,169899.54
C,^IXIC,losing,27,4/11/25,152259.32,47000,157180.23
C,^IXIC,losing,28,4/11/25,152259.32,47000,152737.16
C,^IXIC,losing,29,4/11/25,152259.32,47000,158597.72
C,^IXIC,losing,30,4/11/25,152259.32,47000,149897.93
C,^IXIC,losing,31,4/11/25,152259.32,47000,153596.76
C,^IXIC,losing,32,4/11/25,152259.32,47000,166881.06
C,^IXIC,losing,33,4/11/25,152259.32,47000,155742.84
C,^IXIC,losing,34,4/11/25,152259.32,47000,143022.68
C,^IXIC,losing,35,4/11/25,152259.32,47000,151633.63
C,^IXIC,losing,36,4/11/25,152259.32,47000,150819.21
C,^IXIC,losing,37,4/11/25,152259.32,47000,159300.42
C,^IXIC,losing,38,4/11/25,152259.32,47000,153132.7
C,^IXIC,losing,39,4/11/25,152259.32,47000,159129.82
C,^IXIC,losing,40,4/11/25,152259.32,47000,150474.86
C,^IXIC,losing,41,4/11/25,152259.32,47000,154500.91
C,^IXIC,losing,42,4/11/25,152259.32,47000,156571.25
C,^IXIC,losing,43,4/11/25,152259.32,47000,161930.08
C,^IXIC,losing,44,4/11/25,152259.32,47000,159095.36
C,^IXIC,losing,45,4/11/25,152259.32,47000,158896.33
C,^IXIC,losing,46,4/11/25,152259.32,47000,158203.27
C,^IXIC,losing,47,4/11/25,152259.32,47000,147428.44
C,^IXIC,losing,48,4/11/25,152259.32,47000,152618.18
C,^IXIC,losing,49,4/11/25,152259.32,47000,149924.03
C,^IXIC,losing,50,4/11/25,152259.32,47000,152942.43
C,^IXIC,losing,51,4/11/25,152259.32,47000,137715.17
C,^IXIC,losing,52,4/11/25,152259.32,47000,162837.04
C,^IXIC,losing,53,4/11/25,152259.32,47000,149125.68
C,^IXIC,losing,54,4/11/25,152259.32,47000,143170.63
C,^IXIC,losing,55,4/11/25,152259.32,47000,148378.74
C,^IXIC,losing,56,4/11/25,152259.32,47000,156836.45
C,^IXIC,losing,57,4/11/25,152259.32,47000,157946.37
C,^IXIC,losing,58,4/11/25,152259.32,47000,160765.48
C,^IXIC,losing,59,4/11/25,152259.32,47000,156127.26
C,^IXIC,losing,60,4/11/25,152259.32,47000,150454.04
C,^IXIC,losing,61,4/11/25,152259.32,47000,149553.35
C,^IXIC,losing,62,4/11/25,152259.32,47000,152662.49
C,^IXIC,losing,63,4/11/25,152259.32,47000,153190.05
C,^IXIC,losing,64,4/11/25,152259.32,47000,162570.63
C,^IXIC,losing,65,4/11/25,152259.32,47000,146470.15
C,^IXIC,losing,66,4/11/25,152259.32,47000,155341.23
C,^IXIC,losing,67,4/11/25,152259.32,47000,157618.21
C,^IXIC,losing,68,4/11/25,152259.32,47000,145214.12
C,^IXIC,losing,69,4/11/25,152259.32,47000,151688.02
C,^IXIC,losing,70,4/11/25,152259.32,47000,159024.13
C,^IXIC,losing,71,4/11/25,152259.32,47000,145502.19
C,^IXIC,losing,72,4/11/25,152259.32,47000,159031.17
C,^IXIC,losing,73,4/11/25,152259.32,47000,148867.78
C,^IXIC,losing,74,4/11/25,152259.32,47000,149783.68
C,^IXIC,losing,75,4/11/25,152259.32,47000,144057.12
C,^IXIC,losing,76,4/11/25,152259.32,47000,149448.98
C,^IXIC,losing,77,4/11/25,152259.32,47000,157167.49
C,^IXIC,losing,78,4/11/25,152259.32,47000,152212.63
C,^IXIC,losing,79,4/11/25,152259.32,47000,154354.05
C,^IXIC,losing,80,4/11/25,152259.32,47000,152876.28
C,^IXIC,losing,81,4/11/25,152259.32,47000,148894.93
C,^IXIC,losing,82,4/11/25,152259.32,47000,159881.34
C,^IXIC,losing,83,4/11/25,152259.32,47000,147497.53
C,^IXIC,losing,84,4/11/25,152259.32,47000,152443.82
C,^IXIC,losing,85,4/11/25,152259.32,47000,157086.99
C,^IXIC,losing,86,4/11/25,152259.32,47000,149303.79
C,^IXIC,losing,87,4/11/25,152259.32,47000,157524.43
C,^IXIC,losing,88,4/11/25,152259.32,47000,146379.88
C,^IXIC,losing,89,4/11/25,152259.32,47000,146855.44
C,^IXIC,losing,90,4/11/25,152259.32,47000,149516.49
C,^IXIC,losing,91,4/11/25,152259.32,47000,139979.91
C,^IXIC,losing,92,4/11/25,152259.32,47000,148622.43
C,^IXIC,losing,93,4/11/25,152259.32,47000,157751.17
C,^IXIC,losing,94,4/11/25,152259.32,47000,153874.27
C,^IXIC,losing,95,4/11/25,152259.32,47000,151119.63
C,^IXIC,losing,96,4/11/25,152259.32,47000,151749.82
C,^IXIC,losing,97,4/11/25,152259.32,47000,167024.41
C,^IXIC,losing,98,4/11/25,152259.32,47000,154439.17
C,^IXIC,losing,99,4/11/25,152259.32,47000,147834.08
C,^IXIC,losing,100,4/11/25,152259.32,47000,158216.07
C,GC=F,losing,1,4/11/25,102671.1,47000,101208.18
C,GC=F,losing,2,4/11/25,102671.1,47000,103626.55
C,GC=F,losing,3,4/11/25,102671.1,47000,101003.9
C,GC=F,losing,4,4/11/25,102671.1,47000,105277.97
C,GC=F,losing,5,4/11/25,102671.1,47000,104309.85
C,GC=F,losing,6,4/11/25,102671.1,47000,100729.37
C,GC=F,losing,7,4/11/25,102671.1,47000,98918.77
C,GC=F,losing,8,4/11/25,102671.1,47000,101706.93
C,GC=F,losing,9,4/11/25,102671.1,47000,101596.42
C,GC=F,losing,10,4/11/25,102671.1,47000,100670.17
C,GC=F,losing,11,4/11/25,102671.1,47000,101020.32
C,GC=F,losing,12,4/11/25,102671.1,47000,101429.9
C,GC=F,losing,13,4/11/25,102671.1,47000,103146.57
C,GC=F,losing,14,4/11/25,102671.1,47000,102125.25
C,GC=F,losing,15,4/11/25,102671.1,47000,101144.44
C,GC=F,losing,16,4/11/25,102671.1,47000,102811.87
C,GC=F,losing,17,4/11/25,102671.1,47000,101438.91
C,GC=F,losing,18,4/11/25,102671.1,47000,101467.08
C,GC=F,losing,19,4/11/25,102671.1,47000,100382.64
C,GC=F,losing,20,4/11/25,102671.1,47000,103687.14
C,GC=F,losing,21,4/11/25,102671.1,47000,102401.13
C,GC=F,losing,22,4/11/25,102671.1,47000,101600.37
C,GC=F,losing,23,4/11/25,102671.1,47000,101493.22
C,GC=F,losing,24,4/11/25,102671.1,47000,104151.47
C,GC=F,losing,25,4/11/25,102671.1,47000,100445.21
C,GC=F,losing,26,4/11/25,102671.1,47000,101740.5
C,GC=F,losing,27,4/11/25,102671.1,47000,102439.63
C,GC=F,losing,28,4/11/25,102671.1,47000,103749.71
C,GC=F,losing,29,4/11/25,102671.1,47000,103659.37
C,GC=F,losing,30,4/11/25,102671.1,47000,103323.62
C,GC=F,losing,31,4/11/25,102671.1,47000,104008.68
C,GC=F,losing,32,4/11/25,102671.1,47000,105367.92
C,GC=F,losing,33,4/11/25,102671.1,47000,102484.19
C,GC=F,losing,34,4/11/25,102671.1,47000,101303.39
C,GC=F,losing,35,4/11/25,102671.1,47000,100289.35
C,GC=F,losing,36,4/11/25,102671.1,47000,101259.32
C,GC=F,losing,37,4/11/25,102671.1,47000,102375.37
C,GC=F,losing,38,4/11/25,102671.1,47000,101861.03
C,GC=F,losing,39,4/11/25,102671.1,47000,103438.76
C,GC=F,losing,40,4/11/25,102671.1,47000,102397.1
C,GC=F,losing,41,4/11/25,102671.1,47000,102685.76
C,GC=F,losing,42,4/11/25,102671.1,47000,102969.56
C,GC=F,losing,43,4/11/25,102671.1,47000,101691.91
C,GC=F,losing,44,4/11/25,102671.1,47000,103352.37
C,GC=F,losing,45,4/11/25,102671.1,47000,102212.23
C,GC=F,losing,46,4/11/25,102671.1,47000,102711.75
C,GC=F,losing,47,4/11/25,102671.1,47000,99875.85
C,GC=F,losing,48,4/11/25,102671.1,47000,100150.58
C,GC=F,losing,49,4/11/25,102671.1,47000,101034.97
C,GC=F,losing,50,4/11/25,102671.1,47000,102226.97
C,GC=F,losing,51,4/11/25,102671.1,47000,98458.39
C,GC=F,losing,52,4/11/25,102671.1,47000,104370.59
C,GC=F,losing,53,4/11/25,102671.1,47000,103320.94
C,GC=F,losing,54,4/11/25,102671.1,47000,103179.87
C,GC=F,losing,55,4/11/25,102671.1,47000,102241.93
C,GC=F,losing,56,4/11/25,102671.1,47000,101427.42
C,GC=F,losing,57,4/11/25,102671.1,47000,103019.08
C,GC=F,losing,58,4/11/25,102671.1,47000,102509.96
C,GC=F,losing,59,4/11/25,102671.1,47000,100866.76
C,GC=F,losing,60,4/11/25,102671.1,47000,100490.35
C,GC=F,losing,61,4/11/25,102671.1,47000,102978.56
C,GC=F,losing,62,4/11/25,102671.1,47000,104649.06
C,GC=F,losing,63,4/11/25,102671.1,47000,102233.68
C,GC=F,losing,64,4/11/25,102671.1,47000,105185.46
C,GC=F,losing,65,4/11/25,102671.1,47000,103256.82
C,GC=F,losing,66,4/11/25,102671.1,47000,104397.23
C,GC=F,losing,67,4/11/25,102671.1,47000,100656.12
C,GC=F,losing,68,4/11/25,102671.1,47000,100571.68
C,GC=F,losing,69,4/11/25,102671.1,47000,100778.03
C,GC=F,losing,70,4/11/25,102671.1,47000,101121.78
C,GC=F,losing,71,4/11/25,102671.1,47000,100635.45
C,GC=F,losing,72,4/11/25,102671.1,47000,101743.96
C,GC=F,losing,73,4/11/25,102671.1,47000,100383.59
C,GC=F,losing,74,4/11/25,102671.1,47000,102767.01
C,GC=F,losing,75,4/11/25,102671.1,47000,102789.9
C,GC=F,losing,76,4/11/25,102671.1,47000,99754.66
C,GC=F,losing,77,4/11/25,102671.1,47000,100276.44
C,GC=F,losing,78,4/11/25,102671.1,47000,102831.21
C,GC=F,losing,79,4/11/25,102671.1,47000,104725.15
C,GC=F,losing,80,4/11/25,102671.1,47000,104618.26
C,GC=F,losing,81,4/11/25,102671.1,47000,104552.52
C,GC=F,losing,82,4/11/25,102671.1,47000,104072.71
C,GC=F,losing,83,4/11/25,102671.1,47000,99670.19
C,GC=F,losing,84,4/11/25,102671.1,47000,103024.04
C,GC=F,losing,85,4/11/25,102671.1,47000,104089.07
C,GC=F,losing,86,4/11/25,102671.1,47000,101799.33
C,GC=F,losing,87,4/11/25,102671.1,47000,104964.92
C,GC=F,losing,88,4/11/25,102671.1,47000,104159.72
C,GC=F,losing,89,4/11/25,102671.1,47000,101736.41
C,GC=F,losing,90,4/11/25,102671.1,47000,100285.33
C,GC=F,losing,91,4/11/25,102671.1,47000,100692.41
C,GC=F,losing,92,4/11/25,102671.1,47000,101518.42
C,GC=F,losing,93,4/11/25,102671.1,47000,102520.79
C,GC=F,losing,94,4/11/25,102671.1,47000,103403.15
C,GC=F,losing,95,4/11/25,102671.1,47000,101673.06
C,GC=F,losing,96,4/11/25,102671.1,47000,103217.75
C,GC=F,losing,97,4/11/25,102671.1,47000,102730.84
C,GC=F,losing,98,4/11/25,102671.1,47000,101627.31
C,GC=F,losing,99,4/11/25,102671.1,47000,104030.01
C,GC=F,losing,100,4/11/25,102671.1,47000,102411.52
C,^IXIC,growing,1,4/11/25,152406.51,47000,147171.92
C,^IXIC,growing,2,4/11/25,152406.51,47000,151138.24
C,^IXIC,growing,3,4/11/25,152406.51,47000,145591.95
C,^IXIC,growing,4,4/11/25,152406.51,47000,156879.22
C,^IXIC,growing,5,4/11/25,152406.51,47000,154229.74
C,^IXIC,growing,6,4/11/25,152406.51,47000,144280.81
C,^IXIC,growing,7,4/11/25,152406.51,47000,152482.29
C,^IXIC,growing,8,4/11/25,152406.51,47000,153432.54
C,^IXIC,growing,9,4/11/25,152406.51,47000,165146.45
C,^IXIC,growing,10,4/11/25,152406.51,47000,144437.75
C,^IXIC,growing,11,4/11/25,152406.51,47000,158933.94
C,^IXIC,growing,12,4/11/25,152406.51,47000,149940.82
C,^IXIC,growing,13,4/11/25,152406.51,47000,146252.31
C,^IXIC,growing,14,4/11/25,152406.51,47000,151872.42
C,^IXIC,growing,15,4/11/25,152406.51,47000,146400.67
C,^IXIC,growing,16,4/11/25,152406.51,47000,156639.52
C,^IXIC,growing,17,4/11/25,152406.51,47000,144679.44
C,^IXIC,growing,18,4/11/25,152406.51,47000,139891.8
C,^IXIC,growing,19,4/11/25,152406.51,47000,149680.77
C,^IXIC,growing,20,4/11/25,152406.51,47000,169031.64
C,^IXIC,growing,21,4/11/25,152406.51,47000,155213.78
C,^IXIC,growing,22,4/11/25,152406.51,47000,158554.88
C,^IXIC,growing,23,4/11/25,152406.51,47000,153743.04
C,^IXIC,growing,24,4/11/25,152406.51,47000,150710.94
C,^IXIC,growing,25,4/11/25,152406.51,47000,153478.48
C,^IXIC,growing,26,4/11/25,152406.51,47000,169899.54
C,^IXIC,growing,27,4/11/25,152406.51,47000,157180.23
C,^IXIC,growing,28,4/11/25,152406.51,47000,152737.16
C,^IXIC,growing,29,4/11/25,152406.51,47000,158597.72
C,^IXIC,growing,30,4/11/25,152406.51,47000,149897.93
C,^IXIC,growing,31,4/11/25,152406.51,47000,153596.76
C,^IXIC,growing,32,4/11/25,152406.51,47000,166881.06
C,^IXIC,growing,33,4/11/25,152406.51,47000,155742.84
C,^IXIC,growing,34,4/11/25,152406.51,47000,143022.68
C,^IXIC,growing,35,4/11/25,152406.51,47000,151633.63
C,^IXIC,growing,36,4/11/25,152406.51,47000,150819.21
C,^IXIC,growing,37,4/11/25,152406.51,47000,159300.42
C,^IXIC,growing,38,4/11/25,152406.51,47000,153132.7
C,^IXIC,growing,39,4/11/25,152406.51,47000,159129.82
C,^IXIC,growing,40,4/11/25,152406.51,47000,150474.86
C,^IXIC,growing,41,4/11/25,152406.51,47000,154500.91
C,^IXIC,growing,42,4/11/25,152406.51,47000,156571.25
C,^IXIC,growing,43,4/11/25,152406.51,47000,161930.08
C,^IXIC,growing,44,4/11/25,152406.51,47000,159095.36
C,^IXIC,growing,45,4/11/25,152406.51,47000,158896.33
C,^IXIC,growing,46,4/11/25,152406.51,47000,158203.27
C,^IXIC,growing,47,4/11/25,152406.51,47000,147428.44
C,^IXIC,growing,48,4/11/25,152406.51,47000,152618.18
C,^IXIC,growing,49,4/11/25,152406.51,47000,149924.03
C,^IXIC,growing,50,4/11/25,152406.51,47000,152942.43
C,^IXIC,growing,51,4/11/25,152406.51,47000,137715.17
C,^IXIC,growing,52,4/11/25,152406.51,47000,162837.04
C,^IXIC,growing,53,4/11/25,152406.51,47000,149125.68
C,^IXIC,growing,54,4/11/25,152406.51,47000,143170.63
C,^IXIC,growing,55,4/11/25,152406.51,47000,148378.74
C,^IXIC,growing,56,4/11/25,152406.51,47000,156836.45
C,^IXIC,growing,57,4/11/25,152406.51,47000,157946.37
C,^IXIC,growing,58,4/11/25,152406.51,47000,160765.48
C,^IXIC,growing,59,4/11/25,152406.51,47000,156127.26
C,^IXIC,growing,60,4/11/25,152406.51,47000,150454.04
C,^IXIC,growing,61,4/11/25,152406.51,47000,149553.35
C,^IXIC,growing,62,4/11/25,152406.51,47000,152662.49
C,^IXIC,growing,63,4/11/25,152406.51,47000,153190.05
C,^IXIC,growing,64,4/11/25,152406.51,47000,162570.63
C,^IXIC,growing,65,4/11/25,152406.51,47000,146470.15
C,^IXIC,growing,66,4/11/25,152406.51,47000,155341.23
C,^IXIC,growing,67,4/11/25,152406.51,47000,157618.21
C,^IXIC,growing,68,4/11/25,152406.51,47000,145214.12
C,^IXIC,growing,69,4/11/25,152406.51,47000,151688.02
C,^IXIC,growing,70,4/11/25,152406.51,47000,159024.13
C,^IXIC,growing,71,4/11/25,152406.51,47000,145502.19
C,^IXIC,growing,72,4/11/25,152406.51,47000,159031.17
C,^IXIC,growing,73,4/11/25,152406.51,47000,148867.78
C,^IXIC,growing,74,4/11/25,152406.51,47000,149783.68
C,^IXIC,growing,75,4/11/25,152406.51,47000,144057.12
C,^IXIC,growing,76,4/11/25,152406.51,47000,149448.98
C,^IXIC,growing,77,4/11/25,152406.51,47000,157167.49
C,^IXIC,growing,78,4/11/25,152406.51,47000,152212.63
C,^IXIC,growing,79,4/11/25,152406.51,47000,154354.05
C,^IXIC,growing,80,4/11/25,152406.51,47000,152876.28
C,^IXIC,growing,81,4/11/25,152406.51,47000,148894.93
C,^IXIC,growing,82,4/11/25,152406.51,47000,159881.34
C,^IXIC,growing,83,4/11/25,152406.51,47000,147497.53
C,^IXIC,growing,84,4/11/25,152406.51,47000,152443.82
C,^IXIC,growing,85,4/11/25,152406.51,47000,157086.99
C,^IXIC,growing,86,4/11/25,152406.51,47000,149303.79
C,^IXIC,growing,87,4/11/25,152406.51,47000,157524.43
C,^IXIC,growing,88,4/11/25,152406.51,47000,146379.88
C,^IXIC,growing,89,4/11/25,152406.51,47000,146855.44
C,^IXIC,growing,90,4/11/25,152406.51,47000,149516.49
C,^IXIC,growing,91,4/11/25,152406.51,47000,139979.91
C,^IXIC,growing,92,4/11/25,152406.51,47000,148622.43
C,^IXIC,growing,93,4/11/25,152406.51,47000,157751.17
C,^IXIC,growing,94,4/11/25,152406.51,47000,153874.27
C,^IXIC,growing,95,4/11/25,152406.51,47000,151119.63
C,^IXIC,growing,96,4/11/25,152406.51,47000,151749.82
C,^IXIC,growing,97,4/11/25,152406.51,47000,167024.41
C,^IXIC,growing,98,4/11/25,152406.51,47000,154439.17
C,^IXIC,growing,99,4/11/25,152406.51,47000,147834.08
C,^IXIC,growing,100,4/11/25,152406.51,47000,158216.07
C,GC=F,growing,1,4/11/25,103036.88,47250,101208.18
C,GC=F,growing,2,4/11/25,103036.88,47250,103626.55
C,GC=F,growing,3,4/11/25,103036.88,47250,101003.9
C,GC=F,growing,4,4/11/25,103036.88,47250,105277.97
C,GC=F,growing,5,4/11/25,103036.88,47250,104309.85
C,GC=F,growing,6,4/11/25,103036.88,47250,100729.37
C,GC=F,growing,7,4/11/25,103036.88,47250,98918.77
C,GC=F,growing,8,4/11/25,103036.88,47250,101706.93
C,GC=F,growing,9,4/11/25,103036.88,47250,101596.42
C,GC=F,growing,10,4/11/25,103036.88,47250,100670.17
C,GC=F,growing,11,4/11/25,103036.88,47250,101020.32
C,GC=F,growing,12,4/11/25,103036.88,47250,101429.9
C,GC=F,growing,13,4/11/25,103036.88,47250,103146.57
C,GC=F,growing,14,4/11/25,103036.88,47250,102125.25
C,GC=F,growing,15,4/11/25,103036.88,47250,101144.44
C,GC=F,growing,16,4/11/25,103036.88,47250,102811.87
C,GC=F,growing,17,4/11/25,103036.88,47250,101438.91
C,GC=F,growing,18,4/11/25,103036.88,47250,101467.08
C,GC=F,growing,19,4/11/25,103036.88,47250,100382.64
C,GC=F,growing,20,4/11/25,103036.88,47250,103687.14
C,GC=F,growing,21,4/11/25,103036.88,47250,102401.13
C,GC=F,growing,22,4/11/25,103036.88,47250,101600.37
C,GC=F,growing,23,4/11/25,103036.88,47250,101493.22
C,GC=F,growing,24,4/11/25,103036.88,47250,104151.47
C,GC=F,growing,25,4/11/25,103036.88,47250,100445.21
C,GC=F,growing,26,4/11/25,103036.88,47250,101740.5
C,GC=F,growing,27,4/11/25,103036.88,47250,102439.63
C,GC=F,growing,28,4/11/25,103036.88,47250,103749.71
C,GC=F,growing,29,4/11/25,103036.88,47250,103659.37
C,GC=F,growing,30,4/11/25,103036.88,47250,103323.62
C,GC=F,growing,31,4/11/25,103036.88,47250,104008.68
C,GC=F,growing,32,4/11/25,103036.88,47250,105367.92
C,GC=F,growing,33,4/11/25,103036.88,47250,102484.19
C,GC=F,growing,34,4/11/25,103036.88,47250,101303.39
C,GC=F,growing,35,4/11/25,103036.88,47250,100289.35
C,GC=F,growing,36,4/11/25,103036.88,47250,101259.32
C,GC=F,growing,37,4/11/25,103036.88,47250,102375.37
C,GC=F,growing,38,4/11/25,103036.88,47250,101861.03
C,GC=F,growing,39,4/11/25,103036.88,47250,103438.76
C,GC=F,growing,40,4/11/25,103036.88,47250,102397.1
C,GC=F,growing,41,4/11/25,103036.88,47250,102685.76
C,GC=F,growing,42,4/11/25,103036.88,47250,102969.56
C,GC=F,growing,43,4/11/25,103036.88,47250,101691.91
C,GC=F,growing,44,4/11/25,103036.88,47250,103352.37
C,GC=F,growing,45,4/11/25,103036.88,47250,102212.23
C,GC=F,growing,46,4/11/25,103036.88,47250,102711.75
C,GC=F,growing,47,4/11/25,103036.88,47250,99875.85
C,GC=F,growing,48,4/11/25,103036.88,47250,100150.58
C,GC=F,growing,49,4/11/25,103036.88,47250,101034.97
C,GC=F,growing,50,4/11/25,103036.88,47250,102226.97
C,GC=F,growing,51,4/11/25,103036.88,47250,98458.39
C,GC=F,growing,52,4/11/25,103036.88,47250,104370.59
C,GC=F,growing,53,4/11/25,103036.88,47250,103320.94
C,GC=F,growing,54,4/11/25,103036.88,47250,103179.87
C,GC=F,growing,55,4/11/25,103036.88,47250,102241.93
C,GC=F,growing,56,4/11/25,103036.88,47250,101427.42
C,GC=F,growing,57,4/11/25,103036.88,47250,103019.08
C,GC=F,growing,58,4/11/25,103036.88,47250,102509.96
C,GC=F,growing,59,4/11/25,103036.88,47250,100866.76
C,GC=F,growing,60,4/11/25,103036.88,47250,100490.35
C,GC=F,growing,61,4/11/25,103036.88,47250,102978.56
C,GC=F,growing,62,4/11/25,103036.88,47250,104649.06
C,GC=F,growing,63,4/11/25,103036.88,47250,102233.68
C,GC=F,growing,64,4/11/25,103036.88,47250,105185.46
C,GC=F,growing,65,4/11/25,103036.88,47250,103256.82
C,GC=F,growing,66,4/11/25,103036.88,47250,104397.23
C,GC=F,growing,67,4/11/25,103036.88,47250,100656.12
C,GC=F,growing,68,4/11/25,103036.88,47250,100571.68
C,GC=F,growing,69,4/11/25,103036.88,47250,100778.03
C,GC=F,growing,70,4/11/25,103036.88,47250,101121.78
C,GC=F,growing,71,4/11/25,103036.88,47250,100635.45
C,GC=F,growing,72,4/11/25,103036.88,47250,101743.96
C,GC=F,growing,73,4/11/25,103036.88,47250,100383.59
C,GC=F,growing,74,4/11/25,103036.88,47250,102767.01
C,GC=F,growing,75,4/11/25,103036.88,47250,102789.9
C,GC=F,growing,76,4/11/25,103036.88,47250,99754.66
C,GC=F,growing,77,4/11/25,103036.88,47250,100276.44
C,GC=F,growing,78,4/11/25,103036.88,47250,102831.21
C,GC=F,growing,79,4/11/25,103036.88,47250,104725.15
C,GC=F,growing,80,4/11/25,103036.88,47250,104618.26
C,GC=F,growing,81,4/11/25,103036.88,47250,104552.52
C,GC=F,growing,82,4/11/25,103036.88,47250,104072.71
C,GC=F,growing,83,4/11/25,103036.88,47250,99670.19
C,GC=F,growing,84,4/11/25,103036.88,47250,103024.04
C,GC=F,growing,85,4/11/25,103036.88,47250,104089.07
C,GC=F,growing,86,4/11/25,103036.88,47250,101799.33
C,GC=F,growing,87,4/11/25,103036.88,47250,104964.92
C,GC=F,growing,88,4/11/25,103036.88,47250,104159.72
C,GC=F,growing,89,4/11/25,103036.88,47250,101736.41
C,GC=F,growing,90,4/11/25,103036.88,47250,100285.33
C,GC=F,growing,91,4/11/25,103036.88,47250,100692.41
C,GC=F,growing,92,4/11/25,103036.88,47250,101518.42
C,GC=F,growing,93,4/11/25,103036.88,47250,102520.79
C,GC=F,growing,94,4/11/25,103036.88,47250,103403.15
C,GC=F,growing,95,4/11/25,103036.88,47250,101673.06
C,GC=F,growing,96,4/11/25,103036.88,47250,103217.75
C,GC=F,growing,97,4/11/25,103036.88,47250,102730.84
C,GC=F,growing,98,4/11/25,103036.88,47250,101627.31
C,GC=F,growing,99,4/11/25,103036.88,47250,104030.01
C,GC=F,growing,100,4/11/25,103036.88,47250,102411.52
C,^IXIC,buythedip,1,4/11/25,17060.17,2500,147171.92
C,^IXIC,buythedip,2,4/11/25,17060.17,2500,151138.24
C,^IXIC,buythedip,3,4/11/25,17060.17,2500,145591.95
C,^IXIC,buythedip,4,4/11/25,17060.17,2500,156879.22
C,^IXIC,buythedip,5,4/11/25,17060.17,2500,154229.74
C,^IXIC,buythedip,6,4/11/25,17060.17,2500,144280.81
C,^IXIC,buythedip,7,4/11/25,17060.17,2500,152482.29
C,^IXIC,buythedip,8,4/11/25,17060.17,2500,153432.54
C,^IXIC,buythedip,9,4/11/25,17060.17,2500,165146.45
C,^IXIC,buythedip,10,4/11/25,17060.17,2500,144437.75
C,^IXIC,buythedip,11,4/11/25,17060.17,2500,158933.94
C,^IXIC,buythedip,12,4/11/25,17060.17,2500,149940.82
C,^IXIC,buythedip,13,4/11/25,17060.17,2500,146252.31
C,^IXIC,buythedip,14,4/11/25,17060.17,2500,151872.42
C,^IXIC,buythedip,15,4/11/25,17060.17,2500,146400.67
C,^IXIC,buythedip,16,4/11/25,17060.17,2500,156639.52
C,^IXIC,buythedip,17,4/11/25,17060.17,2500,144679.44
C,^IXIC,buythedip,18,4/11/25,17060.17,2500,139891.8
C,^IXIC,buythedip,19,4/11/25,17060.17,2500,149680.77
C,^IXIC,buythedip,20,4/11/25,17060.17,2500,169031.64
C,^IXIC,buythedip,21,4/11/25,17060.17,2500,155213.78
C,^IXIC,buythedip,22,4/11/25,17060.17,2500,158554.88
C,^IXIC,buythedip,23,4/11/25,17060.17,2500,153743.04
C,^IXIC,buythedip,24,4/11/25,17060.17,2500,150710.94
C,^IXIC,buythedip,25,4/11/25,17060.17,2500,153478.48
C,^IXIC,buythedip,26,4/11/25,17060.17,2500,169899.54
C,^IXIC,buythedip,27,4/11/25,17060.17,2500,157180.23
C,^IXIC,buythedip,28,4/11/25,17060.17,2500,152737.16
C,^IXIC,buythedip,29,4/11/25,17060.17,2500,158597.72
C,^IXIC,buythedip,30,4/11/25,17060.17,2500,149897.93
C,^IXIC,buythedip,31,4/11/25,17060.17,2500,153596.76
C,^IXIC,buythedip,32,4/11/25,17060.17,2500,166881.06
C,^IXIC,buythedip,33,4/11/25,17060.17,2500,155742.84
C,^IXIC,buythedip,34,4/11/25,17060.17,2500,143022.68
C,^IXIC,buythedip,35,4/11/25,17060.17,2500,151633.63
C,^IXIC,buythedip,36,4/11/25,17060.17,2500,150819.21
C,^IXIC,buythedip,37,4/11/25,17060.17,2500,159300.42
C,^IXIC,buythedip,38,4/11/25,17060.17,2500,153132.7
C,^IXIC,buythedip,39,4/11/25,17060.17,2500,159129.82
C,^IXIC,buythedip,40,4/11/25,17060.17,2500,150474.86
C,^IXIC,buythedip,41,4/11/25,17060.17,2500,154500.91
C,^IXIC,buythedip,42,4/11/25,17060.17,2500,156571.25
C,^IXIC,buythedip,43,4/11/25,17060.17,2500,161930.08
C,^IXIC,buythedip,44,4/11/25,17060.17,2500,159095.36
C,^IXIC,buythedip,45,4/11/25,17060.17,2500,158896.33
C,^IXIC,buythedip,46,4/11/25,17060.17,2500,158203.27
C,^IXIC,buythedip,47,4/11/25,17060.17,2500,147428.44
C,^IXIC,buythedip,48,4/11/25,17060.17,2500,152618.18
C,^IXIC,buythedip,49,4/11/25,17060.17,2500,149924.03
C,^IXIC,buythedip,50,4/11/25,17060.17,2500,152942.43
C,^IXIC,buythedip,51,4/11/25,17060.17,2500,137715.17
C,^IXIC,buythedip,52,4/11/25,17060.17,2500,162837.04
C,^IXIC,buythedip,53,4/11/25,17060.17,2500,149125.68
C,^IXIC,buythedip,54,4/11/25,17060.17,2500,143170.63
C,^IXIC,buythedip,55,4/11/25,17060.17,2500,148378.74
C,^IXIC,buythedip,56,4/11/25,17060.17,2500,156836.45
C,^IXIC,buythedip,57,4/11/25,17060.17,2500,157946.37
C,^IXIC,buythedip,58,4/11/25,17060.17,2500,160765.48
C,^IXIC,buythedip,59,4/11/25,17060.17,2500,156127.26
C,^IXIC,buythedip,60,4/11/25,17060.17,2500,150454.04
C,^IXIC,buythedip,61,4/11/25,17060.17,2500,149553.35
C,^IXIC,buythedip,62,4/11/25,17060.17,2500,152662.49
C,^IXIC,buythedip,63,4/11/25,17060.17,2500,153190.05
C,^IXIC,buythedip,64,4/11/25,17060.17,2500,162570.63
C,^IXIC,buythedip,65,4/11/25,17060.17,2500,146470.15
C,^IXIC,buythedip,66,4/11/25,17060.17,2500,155341.23
C,^IXIC,buythedip,67,4/11/25,17060.17,2500,157618.21
C,^IXIC,buythedip,68,4/11/25,17060.17,2500,145214.12
C,^IXIC,buythedip,69,4/11/25,17060.17,2500,151688.02
C,^IXIC,buythedip,70,4/11/25,17060.17,2500,159024.13
C,^IXIC,buythedip,71,4/11/25,17060.17,2500,145502.19
C,^IXIC,buythedip,72,4/11/25,17060.17,2500,159031.17
C,^IXIC,buythedip,73,4/11/25,17060.17,2500,148867.78
C,^IXIC,buythedip,74,4/11/25,17060.17,2500,149783.68
C,^IXIC,buythedip,75,4/11/25,17060.17,2500,144057.12
C,^IXIC,buythedip,76,4/11/25,17060.17,2500,149448.98
C,^IXIC,buythedip,77,4/11/25,17060.17,2500,157167.49
C,^IXIC,buythedip,78,4/11/25,17060.17,2500,152212.63
C,^IXIC,buythedip,79,4/11/25,17060.17,2500,154354.05
C,^IXIC,buythedip,80,4/11/25,17060.17,2500,152876.28
C,^IXIC,buythedip,81,4/11/25,17060.17,2500,148894.93
C,^IXIC,buythedip,82,4/11/25,17060.17,2500,159881.34
C,^IXIC,buythedip,83,4/11/25,17060.17,2500,147497.53
C,^IXIC,buythedip,84,4/11/25,17060.17,2500,152443.82
C,^IXIC,buythedip,85,4/11/25,17060.17,2500,157086.99
C,^IXIC,buythedip,86,4/11/25,17060.17,2500,149303.79
C,^IXIC,buythedip,87,4/11/25,17060.17,2500,157524.43
C,^IXIC,buythedip,88,4/11/25,17060.17,2500,146379.88
C,^IXIC,buythedip,89,4/11/25,17060.17,2500,146855.44
C,^IXIC,buythedip,90,4/11/25,17060.17,2500,149516.49
C,^IXIC,buythedip,91,4/11/25,17060.17,2500,139979.91
C,^IXIC,buythedip,92,4/11/25,17060.17,2500,148622.43
C,^IXIC,buythedip,93,4/11/25,17060.17,2500,157751.17
C,^IXIC,buythedip,94,4/11/25,17060.17,2500,153874.27
C,^IXIC,buythedip,95,4/11/25,17060.17,2500,151119.63
C,^IXIC,buythedip,96,4/11/25,17060.17,2500,151749.82
C,^IXIC,buythedip,97,4/11/25,17060.17,2500,167024.41
C,^IXIC,buythedip,98,4/11/25,17060.17,2500,154439.17
C,^IXIC,buythedip,99,4/11/25,17060.17,2500,147834.08
C,^IXIC,buythedip,100,4/11/25,17060.17,2500,158216.07
C,GC=F,buythedip,1,4/11/25,6298.4,2250,101208.18
C,GC=F,buythedip,2,4/11/25,6298.4,2250,103626.55
C,GC=F,buythedip,3,4/11/25,6298.4,2250,101003.9
C,GC=F,buythedip,4,4/11/25,6298.4,2250,105277.97
C,GC=F,buythedip,5,4/11/25,6298.4,2250,104309.85
C,GC=F,buythedip,6,4/11/25,6298.4,2250,100729.37
C,GC=F,buythedip,7,4/11/25,6298.4,2250,98918.77
C,GC=F,buythedip,8,4/11/25,6298.4,2250,101706.93
C,GC=F,buythedip,9,4/11/25,6298.4,2250,101596.42
C,GC=F,buythedip,10,4/11/25,6298.4,2250,100670.17
C,GC=F,buythedip,11,4/11/25,6298.4,2250,101020.32
C,GC=F,buythedip,12,4/11/25,6298.4,2250,101429.9
C,GC=F,buythedip,13,4/11/25,6298.4,2250,103146.57
C,GC=F,buythedip,14,4/11/25,6298.4,2250,102125.25
C,GC=F,buythedip,15,4/11/25,6298.4,2250,101144.44
C,GC=F,buythedip,16,4/11/25,6298.4,2250,102811.87
C,GC=F,buythedip,17,4/11/25,6298.4,2250,101438.91
C,GC=F,buythedip,18,4/11/25,6298.4,2250,101467.08
C,GC=F,buythedip,19,4/11/25,6298.4,2250,100382.64
C,GC=F,buythedip,20,4/11/25,6298.4,2250,103687.14
C,GC=F,buythedip,21,4/11/25,6298.4,2250,102401.13
C,GC=F,buythedip,22,4/11/25,6298.4,2250,101600.37
C,GC=F,buythedip,23,4/11/25,6298.4,2250,101493.22
C,GC=F,buythedip,24,4/11/25,6298.4,2250,104151.47
C,GC=F,buythedip,25,4/11/25,6298.4,2250,100445.21
C,GC=F,buythedip,26,4/11/25,6298.4,2250,101740.5
C,GC=F,buythedip,27,4/11/25,6298.4,2250,102439.63
C,GC=F,buythedip,28,4/11/25,6298.4,2250,103749.71
C,GC=F,buythedip,29,4/11/25,6298.4,2250,103659.37
C,GC=F,buythedip,30,4/11/25,6298.4,2250,103323.62
C,GC=F,buythedip,31,4/11/25,6298.4,2250,104008.68
C,GC=F,buythedip,32,4/11/25,6298.4,2250,105367.92
C,GC=F,buythedip,33,4/11/25,6298.4,2250,102484.19
C,GC=F,buythedip,34,4/11/25,6298.4,2250,101303.39
C,GC=F,buythedip,35,4/11/25,6298.4,2250,100289.35
C,GC=F,buythedip,36,4/11/25,6298.4,2250,101259.32
C,GC=F,buythedip,37,4/11/25,6298.4,2250,102375.37
C,GC=F,buythedip,38,4/11/25,6298.4,2250,101861.03
C,GC=F,buythedip,39,4/11/25,6298.4,2250,103438.76
C,GC=F,buythedip,40,4/11/25,6298.4,2250,102397.1
C,GC=F,buythedip,41,4/11/25,6298.4,2250,102685.76
C,GC=F,buythedip,42,4/11/25,6298.4,2250,102969.56
C,GC=F,buythedip,43,4/11/25,6298.4,2250,101691.91
C,GC=F,buythedip,44,4/11/25,6298.4,2250,103352.37
C,GC=F,buythedip,45,4/11/25,6298.4,2250,102212.23
C,GC=F,buythedip,46,4/11/25,6298.4,2250,102711.75
C,GC=F,buythedip,47,4/11/25,6298.4,2250,99875.85
C,GC=F,buythedip,48,4/11/25,6298.4,2250,100150.58
C,GC=F,buythedip,49,4/11/25,6298.4,2250,101034.97
C,GC=F,buythedip,50,4/11/25,6298.4,2250,102226.97
C,GC=F,buythedip,51,4/11/25,6298.4,2250,98458.39
C,GC=F,buythedip,52,4/11/25,6298.4,2250,104370.59
C,GC=F,buythedip,53,4/11/25,6298.4,2250,103320.94
C,GC=F,buythedip,54,4/11/25,6298.4,2250,103179.87
C,GC=F,buythedip,55,4/11/25,6298.4,2250,102241.93
C,GC=F,buythedip,56,4/11/25,6298.4,2250,101427.42
C,GC=F,buythedip,57,4/11/25,6298.4,2250,103019.08
C,GC=F,buythedip,58,4/11/25,6298.4,2250,102509.96
C,GC=F,buythedip,59,4/11/25,6298.4,2250,100866.76
C,GC=F,buythedip,60,4/11/25,6298.4,2250,100490.35
C,GC=F,buythedip,61,4/11/25,6298.4,2250,102978.56
C,GC=F,buythedip,62,4/11/25,6298.4,2250,104649.06
C,GC=F,buythedip,63,4/11/25,6298.4,2250,102233.68
C,GC=F,buythedip,64,4/11/25,6298.4,2250,105185.46
C,GC=F,buythedip,65,4/11/25,6298.4,2250,103256.82
C,GC=F,buythedip,66,4/11/25,6298.4,2250,104397.23
C,GC=F,buythedip,67,4/11/25,6298.4,2250,100656.12
C,GC=F,buythedip,68,4/11/25,6298.4,2250,100571.68
C,GC=F,buythedip,69,4/11/25,6298.4,2250,100778.03
C,GC=F,buythedip,70,4/11/25,6298.4,2250,101121.78
C,GC=F,buythedip,71,4/11/25,6298.4,2250,100635.45
C,GC=F,buythedip,72,4/11/25,6298.4,2250,101743.96
C,GC=F,buythedip,73,4/11/25,6298.4,2250,100383.59
C,GC=F,buythedip,74,4/11/25,6298.4,2250,102767.01
C,GC=F,buythedip,75,4/11/25,6298.4,2250,102789.9
C,GC=F,buythedip,76,4/11/25,6298.4,2250,99754.66
C,GC=F,buythedip,77,4/11/25,6298.4,2250,100276.44
C,GC=F,buythedip,78,4/11/25,6298.4,2250,102831.21
C,GC=F,buythedip,79,4/11/25,6298.4,2250,104725.15
C,GC=F,buythedip,80,4/11/25,6298.4,2250,104618.26
C,GC=F,buythedip,81,4/11/25,6298.4,2250,104552.52
C,GC=F,buythedip,82,4/11/25,6298.4,2250,104072.71
C,GC=F,buythedip,83,4/11/25,6298.4,2250,99670.19
C,GC=F,buythedip,84,4/11/25,6298.4,2250,103024.04
C,GC=F,buythedip,85,4/11/25,6298.4,2250,104089.07
C,GC=F,buythedip,86,4/11/25,6298.4,2250,101799.33
C,GC=F,buythedip,87,4/11/25,6298.4,2250,104964.92
C,GC=F,buythedip,88,4/11/25,6298.4,2250,104159.72
C,GC=F,buythedip,89,4/11/25,6298.4,2250,101736.41
C,GC=F,buythedip,90,4/11/25,6298.4,2250,100285.33
C,GC=F,buythedip,91,4/11/25,6298.4,2250,100692.41
C,GC=F,buythedip,92,4/11/25,6298.4,2250,101518.42
C,GC=F,buythedip,93,4/11/25,6298.4,2250,102520.79
C,GC=F,buythedip,94,4/11/25,6298.4,2250,103403.15
C,GC=F,buythedip,95,4/11/25,6298.4,2250,101673.06
C,GC=F,buythedip,96,4/11/25,6298.4,2250,103217.75
C,GC=F,buythedip,97,4/11/25,6298.4,2250,102730.84
C,GC=F,buythedip,98,4/11/25,6298.4,2250,101627.31
C,GC=F,buythedip,99,4/11/25,6298.4,2250,104030.01
C,GC=F,buythedip,100,4/11/25,6298.4,2250,102411.52
C,^IXIC,0.98buythedip,1,4/11/25,132755.44,47000,147171.92
C,^IXIC,0.98buythedip,2,4/11/25,132755.44,47000,151138.24
C,^IXIC,0.98buythedip,3,4/11/25,132755.44,47000,145591.95
C,^IXIC,0.98buythedip,4,4/11/25,132755.44,47000,156879.22
C,^IXIC,0.98buythedip,5,4/11/25,132755.44,47000,154229.74
C,^IXIC,0.98buythedip,6,4/11/25,132755.44,47000,144280.81
C,^IXIC,0.98buythedip,7,4/11/25,132755.44,47000,152482.29
C,^IXIC,0.98buythedip,8,4/11/25,132755.44,47000,153432.54
C,^IXIC,0.98buythedip,9,4/11/25,132755.44,47000,165146.45
C,^IXIC,0.98buythedip,10,4/11/25,132755.44,47000,144437.75
C,^IXIC,0.98buythedip,11,4/11/25,132755.44,47000,158933.94
C,^IXIC,0.98buythedip,12,4/11/25,132755.44,47000,149940.82
C,^IXIC,0.98buythedip,13,4/11/25,132755.44,47000,146252.31
C,^IXIC,0.98buythedip,14,4/11/25,132755.44,47000,151872.42
C,^IXIC,0.98buythedip,15,4/11/25,132755.44,47000,146400.67
C,^IXIC,0.98buythedip,16,4/11/25,132755.44,47000,156639.52
C,^IXIC,0.98buythedip,17,4/11/25,132755.44,47000,144679.44
C,^IXIC,0.98buythedip,18,4/11/25,132755.44,47000,139891.8
C,^IXIC,0.98buythedip,19,4/11/25,132755.44,47000,149680.77
C,^IXIC,0.98buythedip,20,4/11/25,132755.44,47000,169031.64
C,^IXIC,0.98buythedip,21,4/11/25,132755.44,47000,155213.78
C,^IXIC,0.98buythedip,22,4/11/25,132755.44,47000,158554.88
C,^IXIC,0.98buythedip,23,4/11/25,132755.44,47000,153743.04
C,^IXIC,0.98buythedip,24,4/11/25,132755.44,47000,150710.94
C,^IXIC,0.98buythedip,25,4/11/25,132755.44,47000,153478.48
C,^IXIC,0.98buythedip,26,4/11/25,132755.44,47000,169899.54
C,^IXIC,0.98buythedip,27,4/11/25,132755.44,47000,157180.23
C,^IXIC,0.98buythedip,28,4/11/25,132755.44,47000,152737.16
C,^IXIC,0.98buythedip,29,4/11/25,132755.44,47000,158597.72
C,^IXIC,0.98buythedip,30,4/11/25,132755.44,47000,149897.93
C,^IXIC,0.98buythedip,31,4/11/25,132755.44,47000,153596.76
C,^IXIC,0.98buythedip,32,4/11/25,132755.44,47000,166881.06
C,^IXIC,0.98buythedip,33,4/11/25,132755.44,47000,155742.84
C,^IXIC,0.98buythedip,34,4/11/25,132755.44,47000,143022.68
C,^IXIC,0.98buythedip,35,4/11/25,132755.44,47000,151633.63
C,^IXIC,0.98buythedip,36,4/11/25,132755.44,47000,150819.21
C,^IXIC,0.98buythedip,37,4/11/25,132755.44,47000,159300.42
C,^IXIC,0.98buythedip,38,4/11/25,132755.44,47000,153132.7
C,^IXIC,0.98buythedip,39,4/11/25,132755.44,47000,159129.82
C,^IXIC,0.98buythedip,40,4/11/25,132755.44,47000,150474.86
C,^IXIC,0.98buythedip,41,4/11/25,132755.44,47000,154500.91
C,^IXIC,0.98buythedip,42,4/11/25,132755.44,47000,156571.25
C,^IXIC,0.98buythedip,43,4/11/25,132755.44,47000,161930.08
C,^IXIC,0.98buythedip,44,4/11/25,132755.44,47000,159095.36
C,^IXIC,0.98buythedip,45,4/11/25,132755.44,47000,158896.33
C,^IXIC,0.98buythedip,46,4/11/25,132755.44,47000,158203.27
C,^IXIC,0.98buythedip,47,4/11/25,132755.44,47000,147428.44
C,^IXIC,0.98buythedip,48,4/11/25,132755.44,47000,152618.18
C,^IXIC,0.98buythedip,49,4/11/25,132755.44,47000,149924.03
C,^IXIC,0.98buythedip,50,4/11/25,132755.44,47000,152942.43
C,^IXIC,0.98buythedip,51,4/11/25,132755.44,47000,137715.17
C,^IXIC,0.98buythedip,52,4/11/25,132755.44,47000,162837.04
C,^IXIC,0.98buythedip,53,4/11/25,132755.44,47000,149125.68
C,^IXIC,0.98buythedip,54,4/11/25,132755.44,47000,143170.63
C,^IXIC,0.98buythedip,55,4/11/25,132755.44,47000,148378.74
C,^IXIC,0.98buythedip,56,4/11/25,132755.44,47000,156836.45
C,^IXIC,0.98buythedip,57,4/11/25,132755.44,47000,157946.37
C,^IXIC,0.98buythedip,58,4/11/25,132755.44,47000,160765.48
C,^IXIC,0.98buythedip,59,4/11/25,132755.44,47000,156127.26
C,^IXIC,0.98buythedip,60,4/11/25,132755.44,47000,150454.04
C,^IXIC,0.98buythedip,61,4/11/25,132755.44,47000,149553.35
C,^IXIC,0.98buythedip,62,4/11/25,132755.44,47000,152662.49
C,^IXIC,0.98buythedip,63,4/11/25,132755.44,47000,153190.05
C,^IXIC,0.98buythedip,64,4/11/25,132755.44,47000,162570.63
C,^IXIC,0.98buythedip,65,4/11/25,132755.44,47000,146470.15
C,^IXIC,0.98buythedip,66,4/11/25,132755.44,47000,155341.23
C,^IXIC,0.98buythedip,67,4/11/25,132755.44,47000,157618.21
C,^IXIC,0.98buythedip,68,4/11/25,132755.44,47000,145214.12
C,^IXIC,0.98buythedip,69,4/11/25,132755.44,47000,151688.02
C,^IXIC,0.98buythedip,70,4/11/25,132755.44,47000,159024.13
C,^IXIC,0.98buythedip,71,4/11/25,132755.44,47000,145502.19
C,^IXIC,0.98buythedip,72,4/11/25,132755.44,47000,159031.17
C,^IXIC,0.98buythedip,73,4/11/25,132755.44,47000,148867.78
C,^IXIC,0.98buythedip,74,4/11/25,132755.44,47000,149783.68
C,^IXIC,0.98buythedip,75,4/11/25,132755.44,47000,144057.12
C,^IXIC,0.98buythedip,76,4/11/25,132755.44,47000,149448.98
C,^IXIC,0.98buythedip,77,4/11/25,132755.44,47000,157167.49
C,^IXIC,0.98buythedip,78,4/11/25,132755.44,47000,152212.63
C,^IXIC,0.98buythedip,79,4/11/25,132755.44,47000,154354.05
C,^IXIC,0.98buythedip,80,4/11/25,132755.44,47000,152876.28
C,^IXIC,0.98buythedip,81,4/11/25,132755.44,47000,148894.93
C,^IXIC,0.98buythedip,82,4/11/25,132755.44,47000,159881.34
C,^IXIC,0.98buythedip,83,4/11/25,132755.44,47000,147497.53
C,^IXIC,0.98buythedip,84,4/11/25,132755.44,47000,152443.82
C,^IXIC,0.98buythedip,85,4/11/25,132755.44,47000,157086.99
C,^IXIC,0.98buythedip,86,4/11/25,132755.44,47000,149303.79
C,^IXIC,0.98buythedip,87,4/11/25,132755.44,47000,157524.43
C,^IXIC,0.98buythedip,88,4/11/25,132755.44,47000,146379.88
C,^IXIC,0.98buythedip,89,4/11/25,132755.44,47000,146855.44
C,^IXIC,0.98buythedip,90,4/11/25,132755.44,47000,149516.49
C,^IXIC,0.98buythedip,91,4/11/25,132755.44,47000,139979.91
C,^IXIC,0.98buythedip,92,4/11/25,132755.44,47000,148622.43
C,^IXIC,0.98buythedip,93,4/11/25,132755.44,47000,157751.17
C,^IXIC,0.98buythedip,94,4/11/25,132755.44,47000,153874.27
C,^IXIC,0.98buythedip,95,4/11/25,132755.44,47000,151119.63
C,^IXIC,0.98buythedip,96,4/11/25,132755.44,47000,151749.82
C,^IXIC,0.98buythedip,97,4/11/25,132755.44,47000,167024.41
C,^IXIC,0.98buythedip,98,4/11/25,132755.44,47000,154439.17
C,^IXIC,0.98buythedip,99,4/11/25,132755.44,47000,147834.08
C,^IXIC,0.98buythedip,100,4/11/25,132755.44,47000,158216.07
C,GC=F,0.98buythedip,1,4/11/25,78372.16,66250,101208.18
C,GC=F,0.98buythedip,2,4/11/25,78372.16,66250,103626.55
C,GC=F,0.98buythedip,3,4/11/25,78372.16,66250,101003.9
C,GC=F,0.98buythedip,4,4/11/25,78372.16,66250,105277.97
C,GC=F,0.98buythedip,5,4/11/25,78372.16,66250,104309.85
C,GC=F,0.98buythedip,6,4/11/25,78372.16,66250,100729.37
C,GC=F,0.98buythedip,7,4/11/25,78372.16,66250,98918.77
C,GC=F,0.98buythedip,8,4/11/25,78372.16,66250,101706.93
C,GC=F,0.98buythedip,9,4/11/25,78372.16,66250,101596.42
C,GC=F,0.98buythedip,10,4/11/25,78372.16,66250,100670.17
C,GC=F,0.98buythedip,11,4/11/25,78372.16,66250,101020.32
C,GC=F,0.98buythedip,12,4/11/25,78372.16,66250,101429.9
C,GC=F,0.98buythedip,13,4/11/25,78372.16,66250,103146.57
C,GC=F,0.98buythedip,14,4/11/25,78372.16,66250,102125.25
C,GC=F,0.98buythedip,15,4/11/25,78372.16,66250,101144.44
C,GC=F,0.98buythedip,16,4/11/25,78372.16,66250,102811.87
C,GC=F,0.98buythedip,17,4/11/25,78372.16,66250,101438.91
C,GC=F,0.98buythedip,18,4/11/25,78372.16,66250,101467.08
C,GC=F,0.98buythedip,19,4/11/25,78372.16,66250,100382.64
C,GC=F,0.98buythedip,20,4/11/25,78372.16,66250,103687.14
C,GC=F,0.98buythedip,21,4/11/25,78372.16,66250,102401.13
C,GC=F,0.98buythedip,22,4/11/25,78372.16,66250,101600.37
C,GC=F,0.98buythedip,23,4/11/25,78372.16,66250,101493.22
C,GC=F,0.98buythedip,24,4/11/25,78372.16,66250,104151.47
C,GC=F,0.98buythedip,25,4/11/25,78372.16,66250,100445.21
C,GC=F,0.98buythedip,26,4/11/25,78372.16,66250,101740.5
C,GC=F,0.98buythedip,27,4/11/25,78372.16,66250,102439.63
C,GC=F,0.98buythedip,28,4/11/25,78372.16,66250,103749.71
C,GC=F,0.98buythedip,29,4/11/25,78372.16,66250,103659.37
C,GC=F,0.98buythedip,30,4/11/25,78372.16,66250,103323.62
C,GC=F,0.98buythedip,31,4/11/25,78372.16,66250,104008.68
C,GC=F,0.98buythedip,32,4/11/25,78372.16,66250,105367.92
C,GC=F,0.98buythedip,33,4/11/25,78372.16,66250,102484.19
C,GC=F,0.98buythedip,34,4/11/25,78372.16,66250,101303.39
C,GC=F,0.98buythedip,35,4/11/25,78372.16,66250,100289.35
C,GC=F,0.98buythedip,36,4/11/25,78372.16,66250,101259.32
C,GC=F,0.98buythedip,37,4/11/25,78372.16,66250,102375.37
C,GC=F,0.98buythedip,38,4/11/25,78372.16,66250,101861.03
C,GC=F,0.98buythedip,39,4/11/25,78372.16,66250,103438.76
C,GC=F,0.98buythedip,40,4/11/25,78372.16,66250,102397.1
C,GC=F,0.98buythedip,41,4/11/25,78372.16,66250,102685.76
C,GC=F,0.98buythedip,42,4/11/25,78372.16,66250,102969.56
C,GC=F,0.98buythedip,43,4/11/25,78372.16,66250,101691.91
C,GC=F,0.98buythedip,44,4/11/25,78372.16,66250,103352.37
C,GC=F,0.98buythedip,45,4/11/25,78372.16,66250,102212.23
C,GC=F,0.98buythedip,46,4/11/25,78372.16,66250,102711.75
C,GC=F,0.98buythedip,47,4/11/25,78372.16,66250,99875.85
C,GC=F,0.98buythedip,48,4/11/25,78372.16,66250,100150.58
C,GC=F,0.98buythedip,49,4/11/25,78372.16,66250,101034.97
C,GC=F,0.98buythedip,50,4/11/25,78372.16,66250,102226.97
C,GC=F,0.98buythedip,51,4/11/25,78372.16,66250,98458.39
C,GC=F,0.98buythedip,52,4/11/25,78372.16,66250,104370.59
C,GC=F,0.98buythedip,53,4/11/25,78372.16,66250,103320.94
C,GC=F,0.98buythedip,54,4/11/25,78372.16,66250,103179.87
C,GC=F,0.98buythedip,55,4/11/25,78372.16,66250,102241.93
C,GC=F,0.98buythedip,56,4/11/25,78372.16,66250,101427.42
C,GC=F,0.98buythedip,57,4/11/25,78372.16,66250,103019.08
C,GC=F,0.98buythedip,58,4/11/25,78372.16,66250,102509.96
C,GC=F,0.98buythedip,59,4/11/25,78372.16,66250,100866.76
C,GC=F,0.98buythedip,60,4/11/25,78372.16,66250,100490.35
C,GC=F,0.98buythedip,61,4/11/25,78372.16,66250,102978.56
C,GC=F,0.98buythedip,62,4/11/25,78372.16,66250,104649.06
C,GC=F,0.98buythedip,63,4/11/25,78372.16,66250,102233.68
C,GC=F,0.98buythedip,64,4/11/25,78372.16,66250,105185.46
C,GC=F,0.98buythedip,65,4/11/25,78372.16,66250,103256.82
C,GC=F,0.98buythedip,66,4/11/25,78372.16,66250,104397.23
C,GC=F,0.98buythedip,67,4/11/25,78372.16,66250,100656.12
C,GC=F,0.98buythedip,68,4/11/25,78372.16,66250,100571.68
C,GC=F,0.98buythedip,69,4/11/25,78372.16,66250,100778.03
C,GC=F,0.98buythedip,70,4/11/25,78372.16,66250,101121.78
C,GC=F,0.98buythedip,71,4/11/25,78372.16,66250,100635.45
C,GC=F,0.98buythedip,72,4/11/25,78372.16,66250,101743.96
C,GC=F,0.98buythedip,73,4/11/25,78372.16,66250,100383.59
C,GC=F,0.98buythedip,74,4/11/25,78372.16,66250,102767.01
C,GC=F,0.98buythedip,75,4/11/25,78372.16,66250,102789.9
C,GC=F,0.98buythedip,76,4/11/25,78372.16,66250,99754.66
C,GC=F,0.98buythedip,77,4/11/25,78372.16,66250,100276.44
C,GC=F,0.98buythedip,78,4/11/25,78372.16,66250,102831.21
C,GC=F,0.98buythedip,79,4/11/25,78372.16,66250,104725.15
C,GC=F,0.98buythedip,80,4/11/25,78372.16,66250,104618.26
C,GC=F,0.98buythedip,81,4/11/25,78372.16,66250,104552.52
C,GC=F,0.98buythedip,82,4/11/25,78372.16,66250,104072.71
C,GC=F,0.98buythedip,83,4/11/25,78372.16,66250,99670.19
C,GC=F,0.98buythedip,84,4/11/25,78372.16,66250,103024.04
C,GC=F,0.98buythedip,85,4/11/25,78372.16,66250,104089.07
C,GC=F,0.98buythedip,86,4/11/25,78372.16,66250,101799.33
C,GC=F,0.98buythedip,87,4/11/25,78372.16,66250,104964.92
C,GC=F,0.98buythedip,88,4/11/25,78372.16,66250,104159.72
C,GC=F,0.98buythedip,89,4/11/25,78372.16,66250,101736.41
C,GC=F,0.98buythedip,90,4/11/25,78372.16,66250,100285.33
C,GC=F,0.98buythedip,91,4/11/25,78372.16,66250,100692.41
C,GC=F,0.98buythedip,92,4/11/25,78372.16,66250,101518.42
C,GC=F,0.98buythedip,93,4/11/25,78372.16,66250,102520.79
C,GC=F,0.98buythedip,94,4/11/25,78372.16,66250,103403.15
C,GC=F,0.98buythedip,95,4/11/25,78372.16,66250,101673.06
C,GC=F,0.98buythedip,96,4/11/25,78372.16,66250,103217.75
C,GC=F,0.98buythedip,97,4/11/25,78372.16,66250,102730.84
C,GC=F,0.98buythedip,98,4/11/25,78372.16,66250,101627.31
C,GC=F,0.98buythedip,99,4/11/25,78372.16,66250,104030.01
C,GC=F,0.98buythedip,100,4/11/25,78372.16,66250,102411.52
C,^IXIC,complexbuythedip,1,4/11/25,152720.99,47250,147171.92
C,^IXIC,complexbuythedip,2,4/11/25,152720.99,47250,151138.24
C,^IXIC,complexbuythedip,3,4/11/25,152720.99,47250,145591.95
C,^IXIC,complexbuythedip,4,4/11/25,152720.99,47250,156879.22
C,^IXIC,complexbuythedip,5,4/11/25,152720.99,47250,154229.74
C,^IXIC,complexbuythedip,6,4/11/25,152720.99,47250,144280.81
C,^IXIC,complexbuythedip,7,4/11/25,152720.99,47250,152482.29
C,^IXIC,complexbuythedip,8,4/11/25,152720.99,47250,153432.54
C,^IXIC,complexbuythedip,9,4/11/25,152720.99,47250,165146.45
C,^IXIC,complexbuythedip,10,4/11/25,152720.99,47250,144437.75
C,^IXIC,complexbuythedip,11,4/11/25,152720.99,47250,158933.94
C,^IXIC,complexbuythedip,12,4/11/25,152720.99,47250,149940.82
C,^IXIC,complexbuythedip,13,4/11/25,152720.99,47250,146252.31
C,^IXIC,complexbuythedip,14,4/11/25,152720.99,47250,151872.42
C,^IXIC,complexbuythedip,15,4/11/25,152720.99,47250,146400.67
C,^IXIC,complexbuythedip,16,4/11/25,152720.99,47250,156639.52
C,^IXIC,complexbuythedip,17,4/11/25,152720.99,47250,144679.44
C,^IXIC,complexbuythedip,18,4/11/25,152720.99,47250,139891.8
C,^IXIC,complexbuythedip,19,4/11/25,152720.99,47250,149680.77
C,^IXIC,complexbuythedip,20,4/11/25,152720.99,47250,169031.64
C,^IXIC,complexbuythedip,21,4/11/25,152720.99,47250,155213.78
C,^IXIC,complexbuythedip,22,4/11/25,152720.99,47250,158554.88
C,^IXIC,complexbuythedip,23,4/11/25,152720.99,47250,153743.04
C,^IXIC,complexbuythedip,24,4/11/25,152720.99,47250,150710.94
C,^IXIC,complexbuythedip,25,4/11/25,152720.99,47250,153478.48
C,^IXIC,complexbuythedip,26,4/11/25,152720.99,47250,169899.54
C,^IXIC,complexbuythedip,27,4/11/25,152720.99,47250,157180.23
C,^IXIC,complexbuythedip,28,4/11/25,152720.99,47250,152737.16
C,^IXIC,complexbuythedip,29,4/11/25,152720.99,47250,158597.72
C,^IXIC,complexbuythedip,30,4/11/25,152720.99,47250,149897.93
C,^IXIC,complexbuythedip,31,4/11/25,152720.99,47250,153596.76
C,^IXIC,complexbuythedip,32,4/11/25,152720.99,47250,166881.06
C,^IXIC,complexbuythedip,33,4/11/25,152720.99,47250,155742.84
C,^IXIC,complexbuythedip,34,4/11/25,152720.99,47250,143022.68
C,^IXIC,complexbuythedip,35,4/11/25,152720.99,47250,151633.63
C,^IXIC,complexbuythedip,36,4/11/25,152720.99,47250,150819.21
C,^IXIC,complexbuythedip,37,4/11/25,152720.99,47250,159300.42
C,^IXIC,complexbuythedip,38,4/11/25,152720.99,47250,153132.7
C,^IXIC,complexbuythedip,39,4/11/25,152720.99,47250,159129.82
C,^IXIC,complexbuythedip,40,4/11/25,152720.99,47250,150474.86
C,^IXIC,complexbuythedip,41,4/11/25,152720.99,47250,154500.91
C,^IXIC,complexbuythedip,42,4/11/25,152720.99,47250,156571.25
C,^IXIC,complexbuythedip,43,4/11/25,152720.99,47250,161930.08
C,^IXIC,complexbuythedip,44,4/11/25,152720.99,47250,159095.36
C,^IXIC,complexbuythedip,45,4/11/25,152720.99,47250,158896.33
C,^IXIC,complexbuythedip,46,4/11/25,152720.99,47250,158203.27
C,^IXIC,complexbuythedip,47,4/11/25,152720.99,47250,147428.44
C,^IXIC,complexbuythedip,48,4/11/25,152720.99,47250,152618.18
C,^IXIC,complexbuythedip,49,4/11/25,152720.99,47250,149924.03
C,^IXIC,complexbuythedip,50,4/11/25,152720.99,47250,152942.43
C,^IXIC,complexbuythedip,51,4/11/25,152720.99,47250,137715.17
C,^IXIC,complexbuythedip,52,4/11/25,152720.99,47250,162837.04
C,^IXIC,complexbuythedip,53,4/11/25,152720.99,47250,149125.68
C,^IXIC,complexbuythedip,54,4/11/25,152720.99,47250,143170.63
C,^IXIC,complexbuythedip,55,4/11/25,152720.99,47250,148378.74
C,^IXIC,complexbuythedip,56,4/11/25,152720.99,47250,156836.45
C,^IXIC,complexbuythedip,57,4/11/25,152720.99,47250,157946.37
C,^IXIC,complexbuythedip,58,4/11/25,152720.99,47250,160765.48
C,^IXIC,complexbuythedip,59,4/11/25,152720.99,47250,156127.26
C,^IXIC,complexbuythedip,60,4/11/25,152720.99,47250,150454.04
C,^IXIC,complexbuythedip,61,4/11/25,152720.99,47250,149553.35
C,^IXIC,complexbuythedip,62,4/11/25,152720.99,47250,152662.49
C,^IXIC,complexbuythedip,63,4/11/25,152720.99,47250,153190.05
C,^IXIC,complexbuythedip,64,4/11/25,152720.99,47250,162570.63
C,^IXIC,complexbuythedip,65,4/11/25,152720.99,47250,146470.15
C,^IXIC,complexbuythedip,66,4/11/25,152720.99,47250,155341.23
C,^IXIC,complexbuythedip,67,4/11/25,152720.99,47250,157618.21
C,^IXIC,complexbuythedip,68,4/11/25,152720.99,47250,145214.12
C,^IXIC,complexbuythedip,69,4/11/25,152720.99,47250,151688.02
C,^IXIC,complexbuythedip,70,4/11/25,152720.99,47250,159024.13
C,^IXIC,complexbuythedip,71,4/11/25,152720.99,47250,145502.19
C,^IXIC,complexbuythedip,72,4/11/25,152720.99,47250,159031.17
C,^IXIC,complexbuythedip,73,4/11/25,152720.99,47250,148867.78
C,^IXIC,complexbuythedip,74,4/11/25,152720.99,47250,149783.68
C,^IXIC,complexbuythedip,75,4/11/25,152720.99,47250,144057.12
C,^IXIC,complexbuythedip,76,4/11/25,152720.99,47250,149448.98
C,^IXIC,complexbuythedip,77,4/11/25,152720.99,47250,157167.49
C,^IXIC,complexbuythedip,78,4/11/25,152720.99,47250,152212.63
C,^IXIC,complexbuythedip,79,4/11/25,152720.99,47250,154354.05
C,^IXIC,complexbuythedip,80,4/11/25,152720.99,47250,152876.28
C,^IXIC,complexbuythedip,81,4/11/25,152720.99,47250,148894.93
C,^IXIC,complexbuythedip,82,4/11/25,152720.99,47250,159881.34
C,^IXIC,complexbuythedip,83,4/11/25,152720.99,47250,147497.53
C,^IXIC,complexbuythedip,84,4/11/25,152720.99,47250,152443.82
C,^IXIC,complexbuythedip,85,4/11/25,152720.99,47250,157086.99
C,^IXIC,complexbuythedip,86,4/11/25,152720.99,47250,149303.79
C,^IXIC,complexbuythedip,87,4/11/25,152720.99,47250,157524.43
C,^IXIC,complexbuythedip,88,4/11/25,152720.99,47250,146379.88
C,^IXIC,complexbuythedip,89,4/11/25,152720.99,47250,146855.44
C,^IXIC,complexbuythedip,90,4/11/25,152720.99,47250,149516.49
C,^IXIC,complexbuythedip,91,4/11/25,152720.99,47250,139979.91
C,^IXIC,complexbuythedip,92,4/11/25,152720.99,47250,148622.43
C,^IXIC,complexbuythedip,93,4/11/25,152720.99,47250,157751.17
C,^IXIC,complexbuythedip,94,4/11/25,152720.99,47250,153874.27
C,^IXIC,complexbuythedip,95,4/11/25,152720.99,47250,151119.63
C,^IXIC,complexbuythedip,96,4/11/25,152720.99,47250,151749.82
C,^IXIC,complexbuythedip,97,4/11/25,152720.99,47250,167024.41
C,^IXIC,complexbuythedip,98,4/11/25,152720.99,47250,154439.17
C,^IXIC,complexbuythedip,99,4/11/25,152720.99,47250,147834.08
C,^IXIC,complexbuythedip,100,4/11/25,152720.99,47250,158216.07
C,GC=F,complexbuythedip,1,4/11/25,102830.01,47250,101208.18
C,GC=F,complexbuythedip,2,4/11/25,102830.01,47250,103626.55
C,GC=F,complexbuythedip,3,4/11/25,102830.01,47250,101003.9
C,GC=F,complexbuythedip,4,4/11/25,102830.01,47250,105277.97
C,GC=F,complexbuythedip,5,4/11/25,102830.01,47250,104309.85
C,GC=F,complexbuythedip,6,4/11/25,102830.01,47250,100729.37
C,GC=F,complexbuythedip,7,4/11/25,102830.01,47250,98918.77
C,GC=F,complexbuythedip,8,4/11/25,102830.01,47250,101706.93
C,GC=F,complexbuythedip,9,4/11/25,102830.01,47250,101596.42
C,GC=F,complexbuythedip,10,4/11/25,102830.01,47250,100670.17
C,GC=F,complexbuythedip,11,4/11/25,102830.01,47250,101020.32
C,GC=F,complexbuythedip,12,4/11/25,102830.01,47250,101429.9
C,GC=F,complexbuythedip,13,4/11/25,102830.01,47250,103146.57
C,GC=F,complexbuythedip,14,4/11/25,102830.01,47250,102125.25
C,GC=F,complexbuythedip,15,4/11/25,102830.01,47250,101144.44
C,GC=F,complexbuythedip,16,4/11/25,102830.01,47250,102811.87
C,GC=F,complexbuythedip,17,4/11/25,102830.01,47250,101438.91
C,GC=F,complexbuythedip,18,4/11/25,102830.01,47250,101467.08
C,GC=F,complexbuythedip,19,4/11/25,102830.01,47250,100382.64
C,GC=F,complexbuythedip,20,4/11/25,102830.01,47250,103687.14
C,GC=F,complexbuythedip,21,4/11/25,102830.01,47250,102401.13
C,GC=F,complexbuythedip,22,4/11/25,102830.01,47250,101600.37
C,GC=F,complexbuythedip,23,4/11/25,102830.01,47250,101493.22
C,GC=F,complexbuythedip,24,4/11/25,102830.01,47250,104151.47
C,GC=F,complexbuythedip,25,4/11/25,102830.01,47250,100445.21
C,GC=F,complexbuythedip,26,4/11/25,102830.01,47250,101740.5
C,GC=F,complexbuythedip,27,4/11/25,102830.01,47250,102439.63
C,GC=F,complexbuythedip,28,4/11/25,102830.01,47250,103749.71
C,GC=F,complexbuythedip,29,4/11/25,102830.01,47250,103659.37
C,GC=F,complexbuythedip,30,4/11/25,102830.01,47250,103323.62
C,GC=F,complexbuythedip,31,4/11/25,102830.01,47250,104008.68
C,GC=F,complexbuythedip,32,4/11/25,102830.01,47250,105367.92
C,GC=F,complexbuythedip,33,4/11/25,102830.01,47250,102484.19
C,GC=F,complexbuythedip,34,4/11/25,102830.01,47250,101303.39
C,GC=F,complexbuythedip,35,4/11/25,102830.01,47250,100289.35
C,GC=F,complexbuythedip,36,4/11/25,102830.01,47250,101259.32
C,GC=F,complexbuythedip,37,4/11/25,102830.01,47250,102375.37
C,GC=F,complexbuythedip,38,4/11/25,102830.01,47250,101861.03
C,GC=F,complexbuythedip,39,4/11/25,102830.01,47250,103438.76
C,GC=F,complexbuythedip,40,4/11/25,102830.01,47250,102397.1
C,GC=F,complexbuythedip,41,4/11/25,102830.01,47250,102685.76
C,GC=F,complexbuythedip,42,4/11/25,102830.01,47250,102969.56
C,GC=F,complexbuythedip,43,4/11/25,102830.01,47250,101691.91
C,GC=F,complexbuythedip,44,4/11/25,102830.01,47250,103352.37
C,GC=F,complexbuythedip,45,4/11/25,102830.01,47250,102212.23
C,GC=F,complexbuythedip,46,4/11/25,102830.01,47250,102711.75
C,GC=F,complexbuythedip,47,4/11/25,102830.01,47250,99875.85
C,GC=F,complexbuythedip,48,4/11/25,102830.01,47250,100150.58
C,GC=F,complexbuythedip,49,4/11/25,102830.01,47250,101034.97
C,GC=F,complexbuythedip,50,4/11/25,102830.01,47250,102226.97
C,GC=F,complexbuythedip,51,4/11/25,102830.01,47250,98458.39
C,GC=F,complexbuythedip,52,4/11/25,102830.01,47250,104370.59
C,GC=F,complexbuythedip,53,4/11/25,102830.01,47250,103320.94
C,GC=F,complexbuythedip,54,4/11/25,102830.01,47250,103179.87
C,GC=F,complexbuythedip,55,4/11/25,102830.01,47250,102241.93
C,GC=F,complexbuythedip,56,4/11/25,102830.01,47250,101427.42
C,GC=F,complexbuythedip,57,4/11/25,102830.01,47250,103019.08
C,GC=F,complexbuythedip,58,4/11/25,102830.01,47250,102509.96
C,GC=F,complexbuythedip,59,4/11/25,102830.01,47250,100866.76
C,GC=F,complexbuythedip,60,4/11/25,102830.01,47250,100490.35
C,GC=F,complexbuythedip,61,4/11/25,102830.01,47250,102978.56
C,GC=F,complexbuythedip,62,4/11/25,102830.01,47250,104649.06
C,GC=F,complexbuythedip,63,4/11/25,102830.01,47250,102233.68
C,GC=F,complexbuythedip,64,4/11/25,102830.01,47250,105185.46
C,GC=F,complexbuythedip,65,4/11/25,102830.01,47250,103256.82
C,GC=F,complexbuythedip,66,4/11/25,102830.01,47250,104397.23
C,GC=F,complexbuythedip,67,4/11/25,102830.01,47250,100656.12
C,GC=F,complexbuythedip,68,4/11/25,102830.01,47250,100571.68
C,GC=F,complexbuythedip,69,4/11/25,102830.01,47250,100778.03
C,GC=F,complexbuythedip,70,4/11/25,102830.01,47250,101121.78
C,GC=F,complexbuythedip,71,4/11/25,102830.01,47250,100635.45
C,GC=F,complexbuythedip,72,4/11/25,102830.01,47250,101743.96
C,GC=F,complexbuythedip,73,4/11/25,102830.01,47250,100383.59
C,GC=F,complexbuythedip,74,4/11/25,102830.01,47250,102767.01
C,GC=F,complexbuythedip,75,4/11/25,102830.01,47250,102789.9
C,GC=F,complexbuythedip,76,4/11/25,102830.01,47250,99754.66
C,GC=F,complexbuythedip,77,4/11/25,102830.01,47250,100276.44
C,GC=F,complexbuythedip,78,4/11/25,102830.01,47250,102831.21
C,GC=F,complexbuythedip,79,4/11/25,102830.01,47250,104725.15
C,GC=F,complexbuythedip,80,4/11/25,102830.01,47250,104618.26
C,GC=F,complexbuythedip,81,4/11/25,102830.01,47250,104552.52
C,GC=F,complexbuythedip,82,4/11/25,102830.01,47250,104072.71
C,GC=F,complexbuythedip,83,4/11/25,102830.01,47250,99670.19
C,GC=F,complexbuythedip,84,4/11/25,102830.01,47250,103024.04
C,GC=F,complexbuythedip,85,4/11/25,102830.01,47250,104089.07
C,GC=F,complexbuythedip,86,4/11/25,102830.01,47250,101799.33
C,GC=F,complexbuythedip,87,4/11/25,102830.01,47250,104964.92
C,GC=F,complexbuythedip,88,4/11/25,102830.01,47250,104159.72
C,GC=F,complexbuythedip,89,4/11/25,102830.01,47250,101736.41
C,GC=F,complexbuythedip,90,4/11/25,102830.01,47250,100285.33
C,GC=F,complexbuythedip,91,4/11/25,102830.01,47250,100692.41
C,GC=F,complexbuythedip,92,4/11/25,102830.01,47250,101518.42
C,GC=F,complexbuythedip,93,4/11/25,102830.01,47250,102520.79
C,GC=F,complexbuythedip,94,4/11/25,102830.01,47250,103403.15
C,GC=F,complexbuythedip,95,4/11/25,102830.01,47250,101673.06
C,GC=F,complexbuythedip,96,4/11/25,102830.01,47250,103217.75
C,GC=F,complexbuythedip,97,4/11/25,102830.01,47250,102730.84
C,GC=F,complexbuythedip,98,4/11/25,102830.01,47250,101627.31
C,GC=F,complexbuythedip,99,4/11/25,102830.01,47250,104030.01
C,GC=F,complexbuythedip,100,4/11/25,102830.01,47250,102411.52
D,^IXIC,first,1,4/11/25,55959.77,18100,54195
D,^IXIC,first,2,4/11/25,55959.77,18100,55781.53
D,^IXIC,first,3,4/11/25,55959.77,18100,53563.02
D,^IXIC,first,4,4/11/25,55959.77,18100,58077.93
D,^IXIC,first,5,4/11/25,55959.77,18100,57018.13
D,^IXIC,first,6,4/11/25,55959.77,18100,53038.56
D,^IXIC,first,7,4/11/25,55959.77,18100,56319.15
D,^IXIC,first,8,4/11/25,55959.77,18100,56699.25
D,^IXIC,first,9,4/11/25,55959.77,18100,61384.82
D,^IXIC,first,10,4/11/25,55959.77,18100,53101.34
D,^IXIC,first,11,4/11/25,55959.77,18100,58899.81
D,^IXIC,first,12,4/11/25,55959.77,18100,55302.57
D,^IXIC,first,13,4/11/25,55959.77,18100,53827.16
D,^IXIC,first,14,4/11/25,55959.77,18100,56075.21
D,^IXIC,first,15,4/11/25,55959.77,18100,53886.5
D,^IXIC,first,16,4/11/25,55959.77,18100,57982.05
D,^IXIC,first,17,4/11/25,55959.77,18100,53198.01
D,^IXIC,first,18,4/11/25,55959.77,18100,51282.96
D,^IXIC,first,19,4/11/25,55959.77,18100,55198.54
D,^IXIC,first,20,4/11/25,55959.77,18100,62938.89
D,^IXIC,first,21,4/11/25,55959.77,18100,57411.75
D,^IXIC,first,22,4/11/25,55959.77,18100,58748.19
D,^IXIC,first,23,4/11/25,55959.77,18100,56823.45
D,^IXIC,first,24,4/11/25,55959.77,18100,55610.61
D,^IXIC,first,25,4/11/25,55959.77,18100,56717.63
D,^IXIC,first,26,4/11/25,55959.77,18100,63286.05
D,^IXIC,first,27,4/11/25,55959.77,18100,58198.33
D,^IXIC,first,28,4/11/25,55959.77,18100,56421.1
D,^IXIC,first,29,4/11/25,55959.77,18100,58765.32
D,^IXIC,first,30,4/11/25,55959.77,18100,55285.41
D,^IXIC,first,31,4/11/25,55959.77,18100,56764.94
D,^IXIC,first,32,4/11/25,55959.77,18100,62078.66
D,^IXIC,first,33,4/11/25,55959.77,18100,57623.37
D,^IXIC,first,34,4/11/25,55959.77,18100,52535.31
D,^IXIC,first,35,4/11/25,55959.77,18100,55979.69
D,^IXIC,first,36,4/11/25,55959.77,18100,55653.92
D,^IXIC,first,37,4/11/25,55959.77,18100,59046.41
D,^IXIC,first,38,4/11/25,55959.77,18100,56579.32
D,^IXIC,first,39,4/11/25,55959.77,18100,58978.16
D,^IXIC,first,40,4/11/25,55959.77,18100,55516.18
D,^IXIC,first,41,4/11/25,55959.77,18100,57126.6
D,^IXIC,first,42,4/11/25,55959.77,18100,57954.74
D,^IXIC,first,43,4/11/25,55959.77,18100,60098.27
D,^IXIC,first,44,4/11/25,55959.77,18100,58964.38
D,^IXIC,first,45,4/11/25,55959.77,18100,58884.77
D,^IXIC,first,46,4/11/25,55959.77,18100,58607.55
D,^IXIC,first,47,4/11/25,55959.77,18100,54297.61
D,^IXIC,first,48,4/11/25,55959.77,18100,56373.51
D,^IXIC,first,49,4/11/25,55959.77,18100,55295.85
D,^IXIC,first,50,4/11/25,55959.77,18100,56503.21
D,^IXIC,first,51,4/11/25,55959.77,18100,50412.31
D,^IXIC,first,52,4/11/25,55959.77,18100,60461.05
D,^IXIC,first,53,4/11/25,55959.77,18100,54976.51
D,^IXIC,first,54,4/11/25,55959.77,18100,52594.49
D,^IXIC,first,55,4/11/25,55959.77,18100,54677.73
D,^IXIC,first,56,4/11/25,55959.77,18100,58060.82
D,^IXIC,first,57,4/11/25,55959.77,18100,58504.79
D,^IXIC,first,58,4/11/25,55959.77,18100,59632.43
D,^IXIC,first,59,4/11/25,55959.77,18100,57777.14
D,^IXIC,first,60,4/11/25,55959.77,18100,55507.85
D,^IXIC,first,61,4/11/25,55959.77,18100,55147.58
D,^IXIC,first,62,4/11/25,55959.77,18100,56391.23
D,^IXIC,first,63,4/11/25,55959.77,18100,56602.26
D,^IXIC,first,64,4/11/25,55959.77,18100,60354.49
D,^IXIC,first,65,4/11/25,55959.77,18100,53914.3
D,^IXIC,first,66,4/11/25,55959.77,18100,57462.73
D,^IXIC,first,67,4/11/25,55959.77,18100,58373.52
D,^IXIC,first,68,4/11/25,55959.77,18100,53411.89
D,^IXIC,first,69,4/11/25,55959.77,18100,56001.44
D,^IXIC,first,70,4/11/25,55959.77,18100,58935.89
D,^IXIC,first,71,4/11/25,55959.77,18100,53527.11
D,^IXIC,first,72,4/11/25,55959.77,18100,58938.7
D,^IXIC,first,73,4/11/25,55959.77,18100,54873.35
D,^IXIC,first,74,4/11/25,55959.77,18100,55239.71
D,^IXIC,first,75,4/11/25,55959.77,18100,52949.08
D,^IXIC,first,76,4/11/25,55959.77,18100,55105.83
D,^IXIC,first,77,4/11/25,55959.77,18100,58193.23
D,^IXIC,first,78,4/11/25,55959.77,18100,56211.29
D,^IXIC,first,79,4/11/25,55959.77,18100,57067.86
D,^IXIC,first,80,4/11/25,55959.77,18100,56476.75
D,^IXIC,first,81,4/11/25,55959.77,18100,54884.21
D,^IXIC,first,82,4/11/25,55959.77,18100,59278.77
D,^IXIC,first,83,4/11/25,55959.77,18100,54325.25
D,^IXIC,first,84,4/11/25,55959.77,18100,56303.77
D,^IXIC,first,85,4/11/25,55959.77,18100,58161.03
D,^IXIC,first,86,4/11/25,55959.77,18100,55047.75
D,^IXIC,first,87,4/11/25,55959.77,18100,58336.01
D,^IXIC,first,88,4/11/25,55959.77,18100,53878.19
D,^IXIC,first,89,4/11/25,55959.77,18100,54068.41
D,^IXIC,first,90,4/11/25,55959.77,18100,55132.83
D,^IXIC,first,91,4/11/25,55959.77,18100,51318.2
D,^IXIC,first,92,4/11/25,55959.77,18100,54775.21
D,^IXIC,first,93,4/11/25,55959.77,18100,58426.7
D,^IXIC,first,94,4/11/25,55959.77,18100,56875.94
D,^IXIC,first,95,4/11/25,55959.77,18100,55774.09
D,^IXIC,first,96,4/11/25,55959.77,18100,56026.17
D,^IXIC,first,97,4/11/25,55959.77,18100,62136
D,^IXIC,first,98,4/11/25,55959.77,18100,57101.91
D,^IXIC,first,99,4/11/25,55959.77,18100,54459.87
D,^IXIC,first,100,4/11/25,55959.77,18100,58612.67
D,GC=F,first,1,4/11/25,38967.41,18100,38537.16
D,GC=F,first,2,4/11/25,38967.41,18100,39504.51
D,GC=F,first,3,4/11/25,38967.41,18100,38455.45
D,GC=F,first,4,4/11/25,38967.41,18100,40165.08
D,GC=F,first,5,4/11/25,38967.41,18100,39777.83
D,GC=F,first,6,4/11/25,38967.41,18100,38345.64
D,GC=F,first,7,4/11/25,38967.41,18100,37621.4
D,GC=F,first,8,4/11/25,38967.41,18100,38736.66
D,GC=F,first,9,4/11/25,38967.41,18100,38692.46
D,GC=F,first,10,4/11/25,38967.41,18100,38321.96
D,GC=F,first,11,4/11/25,38967.41,18100,38462.02
D,GC=F,first,12,4/11/25,38967.41,18100,38625.85
D,GC=F,first,13,4/11/25,38967.41,18100,39312.52
D,GC=F,first,14,4/11/25,38967.41,18100,38903.99
D,GC=F,first,15,4/11/25,38967.41,18100,38511.67
D,GC=F,first,16,4/11/25,38967.41,18100,39178.64
D,GC=F,first,17,4/11/25,38967.41,18100,38629.46
D,GC=F,first,18,4/11/25,38967.41,18100,38640.72
D,GC=F,first,19,4/11/25,38967.41,18100,38206.95
D,GC=F,first,20,4/11/25,38967.41,18100,39528.75
D,GC=F,first,21,4/11/25,38967.41,18100,39014.35
D,GC=F,first,22,4/11/25,38967.41,18100,38694.04
D,GC=F,first,23,4/11/25,38967.41,18100,38651.18
D,GC=F,first,24,4/11/25,38967.41,18100,39714.48
D,GC=F,first,25,4/11/25,38967.41,18100,38231.97
D,GC=F,first,26,4/11/25,38967.41,18100,38750.09
D,GC=F,first,27,4/11/25,38967.41,18100,39029.75
D,GC=F,first,28,4/11/25,38967.41,18100,39553.78
D,GC=F,first,29,4/11/25,38967.41,18100,39517.64
D,GC=F,first,30,4/11/25,38967.41,18100,39383.34
D,GC=F,first,31,4/11/25,38967.41,18100,39657.36
D,GC=F,first,32,4/11/25,38967.41,18100,40201.06
D,GC=F,first,33,4/11/25,38967.41,18100,39047.57
D,GC=F,first,34,4/11/25,38967.41,18100,38575.25
D,GC=F,first,35,4/11/25,38967.41,18100,38169.63
D,GC=F,first,36,4/11/25,38967.41,18100,38557.62
D,GC=F,first,37,4/11/25,38967.41,18100,39004.04
D,GC=F,first,38,4/11/25,38967.41,18100,38798.3
D,GC=F,first,39,4/11/25,38967.41,18100,39429.4
D,GC=F,first,40,4/11/25,38967.41,18100,39012.73
D,GC=F,first,41,4/11/25,38967.41,18100,39128.2
D,GC=F,first,42,4/11/25,38967.41,18100,39241.72
D,GC=F,first,43,4/11/25,38967.41,18100,38730.65
D,GC=F,first,44,4/11/25,38967.41,18100,39394.84
D,GC=F,first,45,4/11/25,38967.41,18100,38938.78
D,GC=F,first,46,4/11/25,38967.41,18100,39138.59
D,GC=F,first,47,4/11/25,38967.41,18100,38004.23
D,GC=F,first,48,4/11/25,38967.41,18100,38114.12
D,GC=F,first,49,4/11/25,38967.41,18100,38467.88
D,GC=F,first,50,4/11/25,38967.41,18100,38944.68
D,GC=F,first,51,4/11/25,38967.41,18100,37437.25
D,GC=F,first,52,4/11/25,38967.41,18100,39802.13
D,GC=F,first,53,4/11/25,38967.41,18100,39382.27
D,GC=F,first,54,4/11/25,38967.41,18100,39325.84
D,GC=F,first,55,4/11/25,38967.41,18100,38950.66
D,GC=F,first,56,4/11/25,38967.41,18100,38624.86
D,GC=F,first,57,4/11/25,38967.41,18100,39261.52
D,GC=F,first,58,4/11/25,38967.41,18100,39057.88
D,GC=F,first,59,4/11/25,38967.41,18100,38400.6
D,GC=F,first,60,4/11/25,38967.41,18100,38250.03
D,GC=F,first,61,4/11/25,38967.41,18100,39245.32
D,GC=F,first,62,4/11/25,38967.41,18100,39913.51
D,GC=F,first,63,4/11/25,38967.41,18100,38947.36
D,GC=F,first,64,4/11/25,38967.41,18100,40128.08
D,GC=F,first,65,4/11/25,38967.41,18100,39356.62
D,GC=F,first,66,4/11/25,38967.41,18100,39812.78
D,GC=F,first,67,4/11/25,38967.41,18100,38316.34
D,GC=F,first,68,4/11/25,38967.41,18100,38282.56
D,GC=F,first,69,4/11/25,38967.41,18100,38365.1
D,GC=F,first,70,4/11/25,38967.41,18100,38502.6
D,GC=F,first,71,4/11/25,38967.41,18100,38308.07
D,GC=F,first,72,4/11/25,38967.41,18100,38751.47
D,GC=F,first,73,4/11/25,38967.41,18100,38207.33
D,GC=F,first,74,4/11/25,38967.41,18100,39160.7
D,GC=F,first,75,4/11/25,38967.41,18100,39169.85
D,GC=F,first,76,4/11/25,38967.41,18100,37955.75
D,GC=F,first,77,4/11/25,38967.41,18100,38164.47
D,GC=F,first,78,4/11/25,38967.41,18100,39186.37
D,GC=F,first,79,4/11/25,38967.41,18100,39943.95
D,GC=F,first,80,4/11/25,38967.41,18100,39901.2
D,GC=F,first,81,4/11/25,38967.41,18100,39874.9
D,GC=F,first,82,4/11/25,38967.41,18100,39682.97
D,GC=F,first,83,4/11/25,38967.41,18100,37921.97
D,GC=F,first,84,4/11/25,38967.41,18100,39263.51
D,GC=F,first,85,4/11/25,38967.41,18100,39689.52
D,GC=F,first,86,4/11/25,38967.41,18100,38773.62
D,GC=F,first,87,4/11/25,38967.41,18100,40039.86
D,GC=F,first,88,4/11/25,38967.41,18100,39717.78
D,GC=F,first,89,4/11/25,38967.41,18100,38748.45
D,GC=F,first,90,4/11/25,38967.41,18100,38168.03
D,GC=F,first,91,4/11/25,38967.41,18100,38330.86
D,GC=F,first,92,4/11/25,38967.41,18100,38661.26
D,GC=F,first,93,4/11/25,38967.41,18100,39062.21
D,GC=F,first,94,4/11/25,38967.41,18100,39415.15
D,GC=F,first,95,4/11/25,38967.41,18100,38723.11
D,GC=F,first,96,4/11/25,38967.41,18100,39340.99
D,GC=F,first,97,4/11/25,38967.41,18100,39146.23
D,GC=F,first,98,4/11/25,38967.41,18100,38704.82
D,GC=F,first,99,4/11/25,38967.41,18100,39665.9
D,GC=F,first,100,4/11/25,38967.41,18100,39018.5
D,^IXIC,losing,1,4/11/25,56229.97,18100,54195
D,^IXIC,losing,2,4/11/25,56229.97,18100,55781.53
D,^IXIC,losing,3,4/11/25,56229.97,18100,53563.02
D,^IXIC,losing,4,4/11/25,56229.97,18100,58077.93
D,^IXIC,losing,5,4/11/25,56229.97,18100,57018.13
D,^IXIC,losing,6,4/11/25,56229.97,18100,53038.56
D,^IXIC,losing,7,4/11/25,56229.97,18100,56319.15
D,^IXIC,losing,8,4/11/25,56229.97,18100,56699.25
D,^IXIC,losing,9,4/11/25,56229.97,18100,61384.82
D,^IXIC,losing,10,4/11/25,56229.97,18100,53101.34
D,^IXIC,losing,11,4/11/25,56229.97,18100,58899.81
D,^IXIC,losing,12,4/11/25,56229.97,18100,55302.57
D,^IXIC,losing,13,4/11/25,56229.97,18100,53827.16
D,^IXIC,losing,14,4/11/25,56229.97,18100,56075.21
D,^IXIC,losing,15,4/11/25,56229.97,18100,53886.5
D,^IXIC,losing,16,4/11/25,56229.97,18100,57982.05
D,^IXIC,losing,17,4/11/25,56229.97,18100,53198.01
D,^IXIC,losing,18,4/11/25,56229.97,18100,51282.96
D,^IXIC,losing,19,4/11/25,56229.97,18100,55198.54
D,^IXIC,losing,20,4/11/25,56229.97,18100,62938.89
D,^IXIC,losing,21,4/11/25,56229.97,18100,57411.75
D,^IXIC,losing,22,4/11/25,56229.97,18100,58748.19
D,^IXIC,losing,23,4/11/25,56229.97,18100,56823.45
D,^IXIC,losing,24,4/11/25,56229.97,18100,55610.61
D,^IXIC,losing,25,4/11/25,56229.97,18100,56717.63
D,^IXIC,losing,26,4/11/25,56229.97,18100,63286.05
D,^IXIC,losing,27,4/11/25,56229.97,18100,58198.33
D,^IXIC,losing,28,4/11/25,56229.97,18100,56421.1
D,^IXIC,losing,29,4/11/25,56229.97,18100,58765.32
D,^IXIC,losing,30,4/11/25,56229.97,18100,55285.41
D,^IXIC,losing,31,4/11/25,56229.97,18100,56764.94
D,^IXIC,losing,32,4/11/25,56229.97,18100,62078.66
D,^IXIC,losing,33,4/11/25,56229.97,18100,57623.37
D,^IXIC,losing,34,4/11/25,56229.97,18100,52535.31
D,^IXIC,losing,35,4/11/25,56229.97,18100,55979.69
D,^IXIC,losing,36,4/11/25,56229.97,18100,55653.92
D,^IXIC,losing,37,4/11/25,56229.97,18100,59046.41
D,^IXIC,losing,38,4/11/25,56229.97,18100,56579.32
D,^IXIC,losing,39,4/11/25,56229.97,18100,58978.16
D,^IXIC,losing,40,4/11/25,56229.97,18100,55516.18
D,^IXIC,losing,41,4/11/25,56229.97,18100,57126.6
D,^IXIC,losing,42,4/11/25,56229.97,18100,57954.74
D,^IXIC,losing,43,4/11/25,56229.97,18100,60098.27
D,^IXIC,losing,44,4/11/25,56229.97,18100,58964.38
D,^IXIC,losing,45,4/11/25,56229.97,18100,58884.77
D,^IXIC,losing,46,4/11/25,56229.97,18100,58607.55
D,^IXIC,losing,47,4/11/25,56229.97,18100,54297.61
D,^IXIC,losing,48,4/11/25,56229.97,18100,56373.51
D,^IXIC,losing,49,4/11/25,56229.97,18100,55295.85
D,^IXIC,losing,50,4/11/25,56229.97,18100,56503.21
D,^IXIC,losing,51,4/11/25,56229.97,18100,50412.31
D,^IXIC,losing,52,4/11/25,56229.97,18100,60461.05
D,^IXIC,losing,53,4/11/25,56229.97,18100,54976.51
D,^IXIC,losing,54,4/11/25,56229.97,18100,52594.49
D,^IXIC,losing,55,4/11/25,56229.97,18100,54677.73
D,^IXIC,losing,56,4/11/25,56229.97,18100,58060.82
D,^IXIC,losing,57,4/11/25,56229.97,18100,58504.79
D,^IXIC,losing,58,4/11/25,56229.97,18100,59632.43
D,^IXIC,losing,59,4/11/25,56229.97,18100,57777.14
D,^IXIC,losing,60,4/11/25,56229.97,18100,55507.85
D,^IXIC,losing,61,4/11/25,56229.97,18100,55147.58
D,^IXIC,losing,62,4/11/25,56229.97,18100,56391.23
D,^IXIC,losing,63,4/11/25,56229.97,18100,56602.26
D,^IXIC,losing,64,4/11/25,56229.97,18100,60354.49
D,^IXIC,losing,65,4/11/25,56229.97,18100,53914.3
D,^IXIC,losing,66,4/11/25,56229.97,18100,57462.73
D,^IXIC,losing,67,4/11/25,56229.97,18100,58373.52
D,^IXIC,losing,68,4/11/25,56229.97,18100,53411.89
D,^IXIC,losing,69,4/11/25,56229.97,18100,56001.44
D,^IXIC,losing,70,4/11/25,56229.97,18100,58935.89
D,^IXIC,losing,71,4/11/25,56229.97,18100,53527.11
D,^IXIC,losing,72,4/11/25,56229.97,18100,58938.7
D,^IXIC,losing,73,4/11/25,56229.97,18100,54873.35
D,^IXIC,losing,74,4/11/25,56229.97,18100,55239.71
D,^IXIC,losing,75,4/11/25,56229.97,18100,52949.08
D,^IXIC,losing,76,4/11/25,56229.97,18100,55105.83
D,^IXIC,losing,77,4/11/25,56229.97,18100,58193.23
D,^IXIC,losing,78,4/11/25,56229.97,18100,56211.29
D,^IXIC,losing,79,4/11/25,56229.97,18100,57067.86
D,^IXIC,losing,80,4/11/25,56229.97,18100,56476.75
D,^IXIC,losing,81,4/11/25,56229.97,18100,54884.21
D,^IXIC,losing,82,4/11/25,56229.97,18100,59278.77
D,^IXIC,losing,83,4/11/25,56229.97,18100,54325.25
D,^IXIC,losing,84,4/11/25,56229.97,18100,56303.77
D,^IXIC,losing,85,4/11/25,56229.97,18100,58161.03
D,^IXIC,losing,86,4/11/25,56229.97,18100,55047.75
D,^IXIC,losing,87,4/11/25,56229.97,18100,58336.01
D,^IXIC,losing,88,4/11/25,56229.97,18100,53878.19
D,^IXIC,losing,89,4/11/25,56229.97,18100,54068.41
D,^IXIC,losing,90,4/11/25,56229.97,18100,55132.83
D,^IXIC,losing,91,4/11/25,56229.97,18100,51318.2
D,^IXIC,losing,92,4/11/25,56229.97,18100,54775.21
D,^IXIC,losing,93,4/11/25,56229.97,18100,58426.7
D,^IXIC,losing,94,4/11/25,56229.97,18100,56875.94
D,^IXIC,losing,95,4/11/25,56229.97,18100,55774.09
D,^IXIC,losing,96,4/11/25,56229.97,18100,56026.17
D,^IXIC,losing,97,4/11/25,56229.97,18100,62136
D,^IXIC,losing,98,4/11/25,56229.97,18100,57101.91
D,^IXIC,losing,99,4/11/25,56229.97,18100,54459.87
D,^IXIC,losing,100,4/11/25,56229.97,18100,58612.67
D,GC=F,losing,1,4/11/25,39122.33,18100,38537.16
D,GC=F,losing,2,4/11/25,39122.33,18100,39504.51
D,GC=F,losing,3,4/11/25,39122.33,18100,38455.45
D,GC=F,losing,4,4/11/25,39122.33,18100,40165.08
D,GC=F,losing,5,4/11/25,39122.33,18100,39777.83
D,GC=F,losing,6,4/11/25,39122.33,18100,38345.64
D,GC=F,losing,7,4/11/25,39122.33,18100,37621.4
D,GC=F,losing,8,4/11/25,39122.33,18100,38736.66
D,GC=F,losing,9,4/11/25,39122.33,18100,38692.46
D,GC=F,losing,10,4/11/25,39122.33,18100,38321.96
D,GC=F,losing,11,4/11/25,39122.33,18100,38462.02
D,GC=F,losing,12,4/11/25,39122.33,18100,38625.85
D,GC=F,losing,13,4/11/25,39122.33,18100,39312.52
D,GC=F,losing,14,4/11/25,39122.33,18100,38903.99
D,GC=F,losing,15,4/11/25,39122.33,18100,38511.67
D,GC=F,losing,16,4/11/25,39122.33,18100,39178.64
D,GC=F,losing,17,4/11/25,39122.33,18100,38629.46
D,GC=F,losing,18,4/11/25,39122.33,18100,38640.72
D,GC=F,losing,19,4/11/25,39122.33,18100,38206.95
D,GC=F,losing,20,4/11/25,39122.33,18100,39528.75
D,GC=F,losing,21,4/11/25,39122.33,18100,39014.35
D,GC=F,losing,22,4/11/25,39122.33,18100,38694.04
D,GC=F,losing,23,4/11/25,39122.33,18100,38651.18
D,GC=F,losing,24,4/11/25,39122.33,18100,39714.48
D,GC=F,losing,25,4/11/25,39122.33,18100,38231.97
D,GC=F,losing,26,4/11/25,39122.33,18100,38750.09
D,GC=F,losing,27,4/11/25,39122.33,18100,39029.75
D,GC=F,losing,28,4/11/25,39122.33,18100,39553.78
D,GC=F,losing,29,4/11/25,39122.33,18100,39517.64
D,GC=F,losing,30,4/11/25,39122.33,18100,39383.34
D,GC=F,losing,31,4/11/25,39122.33,18100,39657.36
D,GC=F,losing,32,4/11/25,39122.33,18100,40201.06
D,GC=F,losing,33,4/11/25,39122.33,18100,39047.57
D,GC=F,losing,34,4/11/25,39122.33,18100,38575.25
D,GC=F,losing,35,4/11/25,39122.33,18100,38169.63
D,GC=F,losing,36,4/11/25,39122.33,18100,38557.62
D,GC=F,losing,37,4/11/25,39122.33,18100,39004.04
D,GC=F,losing,38,4/11/25,39122.33,18100,38798.3
D,GC=F,losing,39,4/11/25,39122.33,18100,39429.4
D,GC=F,losing,40,4/11/25,39122.33,18100,39012.73
D,GC=F,losing,41,4/11/25,39122.33,18100,39128.2
D,GC=F,losing,42,4/11/25,39122.33,18100,39241.72
D,GC=F,losing,43,4/11/25,39122.33,18100,38730.65
D,GC=F,losing,44,4/11/25,39122.33,18100,39394.84
D,GC=F,losing,45,4/11/25,39122.33,18100,38938.78
D,GC=F,losing,46,4/11/25,39122.33,18100,39138.59
D,GC=F,losing,47,4/11/25,39122.33,18100,38004.23
D,GC=F,losing,48,4/11/25,39122.33,18100,38114.12
D,GC=F,losing,49,4/11/25,39122.33,18100,38467.88
D,GC=F,losing,50,4/11/25,39122.33,18100,38944.68
D,GC=F,losing,51,4/11/25,39122.33,18100,37437.25
D,GC=F,losing,52,4/11/25,39122.33,18100,39802.13
D,GC=F,losing,53,4/11/25,39122.33,18100,39382.27
D,GC=F,losing,54,4/11/25,39122.33,18100,39325.84
D,GC=F,losing,55,4/11/25,39122.33,18100,38950.66
D,GC=F,losing,56,4/11/25,39122.33,18100,38624.86
D,GC=F,losing,57,4/11/25,39122.33,18100,39261.52
D,GC=F,losing,58,4/11/25,39122.33,18100,39057.88
D,GC=F,losing,59,4/11/25,39122.33,18100,38400.6
D,GC=F,losing,60,4/11/25,39122.33,18100,38250.03
D,GC=F,losing,61,4/11/25,39122.33,18100,39245.32
D,GC=F,losing,62,4/11/25,39122.33,18100,39913.51
D,GC=F,losing,63,4/11/25,39122.33,18100,38947.36
D,GC=F,losing,64,4/11/25,39122.33,18100,40128.08
D,GC=F,losing,65,4/11/25,39122.33,18100,39356.62
D,GC=F,losing,66,4/11/25,39122.33,18100,39812.78
D,GC=F,losing,67,4/11/25,39122.33,18100,38316.34
D,GC=F,losing,68,4/11/25,39122.33,18100,38282.56
D,GC=F,losing,69,4/11/25,39122.33,18100,38365.1
D,GC=F,losing,70,4/11/25,39122.33,18100,38502.6
D,GC=F,losing,71,4/11/25,39122.33,18100,38308.07
D,GC=F,losing,72,4/11/25,39122.33,18100,38751.47
D,GC=F,losing,73,4/11/25,39122.33,18100,38207.33
D,GC=F,losing,74,4/11/25,39122.33,18100,39160.7
D,GC=F,losing,75,4/11/25,39122.33,18100,39169.85
D,GC=F,losing,76,4/11/25,39122.33,18100,37955.75
D,GC=F,losing,77,4/11/25,39122.33,18100,38164.47
D,GC=F,losing,78,4/11/25,39122.33,18100,39186.37
D,GC=F,losing,79,4/11/25,39122.33,18100,39943.95
D,GC=F,losing,80,4/11/25,39122.33,18100,39901.2
D,GC=F,losing,81,4/11/25,39122.33,18100,39874.9
D,GC=F,losing,82,4/11/25,39122.33,18100,39682.97
D,GC=F,losing,83,4/11/25,39122.33,18100,37921.97
D,GC=F,losing,84,4/11/25,39122.33,18100,39263.51
D,GC=F,losing,85,4/11/25,39122.33,18100,39689.52
D,GC=F,losing,86,4/11/25,39122.33,18100,38773.62
D,GC=F,losing,87,4/11/25,39122.33,18100,40039.86
D,GC=F,losing,88,4/11/25,39122.33,18100,39717.78
D,GC=F,losing,89,4/11/25,39122.33,18100,38748.45
D,GC=F,losing,90,4/11/25,39122.33,18100,38168.03
D,GC=F,losing,91,4/11/25,39122.33,18100,38330.86
D,GC=F,losing,92,4/11/25,39122.33,18100,38661.26
D,GC=F,losing,93,4/11/25,39122.33,18100,39062.21
D,GC=F,losing,94,4/11/25,39122.33,18100,39415.15
D,GC=F,losing,95,4/11/25,39122.33,18100,38723.11
D,GC=F,losing,96,4/11/25,39122.33,18100,39340.99
D,GC=F,losing,97,4/11/25,39122.33,18100,39146.23
D,GC=F,losing,98,4/11/25,39122.33,18100,38704.82
D,GC=F,losing,99,4/11/25,39122.33,18100,39665.9
D,GC=F,losing,100,4/11/25,39122.33,18100,39018.5
D,^IXIC,growing,1,4/11/25,56288.84,18100,54195
D,^IXIC,growing,2,4/11/25,56288.84,18100,55781.53
D,^IXIC,growing,3,4/11/25,56288.84,18100,53563.02
D,^IXIC,growing,4,4/11/25,56288.84,18100,58077.93
D,^IXIC,growing,5,4/11/25,56288.84,18100,57018.13
D,^IXIC,growing,6,4/11/25,56288.84,18100,53038.56
D,^IXIC,growing,7,4/11/25,56288.84,18100,56319.15
D,^IXIC,growing,8,4/11/25,56288.84,18100,56699.25
D,^IXIC,growing,9,4/11/25,56288.84,18100,61384.82
D,^IXIC,growing,10,4/11/25,56288.84,18100,53101.34
D,^IXIC,growing,11,4/11/25,56288.84,18100,58899.81
D,^IXIC,growing,12,4/11/25,56288.84,18100,55302.57
D,^IXIC,growing,13,4/11/25,56288.84,18100,53827.16
D,^IXIC,growing,14,4/11/25,56288.84,18100,56075.21
D,^IXIC,growing,15,4/11/25,56288.84,18100,53886.5
D,^IXIC,growing,16,4/11/25,56288.84,18100,57982.05
D,^IXIC,growing,17,4/11/25,56288.84,18100,53198.01
D,^IXIC,growing,18,4/11/25,56288.84,18100,51282.96
D,^IXIC,growing,19,4/11/25,56288.84,18100,55198.54
D,^IXIC,growing,20,4/11/25,56288.84,18100,62938.89
D,^IXIC,growing,21,4/11/25,56288.84,18100,57411.75
D,^IXIC,growing,22,4/11/25,56288.84,18100,58748.19
D,^IXIC,growing,23,4/11/25,56288.84,18100,56823.45
D,^IXIC,growing,24,4/11/25,56288.84,18100,55610.61
D,^IXIC,growing,25,4/11/25,56288.84,18100,56717.63
D,^IXIC,growing,26,4/11/25,56288.84,18100,63286.05
D,^IXIC,growing,27,4/11/25,56288.84,18100,58198.33
D,^IXIC,growing,28,4/11/25,56288.84,18100,56421.1
D,^IXIC,growing,29,4/11/25,56288.84,18100,58765.32
D,^IXIC,growing,30,4/11/25,56288.84,18100,55285.41
D,^IXIC,growing,31,4/11/25,56288.84,18100,56764.94
D,^IXIC,growing,32,4/11/25,56288.84,18100,62078.66
D,^IXIC,growing,33,4/11/25,56288.84,18100,57623.37
D,^IXIC,growing,34,4/11/25,56288.84,18100,52535.31
D,^IXIC,growing,35,4/11/25,56288.84,18100,55979.69
D,^IXIC,growing,36,4/11/25,56288.84,18100,55653.92
D,^IXIC,growing,37,4/11/25,56288.84,18100,59046.41
D,^IXIC,growing,38,4/11/25,56288.84,18100,56579.32
D,^IXIC,growing,39,4/11/25,56288.84,18100,58978.16
D,^IXIC,growing,40,4/11/25,56288.84,18100,55516.18
D,^IXIC,growing,41,4/11/25,56288.84,18100,57126.6
D,^IXIC,growing,42,4/11/25,56288.84,18100,57954.74
D,^IXIC,growing,43,4/11/25,56288.84,18100,60098.27
D,^IXIC,growing,44,4/11/25,56288.84,18100,58964.38
D,^IXIC,growing,45,4/11/25,56288.84,18100,58884.77
D,^IXIC,growing,46,4/11/25,56288.84,18100,58607.55
D,^IXIC,growing,47,4/11/25,56288.84,18100,54297.61
D,^IXIC,growing,48,4/11/25,56288.84,18100,56373.51
D,^IXIC,growing,49,4/11/25,56288.84,18100,55295.85
D,^IXIC,growing,50,4/11/25,56288.84,18100,56503.21
D,^IXIC,growing,51,4/11/25,56288.84,18100,50412.31
D,^IXIC,growing,52,4/11/25,56288.84,18100,60461.05
D,^IXIC,growing,53,4/11/25,56288.84,18100,54976.51
D,^IXIC,growing,54,4/11/25,56288.84,18100,52594.49
D,^IXIC,growing,55,4/11/25,56288.84,18100,54677.73
D,^IXIC,growing,56,4/11/25,56288.84,18100,58060.82
D,^IXIC,growing,57,4/11/25,56288.84,18100,58504.79
D,^IXIC,growing,58,4/11/25,56288.84,18100,59632.43
D,^IXIC,growing,59,4/11/25,56288.84,18100,57777.14
D,^IXIC,growing,60,4/11/25,56288.84,18100,55507.85
D,^IXIC,growing,61,4/11/25,56288.84,18100,55147.58
D,^IXIC,growing,62,4/11/25,56288.84,18100,56391.23
D,^IXIC,growing,63,4/11/25,56288.84,18100,56602.26
D,^IXIC,growing,64,4/11/25,56288.84,18100,60354.49
D,^IXIC,growing,65,4/11/25,56288.84,18100,53914.3
D,^IXIC,growing,66,4/11/25,56288.84,18100,57462.73
D,^IXIC,growing,67,4/11/25,56288.84,18100,58373.52
D,^IXIC,growing,68,4/11/25,56288.84,18100,53411.89
D,^IXIC,growing,69,4/11/25,56288.84,18100,56001.44
D,^IXIC,growing,70,4/11/25,56288.84,18100,58935.89
D,^IXIC,growing,71,4/11/25,56288.84,18100,53527.11
D,^IXIC,growing,72,4/11/25,56288.84,18100,58938.7
D,^IXIC,growing,73,4/11/25,56288.84,18100,54873.35
D,^IXIC,growing,74,4/11/25,56288.84,18100,55239.71
D,^IXIC,growing,75,4/11/25,56288.84,18100,52949.08
D,^IXIC,growing,76,4/11/25,56288.84,18100,55105.83
D,^IXIC,growing,77,4/11/25,56288.84,18100,58193.23
D,^IXIC,growing,78,4/11/25,56288.84,18100,56211.29
D,^IXIC,growing,79,4/11/25,56288.84,18100,57067.86
D,^IXIC,growing,80,4/11/25,56288.84,18100,56476.75
D,^IXIC,growing,81,4/11/25,56288.84,18100,54884.21
D,^IXIC,growing,82,4/11/25,56288.84,18100,59278.77
D,^IXIC,growing,83,4/11/25,56288.84,18100,54325.25
D,^IXIC,growing,84,4/11/25,56288.84,18100,56303.77
D,^IXIC,growing,85,4/11/25,56288.84,18100,58161.03
D,^IXIC,growing,86,4/11/25,56288.84,18100,55047.75
D,^IXIC,growing,87,4/11/25,56288.84,18100,58336.01
D,^IXIC,growing,88,4/11/25,56288.84,18100,53878.19
D,^IXIC,growing,89,4/11/25,56288.84,18100,54068.41
D,^IXIC,growing,90,4/11/25,56288.84,18100,55132.83
D,^IXIC,growing,91,4/11/25,56288.84,18100,51318.2
D,^IXIC,growing,92,4/11/25,56288.84,18100,54775.21
D,^IXIC,growing,93,4/11/25,56288.84,18100,58426.7
D,^IXIC,growing,94,4/11/25,56288.84,18100,56875.94
D,^IXIC,growing,95,4/11/25,56288.84,18100,55774.09
D,^IXIC,growing,96,4/11/25,56288.84,18100,56026.17
D,^IXIC,growing,97,4/11/25,56288.84,18100,62136
D,^IXIC,growing,98,4/11/25,56288.84,18100,57101.91
D,^IXIC,growing,99,4/11/25,56288.84,18100,54459.87
D,^IXIC,growing,100,4/11/25,56288.84,18100,58612.67
D,GC=F,growing,1,4/11/25,39268.64,18200,38537.16
D,GC=F,growing,2,4/11/25,39268.64,18200,39504.51
D,GC=F,growing,3,4/11/25,39268.64,18200,38455.45
D,GC=F,growing,4,4/11/25,39268.64,18200,40165.08
D,GC=F,growing,5,4/11/25,39268.64,18200,39777.83
D,GC=F,growing,6,4/11/25,39268.64,18200,38345.64
D,GC=F,growing,7,4/11/25,39268.64,18200,37621.4
D,GC=F,growing,8,4/11/25,39268.64,18200,38736.66
D,GC=F,growing,9,4/11/25,39268.64,18200,38692.46
D,GC=F,growing,10,4/11/25,39268.64,18200,38321.96
D,GC=F,growing,11,4/11/25,39268.64,18200,38462.02
D,GC=F,growing,12,4/11/25,39268.64,18200,38625.85
D,GC=F,growing,13,4/11/25,39268.64,18200,39312.52
D,GC=F,growing,14,4/11/25,39268.64,18200,38903.99
D,GC=F,growing,15,4/11/25,39268.64,18200,38511.67
D,GC=F,growing,16,4/11/25,39268.64,18200,39178.64
D,GC=F,growing,17,4/11/25,39268.64,18200,38629.46
D,GC=F,growing,18,4/11/25,39268.64,18200,38640.72
D,GC=F,growing,19,4/11/25,39268.64,18200,38206.95
D,GC=F,growing,20,4/11/25,39268.64,18200,39528.75
D,GC=F,growing,21,4/11/25,39268.64,18200,39014.35
D,GC=F,growing,22,4/11/25,39268.64,18200,38694.04
D,GC=F,growing,23,4/11/25,39268.64,18200,38651.18
D,GC=F,growing,24,4/11/25,39268.64,18200,39714.48
D,GC=F,growing,25,4/11/25,39268.64,18200,38231.97
D,GC=F,growing,26,4/11/25,39268.64,18200,38750.09
D,GC=F,growing,27,4/11/25,39268.64,18200,39029.75
D,GC=F,growing,28,4/11/25,39268.64,18200,39553.78
D,GC=F,growing,29,4/11/25,39268.64,18200,39517.64
D,GC=F,growing,30,4/11/25,39268.64,18200,39383.34
D,GC=F,growing,31,4/11/25,39268.64,18200,39657.36
D,GC=F,growing,32,4/11/25,39268.64,18200,40201.06
D,GC=F,growing,33,4/11/25,39268.64,18200,39047.57
D,GC=F,growing,34,4/11/25,39268.64,18200,38575.25
D,GC=F,growing,35,4/11/25,39268.64,18200,38169.63
D,GC=F,growing,36,4/11/25,39268.64,18200,38557.62
D,GC=F,growing,37,4/11/25,39268.64,18200,39004.04
D,GC=F,growing,38,4/11/25,39268.64,18200,38798.3
D,GC=F,growing,39,4/11/25,39268.64,18200,39429.4
D,GC=F,growing,40,4/11/25,39268.64,18200,39012.73
D,GC=F,growing,41,4/11/25,39268.64,18200,39128.2
D,GC=F,growing,42,4/11/25,39268.64,18200,39241.72
D,GC=F,growing,43,4/11/25,39268.64,18200,38730.65
D,GC=F,growing,44,4/11/25,39268.64,18200,39394.84
D,GC=F,growing,45,4/11/25,39268.64,18200,38938.78
D,GC=F,growing,46,4/11/25,39268.64,18200,39138.59
D,GC=F,growing,47,4/11/25,39268.64,18200,38004.23
D,GC=F,growing,48,4/11/25,39268.64,18200,38114.12
D,GC=F,growing,49,4/11/25,39268.64,18200,38467.88
D,GC=F,growing,50,4/11/25,39268.64,18200,38944.68
D,GC=F,growing,51,4/11/25,39268.64,18200,37437.25
D,GC=F,growing,52,4/11/25,39268.64,18200,39802.13
D,GC=F,growing,53,4/11/25,39268.64,18200,39382.27
D,GC=F,growing,54,4/11/25,39268.64,18200,39325.84
D,GC=F,growing,55,4/11/25,39268.64,18200,38950.66
D,GC=F,growing,56,4/11/25,39268.64,18200,38624.86
D,GC=F,growing,57,4/11/25,39268.64,18200,39261.52
D,GC=F,growing,58,4/11/25,39268.64,18200,39057.88
D,GC=F,growing,59,4/11/25,39268.64,18200,38400.6
D,GC=F,growing,60,4/11/25,39268.64,18200,38250.03
D,GC=F,growing,61,4/11/25,39268.64,18200,39245.32
D,GC=F,growing,62,4/11/25,39268.64,18200,39913.51
D,GC=F,growing,63,4/11/25,39268.64,18200,38947.36
D,GC=F,growing,64,4/11/25,39268.64,18200,40128.08
D,GC=F,growing,65,4/11/25,39268.64,18200,39356.62
D,GC=F,growing,66,4/11/25,39268.64,18200,39812.78
D,GC=F,growing,67,4/11/25,39268.64,18200,38316.34
D,GC=F,growing,68,4/11/25,39268.64,18200,38282.56
D,GC=F,growing,69,4/11/25,39268.64,18200,38365.1
D,GC=F,growing,70,4/11/25,39268.64,18200,38502.6
D,GC=F,growing,71,4/11/25,39268.64,18200,38308.07
D,GC=F,growing,72,4/11/25,39268.64,18200,38751.47
D,GC=F,growing,73,4/11/25,39268.64,18200,38207.33
D,GC=F,growing,74,4/11/25,39268.64,18200,39160.7
D,GC=F,growing,75,4/11/25,39268.64,18200,39169.85
D,GC=F,growing,76,4/11/25,39268.64,18200,37955.75
D,GC=F,growing,77,4/11/25,39268.64,18200,38164.47
D,GC=F,growing,78,4/11/25,39268.64,18200,39186.37
D,GC=F,growing,79,4/11/25,39268.64,18200,39943.95
D,GC=F,growing,80,4/11/25,39268.64,18200,39901.2
D,GC=F,growing,81,4/11/25,39268.64,18200,39874.9
D,GC=F,growing,82,4/11/25,39268.64,18200,39682.97
D,GC=F,growing,83,4/11/25,39268.64,18200,37921.97
D,GC=F,growing,84,4/11/25,39268.64,18200,39263.51
D,GC=F,growing,85,4/11/25,39268.64,18200,39689.52
D,GC=F,growing,86,4/11/25,39268.64,18200,38773.62
D,GC=F,growing,87,4/11/25,39268.64,18200,40039.86
D,GC=F,growing,88,4/11/25,39268.64,18200,39717.78
D,GC=F,growing,89,4/11/25,39268.64,18200,38748.45
D,GC=F,growing,90,4/11/25,39268.64,18200,38168.03
D,GC=F,growing,91,4/11/25,39268.64,18200,38330.86
D,GC=F,growing,92,4/11/25,39268.64,18200,38661.26
D,GC=F,growing,93,4/11/25,39268.64,18200,39062.21
D,GC=F,growing,94,4/11/25,39268.64,18200,39415.15
D,GC=F,growing,95,4/11/25,39268.64,18200,38723.11
D,GC=F,growing,96,4/11/25,39268.64,18200,39340.99
D,GC=F,growing,97,4/11/25,39268.64,18200,39146.23
D,GC=F,growing,98,4/11/25,39268.64,18200,38704.82
D,GC=F,growing,99,4/11/25,39268.64,18200,39665.9
D,GC=F,growing,100,4/11/25,39268.64,18200,39018.5
D,^IXIC,buythedip,1,4/11/25,2150.3,300,54195
D,^IXIC,buythedip,2,4/11/25,2150.3,300,55781.53
D,^IXIC,buythedip,3,4/11/25,2150.3,300,53563.02
D,^IXIC,buythedip,4,4/11/25,2150.3,300,58077.93
D,^IXIC,buythedip,5,4/11/25,2150.3,300,57018.13
D,^IXIC,buythedip,6,4/11/25,2150.3,300,53038.56
D,^IXIC,buythedip,7,4/11/25,2150.3,300,56319.15
D,^IXIC,buythedip,8,4/11/25,2150.3,300,56699.25
D,^IXIC,buythedip,9,4/11/25,2150.3,300,61384.82
D,^IXIC,buythedip,10,4/11/25,2150.3,300,53101.34
D,^IXIC,buythedip,11,4/11/25,2150.3,300,58899.81
D,^IXIC,buythedip,12,4/11/25,2150.3,300,55302.57
D,^IXIC,buythedip,13,4/11/25,2150.3,300,53827.16
D,^IXIC,buythedip,14,4/11/25,2150.3,300,56075.21
D,^IXIC,buythedip,15,4/11/25,2150.3,300,53886.5
D,^IXIC,buythedip,16,4/11/25,2150.3,300,57982.05
D,^IXIC,buythedip,17,4/11/25,2150.3,300,53198.01
D,^IXIC,buythedip,18,4/11/25,2150.3,300,51282.96
D,^IXIC,buythedip,19,4/11/25,2150.3,300,55198.54
D,^IXIC,buythedip,20,4/11/25,2150.3,300,62938.89
D,^IXIC,buythedip,21,4/11/25,2150.3,300,57411.75
D,^IXIC,buythedip,22,4/11/25,2150.3,300,58748.19
D,^IXIC,buythedip,23,4/11/25,2150.3,300,56823.45
D,^IXIC,buythedip,24,4/11/25,2150.3,300,55610.61
D,^IXIC,buythedip,25,4/11/25,2150.3,300,56717.63
D,^IXIC,buythedip,26,4/11/25,2150.3,300,63286.05
D,^IXIC,buythedip,27,4/11/25,2150.3,300,58198.33
D,^IXIC,buythedip,28,4/11/25,2150.3,300,56421.1
D,^IXIC,buythedip,29,4/11/25,2150.3,300,58765.32
D,^IXIC,buythedip,30,4/11/25,2150.3,300,55285.41
D,^IXIC,buythedip,31,4/11/25,2150.3,300,56764.94
D,^IXIC,buythedip,32,4/11/25,2150.3,300,62078.66
D,^IXIC,buythedip,33,4/11/25,2150.3,300,57623.37
D,^IXIC,buythedip,34,4/11/25,2150.3,300,52535.31
D,^IXIC,buythedip,35,4/11/25,2150.3,300,55979.69
D,^IXIC,buythedip,36,4/11/25,2150.3,300,55653.92
D,^IXIC,buythedip,37,4/11/25,2150.3,300,59046.41
D,^IXIC,buythedip,38,4/11/25,2150.3,300,56579.32
D,^IXIC,buythedip,39,4/11/25,2150.3,300,58978.16
D,^IXIC,buythedip,40,4/11/25,2150.3,300,55516.18
D,^IXIC,buythedip,41,4/11/25,2150.3,300,57126.6
D,^IXIC,buythedip,42,4/11/25,2150.3,300,57954.74
D,^IXIC,buythedip,43,4/11/25,2150.3,300,60098.27
D,^IXIC,buythedip,44,4/11/25,2150.3,300,58964.38
D,^IXIC,buythedip,45,4/11/25,2150.3,300,58884.77
D,^IXIC,buythedip,46,4/11/25,2150.3,300,58607.55
D,^IXIC,buythedip,47,4/11/25,2150.3,300,54297.61
D,^IXIC,buythedip,48,4/11/25,2150.3,300,56373.51
D,^IXIC,buythedip,49,4/11/25,2150.3,300,55295.85
D,^IXIC,buythedip,50,4/11/25,2150.3,300,56503.21
D,^IXIC,buythedip,51,4/11/25,2150.3,300,50412.31
D,^IXIC,buythedip,52,4/11/25,2150.3,300,60461.05
D,^IXIC,buythedip,53,4/11/25,2150.3,300,54976.51
D,^IXIC,buythedip,54,4/11/25,2150.3,300,52594.49
D,^IXIC,buythedip,55,4/11/25,2150.3,300,54677.73
D,^IXIC,buythedip,56,4/11/25,2150.3,300,58060.82
D,^IXIC,buythedip,57,4/11/25,2150.3,300,58504.79
D,^IXIC,buythedip,58,4/11/25,2150.3,300,59632.43
D,^IXIC,buythedip,59,4/11/25,2150.3,300,57777.14
D,^IXIC,buythedip,60,4/11/25,2150.3,300,55507.85
D,^IXIC,buythedip,61,4/11/25,2150.3,300,55147.58
D,^IXIC,buythedip,62,4/11/25,2150.3,300,56391.23
D,^IXIC,buythedip,63,4/11/25,2150.3,300,56602.26
D,^IXIC,buythedip,64,4/11/25,2150.3,300,60354.49
D,^IXIC,buythedip,65,4/11/25,2150.3,300,53914.3
D,^IXIC,buythedip,66,4/11/25,2150.3,300,57462.73
D,^IXIC,buythedip,67,4/11/25,2150.3,300,58373.52
D,^IXIC,buythedip,68,4/11/25,2150.3,300,53411.89
D,^IXIC,buythedip,69,4/11/25,2150.3,300,56001.44
D,^IXIC,buythedip,70,4/11/25,2150.3,300,58935.89
D,^IXIC,buythedip,71,4/11/25,2150.3,300,53527.11
D,^IXIC,buythedip,72,4/11/25,2150.3,300,58938.7
D,^IXIC,buythedip,73,4/11/25,2150.3,300,54873.35
D,^IXIC,buythedip,74,4/11/25,2150.3,300,55239.71
D,^IXIC,buythedip,75,4/11/25,2150.3,300,52949.08
D,^IXIC,buythedip,76,4/11/25,2150.3,300,55105.83
D,^IXIC,buythedip,77,4/11/25,2150.3,300,58193.23
D,^IXIC,buythedip,78,4/11/25,2150.3,300,56211.29
D,^IXIC,buythedip,79,4/11/25,2150.3,300,57067.86
D,^IXIC,buythedip,80,4/11/25,2150.3,300,56476.75
D,^IXIC,buythedip,81,4/11/25,2150.3,300,54884.21
D,^IXIC,buythedip,82,4/11/25,2150.3,300,59278.77
D,^IXIC,buythedip,83,4/11/25,2150.3,300,54325.25
D,^IXIC,buythedip,84,4/11/25,2150.3,300,56303.77
D,^IXIC,buythedip,85,4/11/25,2150.3,300,58161.03
D,^IXIC,buythedip,86,4/11/25,2150.3,300,55047.75
D,^IXIC,buythedip,87,4/11/25,2150.3,300,58336.01
D,^IXIC,buythedip,88,4/11/25,2150.3,300,53878.19
D,^IXIC,buythedip,89,4/11/25,2150.3,300,54068.41
D,^IXIC,buythedip,90,4/11/25,2150.3,300,55132.83
D,^IXIC,buythedip,91,4/11/25,2150.3,300,51318.2
D,^IXIC,buythedip,92,4/11/25,2150.3,300,54775.21
D,^IXIC,buythedip,93,4/11/25,2150.3,300,58426.7
D,^IXIC,buythedip,94,4/11/25,2150.3,300,56875.94
D,^IXIC,buythedip,95,4/11/25,2150.3,300,55774.09
D,^IXIC,buythedip,96,4/11/25,2150.3,300,56026.17
D,^IXIC,buythedip,97,4/11/25,2150.3,300,62136
D,^IXIC,buythedip,98,4/11/25,2150.3,300,57101.91
D,^IXIC,buythedip,99,4/11/25,2150.3,300,54459.87
D,^IXIC,buythedip,100,4/11/25,2150.3,300,58612.67
D,GC=F,buythedip,1,4/11/25,573.25,200,38537.16
D,GC=F,buythedip,2,4/11/25,573.25,200,39504.51
D,GC=F,buythedip,3,4/11/25,573.25,200,38455.45
D,GC=F,buythedip,4,4/11/25,573.25,200,40165.08
D,GC=F,buythedip,5,4/11/25,573.25,200,39777.83
D,GC=F,buythedip,6,4/11/25,573.25,200,38345.64
D,GC=F,buythedip,7,4/11/25,573.25,200,37621.4
D,GC=F,buythedip,8,4/11/25,573.25,200,38736.66
D,GC=F,buythedip,9,4/11/25,573.25,200,38692.46
D,GC=F,buythedip,10,4/11/25,573.25,200,38321.96
D,GC=F,buythedip,11,4/11/25,573.25,200,38462.02
D,GC=F,buythedip,12,4/11/25,573.25,200,38625.85
D,GC=F,buythedip,13,4/11/25,573.25,200,39312.52
D,GC=F,buythedip,14,4/11/25,573.25,200,38903.99
D,GC=F,buythedip,15,4/11/25,573.25,200,38511.67
D,GC=F,buythedip,16,4/11/25,573.25,200,39178.64
D,GC=F,buythedip,17,4/11/25,573.25,200,38629.46
D,GC=F,buythedip,18,4/11/25,573.25,200,38640.72
D,GC=F,buythedip,19,4/11/25,573.25,200,38206.95
D,GC=F,buythedip,20,4/11/25,573.25,200,39528.75
D,GC=F,buythedip,21,4/11/25,573.25,200,39014.35
D,GC=F,buythedip,22,4/11/25,573.25,200,38694.04
D,GC=F,buythedip,23,4/11/25,573.25,200,38651.18
D,GC=F,buythedip,24,4/11/25,573.25,200,39714.48
D,GC=F,buythedip,25,4/11/25,573.25,200,38231.97
D,GC=F,buythedip,26,4/11/25,573.25,200,38750.09
D,GC=F,buythedip,27,4/11/25,573.25,200,39029.75
D,GC=F,buythedip,28,4/11/25,573.25,200,39553.78
D,GC=F,buythedip,29,4/11/25,573.25,200,39517.64
D,GC=F,buythedip,30,4/11/25,573.25,200,39383.34
D,GC=F,buythedip,31,4/11/25,573.25,200,39657.36
D,GC=F,buythedip,32,4/11/25,573.25,200,40201.06
D,GC=F,buythedip,33,4/11/25,573.25,200,39047.57
D,GC=F,buythedip,34,4/11/25,573.25,200,38575.25
D,GC=F,buythedip,35,4/11/25,573.25,200,38169.63
D,GC=F,buythedip,36,4/11/25,573.25,200,38557.62
D,GC=F,buythedip,37,4/11/25,573.25,200,39004.04
D,GC=F,buythedip,38,4/11/25,573.25,200,38798.3
D,GC=F,buythedip,39,4/11/25,573.25,200,39429.4
D,GC=F,buythedip,40,4/11/25,573.25,200,39012.73
D,GC=F,buythedip,41,4/11/25,573.25,200,39128.2
D,GC=F,buythedip,42,4/11/25,573.25,200,39241.72
D,GC=F,buythedip,43,4/11/25,573.25,200,38730.65
D,GC=F,buythedip,44,4/11/25,573.25,200,39394.84
D,GC=F,buythedip,45,4/11/25,573.25,200,38938.78
D,GC=F,buythedip,46,4/11/25,573.25,200,39138.59
D,GC=F,buythedip,47,4/11/25,573.25,200,38004.23
D,GC=F,buythedip,48,4/11/25,573.25,200,38114.12
D,GC=F,buythedip,49,4/11/25,573.25,200,38467.88
D,GC=F,buythedip,50,4/11/25,573.25,200,38944.68
D,GC=F,buythedip,51,4/11/25,573.25,200,37437.25
D,GC=F,buythedip,52,4/11/25,573.25,200,39802.13
D,GC=F,buythedip,53,4/11/25,573.25,200,39382.27
D,GC=F,buythedip,54,4/11/25,573.25,200,39325.84
D,GC=F,buythedip,55,4/11/25,573.25,200,38950.66
D,GC=F,buythedip,56,4/11/25,573.25,200,38624.86
D,GC=F,buythedip,57,4/11/25,573.25,200,39261.52
D,GC=F,buythedip,58,4/11/25,573.25,200,39057.88
D,GC=F,buythedip,59,4/11/25,573.25,200,38400.6
D,GC=F,buythedip,60,4/11/25,573.25,200,38250.03
D,GC=F,buythedip,61,4/11/25,573.25,200,39245.32
D,GC=F,buythedip,62,4/11/25,573.25,200,39913.51
D,GC=F,buythedip,63,4/11/25,573.25,200,38947.36
D,GC=F,buythedip,64,4/11/25,573.25,200,40128.08
D,GC=F,buythedip,65,4/11/25,573.25,200,39356.62
D,GC=F,buythedip,66,4/11/25,573.25,200,39812.78
D,GC=F,buythedip,67,4/11/25,573.25,200,38316.34
D,GC=F,buythedip,68,4/11/25,573.25,200,38282.56
D,GC=F,buythedip,69,4/11/25,573.25,200,38365.1
D,GC=F,buythedip,70,4/11/25,573.25,200,38502.6
D,GC=F,buythedip,71,4/11/25,573.25,200,38308.07
D,GC=F,buythedip,72,4/11/25,573.25,200,38751.47
D,GC=F,buythedip,73,4/11/25,573.25,200,38207.33
D,GC=F,buythedip,74,4/11/25,573.25,200,39160.7
D,GC=F,buythedip,75,4/11/25,573.25,200,39169.85
D,GC=F,buythedip,76,4/11/25,573.25,200,37955.75
D,GC=F,buythedip,77,4/11/25,573.25,200,38164.47
D,GC=F,buythedip,78,4/11/25,573.25,200,39186.37
D,GC=F,buythedip,79,4/11/25,573.25,200,39943.95
D,GC=F,buythedip,80,4/11/25,573.25,200,39901.2
D,GC=F,buythedip,81,4/11/25,573.25,200,39874.9
D,GC=F,buythedip,82,4/11/25,573.25,200,39682.97
D,GC=F,buythedip,83,4/11/25,573.25,200,37921.97
D,GC=F,buythedip,84,4/11/25,573.25,200,39263.51
D,GC=F,buythedip,85,4/11/25,573.25,200,39689.52
D,GC=F,buythedip,86,4/11/25,573.25,200,38773.62
D,GC=F,buythedip,87,4/11/25,573.25,200,40039.86
D,GC=F,buythedip,88,4/11/25,573.25,200,39717.78
D,GC=F,buythedip,89,4/11/25,573.25,200,38748.45
D,GC=F,buythedip,90,4/11/25,573.25,200,38168.03
D,GC=F,buythedip,91,4/11/25,573.25,200,38330.86
D,GC=F,buythedip,92,4/11/25,573.25,200,38661.26
D,GC=F,buythedip,93,4/11/25,573.25,200,39062.21
D,GC=F,buythedip,94,4/11/25,573.25,200,39415.15
D,GC=F,buythedip,95,4/11/25,573.25,200,38723.11
D,GC=F,buythedip,96,4/11/25,573.25,200,39340.99
D,GC=F,buythedip,97,4/11/25,573.25,200,39146.23
D,GC=F,buythedip,98,4/11/25,573.25,200,38704.82
D,GC=F,buythedip,99,4/11/25,573.25,200,39665.9
D,GC=F,buythedip,100,4/11/25,573.25,200,39018.5
D,^IXIC,0.98buythedip,1,4/11/25,48428.41,18100,54195
D,^IXIC,0.98buythedip,2,4/11/25,48428.41,18100,55781.53
D,^IXIC,0.98buythedip,3,4/11/25,48428.41,18100,53563.02
D,^IXIC,0.98buythedip,4,4/11/25,48428.41,18100,58077.93
D,^IXIC,0.98buythedip,5,4/11/25,48428.41,18100,57018.13
D,^IXIC,0.98buythedip,6,4/11/25,48428.41,18100,53038.56
D,^IXIC,0.98buythedip,7,4/11/25,48428.41,18100,56319.15
D,^IXIC,0.98buythedip,8,4/11/25,48428.41,18100,56699.25
D,^IXIC,0.98buythedip,9,4/11/25,48428.41,18100,61384.82
D,^IXIC,0.98buythedip,10,4/11/25,48428.41,18100,53101.34
D,^IXIC,0.98buythedip,11,4/11/25,48428.41,18100,58899.81
D,^IXIC,0.98buythedip,12,4/11/25,48428.41,18100,55302.57
D,^IXIC,0.98buythedip,13,4/11/25,48428.41,18100,53827.16
D,^IXIC,0.98buythedip,14,4/11/25,48428.41,18100,56075.21
D,^IXIC,0.98buythedip,15,4/11/25,48428.41,18100,53886.5
D,^IXIC,0.98buythedip,16,4/11/25,48428.41,18100,57982.05
D,^IXIC,0.98buythedip,17,4/11/25,48428.41,18100,53198.01
D,^IXIC,0.98buythedip,18,4/11/25,48428.41,18100,51282.96
D,^IXIC,0.98buythedip,19,4/11/25,48428.41,18100,55198.54
D,^IXIC,0.98buythedip,20,4/11/25,48428.41,18100,62938.89
D,^IXIC,0.98buythedip,21,4/11/25,48428.41,18100,57411.75
D,^IXIC,0.98buythedip,22,4/11/25,48428.41,18100,58748.19
D,^IXIC,0.98buythedip,23,4/11/25,48428.41,18100,56823.45
D,^IXIC,0.98buythedip,24,4/11/25,48428.41,18100,55610.61
D,^IXIC,0.98buythedip,25,4/11/25,48428.41,18100,56717.63
D,^IXIC,0.98buythedip,26,4/11/25,48428.41,18100,63286.05
D,^IXIC,0.98buythedip,27,4/11/25,48428.41,18100,58198.33
D,^IXIC,0.98buythedip,28,4/11/25,48428.41,18100,56421.1
D,^IXIC,0.98buythedip,29,4/11/25,48428.41,18100,58765.32
D,^IXIC,0.98buythedip,30,4/11/25,48428.41,18100,55285.41
D,^IXIC,0.98buythedip,31,4/11/25,48428.41,18100,56764.94
D,^IXIC,0.98buythedip,32,4/11/25,48428.41,18100,62078.66
D,^IXIC,0.98buythedip,33,4/11/25,48428.41,18100,57623.37
D,^IXIC,0.98buythedip,34,4/11/25,48428.41,18100,52535.31
D,^IXIC,0.98buythedip,35,4/11/25,48428.41,18100,55979.69
D,^IXIC,0.98buythedip,36,4/11/25,48428.41,18100,55653.92
D,^IXIC,0.98buythedip,37,4/11/25,48428.41,18100,59046.41
D,^IXIC,0.98buythedip,38,4/11/25,48428.41,18100,56579.32
D,^IXIC,0.98buythedip,39,4/11/25,48428.41,18100,58978.16
D,^IXIC,0.98buythedip,40,4/11/25,48428.41,18100,55516.18
D,^IXIC,0.98buythedip,41,4/11/25,48428.41,18100,57126.6
D,^IXIC,0.98buythedip,42,4/11/25,48428.41,18100,57954.74
D,^IXIC,0.98buythedip,43,4/11/25,48428.41,18100,60098.27
D,^IXIC,0.98buythedip,44,4/11/25,48428.41,18100,58964.38
D,^IXIC,0.98buythedip,45,4/11/25,48428.41,18100,58884.77
D,^IXIC,0.98buythedip,46,4/11/25,48428.41,18100,58607.55
D,^IXIC,0.98buythedip,47,4/11/25,48428.41,18100,54297.61
D,^IXIC,0.98buythedip,48,4/11/25,48428.41,18100,56373.51
D,^IXIC,0.98buythedip,49,4/11/25,48428.41,18100,55295.85
D,^IXIC,0.98buythedip,50,4/11/25,48428.41,18100,56503.21
D,^IXIC,0.98buythedip,51,4/11/25,48428.41,18100,50412.31
D,^IXIC,0.98buythedip,52,4/11/25,48428.41,18100,60461.05
D,^IXIC,0.98buythedip,53,4/11/25,48428.41,18100,54976.51
D,^IXIC,0.98buythedip,54,4/11/25,48428.41,18100,52594.49
D,^IXIC,0.98buythedip,55,4/11/25,48428.41,18100,54677.73
D,^IXIC,0.98buythedip,56,4/11/25,48428.41,18100,58060.82
D,^IXIC,0.98buythedip,57,4/11/25,48428.41,18100,58504.79
D,^IXIC,0.98buythedip,58,4/11/25,48428.41,18100,59632.43
D,^IXIC,0.98buythedip,59,4/11/25,48428.41,18100,57777.14
D,^IXIC,0.98buythedip,60,4/11/25,48428.41,18100,55507.85
D,^IXIC,0.98buythedip,61,4/11/25,48428.41,18100,55147.58
D,^IXIC,0.98buythedip,62,4/11/25,48428.41,18100,56391.23
D,^IXIC,0.98buythedip,63,4/11/25,48428.41,18100,56602.26
D,^IXIC,0.98buythedip,64,4/11/25,48428.41,18100,60354.49
D,^IXIC,0.98buythedip,65,4/11/25,48428.41,18100,53914.3
D,^IXIC,0.98buythedip,66,4/11/25,48428.41,18100,57462.73
D,^IXIC,0.98buythedip,67,4/11/25,48428.41,18100,58373.52
D,^IXIC,0.98buythedip,68,4/11/25,48428.41,18100,53411.89
D,^IXIC,0.98buythedip,69,4/11/25,48428.41,18100,56001.44
D,^IXIC,0.98buythedip,70,4/11/25,48428.41,18100,58935.89
D,^IXIC,0.98buythedip,71,4/11/25,48428.41,18100,53527.11
D,^IXIC,0.98buythedip,72,4/11/25,48428.41,18100,58938.7
D,^IXIC,0.98buythedip,73,4/11/25,48428.41,18100,54873.35
D,^IXIC,0.98buythedip,74,4/11/25,48428.41,18100,55239.71
D,^IXIC,0.98buythedip,75,4/11/25,48428.41,18100,52949.08
D,^IXIC,0.98buythedip,76,4/11/25,48428.41,18100,55105.83
D,^IXIC,0.98buythedip,77,4/11/25,48428.41,18100,58193.23
D,^IXIC,0.98buythedip,78,4/11/25,48428.41,18100,56211.29
D,^IXIC,0.98buythedip,79,4/11/25,48428.41,18100,57067.86
D,^IXIC,0.98buythedip,80,4/11/25,48428.41,18100,56476.75
D,^IXIC,0.98buythedip,81,4/11/25,48428.41,18100,54884.21
D,^IXIC,0.98buythedip,82,4/11/25,48428.41,18100,59278.77
D,^IXIC,0.98buythedip,83,4/11/25,48428.41,18100,54325.25
D,^IXIC,0.98buythedip,84,4/11/25,48428.41,18100,56303.77
D,^IXIC,0.98buythedip,85,4/11/25,48428.41,18100,58161.03
D,^IXIC,0.98buythedip,86,4/11/25,48428.41,18100,55047.75
D,^IXIC,0.98buythedip,87,4/11/25,48428.41,18100,58336.01
D,^IXIC,0.98buythedip,88,4/11/25,48428.41,18100,53878.19
D,^IXIC,0.98buythedip,89,4/11/25,48428.41,18100,54068.41
D,^IXIC,0.98buythedip,90,4/11/25,48428.41,18100,55132.83
D,^IXIC,0.98buythedip,91,4/11/25,48428.41,18100,51318.2
D,^IXIC,0.98buythedip,92,4/11/25,48428.41,18100,54775.21
D,^IXIC,0.98buythedip,93,4/11/25,48428.41,18100,58426.7
D,^IXIC,0.98buythedip,94,4/11/25,48428.41,18100,56875.94
D,^IXIC,0.98buythedip,95,4/11/25,48428.41,18100,55774.09
D,^IXIC,0.98buythedip,96,4/11/25,48428.41,18100,56026.17
D,^IXIC,0.98buythedip,97,4/11/25,48428.41,18100,62136
D,^IXIC,0.98buythedip,98,4/11/25,48428.41,18100,57101.91
D,^IXIC,0.98buythedip,99,4/11/25,48428.41,18100,54459.87
D,^IXIC,0.98buythedip,100,4/11/25,48428.41,18100,58612.67
D,GC=F,0.98buythedip,1,4/11/25,29402.76,25800,38537.16
D,GC=F,0.98buythedip,2,4/11/25,29402.76,25800,39504.51
D,GC=F,0.98buythedip,3,4/11/25,29402.76,25800,38455.45
D,GC=F,0.98buythedip,4,4/11/25,29402.76,25800,40165.08
D,GC=F,0.98buythedip,5,4/11/25,29402.76,25800,39777.83
D,GC=F,0.98buythedip,6,4/11/25,29402.76,25800,38345.64
D,GC=F,0.98buythedip,7,4/11/25,29402.76,25800,37621.4
D,GC=F,0.98buythedip,8,4/11/25,29402.76,25800,38736.66
D,GC=F,0.98buythedip,9,4/11/25,29402.76,25800,38692.46
D,GC=F,0.98buythedip,10,4/11/25,29402.76,25800,38321.96
D,GC=F,0.98buythedip,11,4/11/25,29402.76,25800,38462.02
D,GC=F,0.98buythedip,12,4/11/25,29402.76,25800,38625.85
D,GC=F,0.98buythedip,13,4/11/25,29402.76,25800,39312.52
D,GC=F,0.98buythedip,14,4/11/25,29402.76,25800,38903.99
D,GC=F,0.98buythedip,15,4/11/25,29402.76,25800,38511.67
D,GC=F,0.98buythedip,16,4/11/25,29402.76,25800,39178.64
D,GC=F,0.98buythedip,17,4/11/25,29402.76,25800,38629.46
D,GC=F,0.98buythedip,18,4/11/25,29402.76,25800,38640.72
D,GC=F,0.98buythedip,19,4/11/25,29402.76,25800,38206.95
D,GC=F,0.98buythedip,20,4/11/25,29402.76,25800,39528.75
D,GC=F,0.98buythedip,21,4/11/25,29402.76,25800,39014.35
D,GC=F,0.98buythedip,22,4/11/25,29402.76,25800,38694.04
D,GC=F,0.98buythedip,23,4/11/25,29402.76,25800,38651.18
D,GC=F,0.98buythedip,24,4/11/25,29402.76,25800,39714.48
D,GC=F,0.98buythedip,25,4/11/25,29402.76,25800,38231.97
D,GC=F,0.98buythedip,26,4/11/25,29402.76,25800,38750.09
D,GC=F,0.98buythedip,27,4/11/25,29402.76,25800,39029.75
D,GC=F,0.98buythedip,28,4/11/25,29402.76,25800,39553.78
D,GC=F,0.98buythedip,29,4/11/25,29402.76,25800,39517.64
D,GC=F,0.98buythedip,30,4/11/25,29402.76,25800,39383.34
D,GC=F,0.98buythedip,31,4/11/25,29402.76,25800,39657.36
D,GC=F,0.98buythedip,32,4/11/25,29402.76,25800,40201.06
D,GC=F,0.98buythedip,33,4/11/25,29402.76,25800,39047.57
D,GC=F,0.98buythedip,34,4/11/25,29402.76,25800,38575.25
D,GC=F,0.98buythedip,35,4/11/25,29402.76,25800,38169.63
D,GC=F,0.98buythedip,36,4/11/25,29402.76,25800,38557.62
D,GC=F,0.98buythedip,37,4/11/25,29402.76,25800,39004.04
D,GC=F,0.98buythedip,38,4/11/25,29402.76,25800,38798.3
D,GC=F,0.98buythedip,39,4/11/25,29402.76,25800,39429.4
D,GC=F,0.98buythedip,40,4/11/25,29402.76,25800,39012.73
D,GC=F,0.98buythedip,41,4/11/25,29402.76,25800,39128.2
D,GC=F,0.98buythedip,42,4/11/25,29402.76,25800,39241.72
D,GC=F,0.98buythedip,43,4/11/25,29402.76,25800,38730.65
D,GC=F,0.98buythedip,44,4/11/25,29402.76,25800,39394.84
D,GC=F,0.98buythedip,45,4/11/25,29402.76,25800,38938.78
D,GC=F,0.98buythedip,46,4/11/25,29402.76,25800,39138.59
D,GC=F,0.98buythedip,47,4/11/25,29402.76,25800,38004.23
D,GC=F,0.98buythedip,48,4/11/25,29402.76,25800,38114.12
D,GC=F,0.98buythedip,49,4/11/25,29402.76,25800,38467.88
D,GC=F,0.98buythedip,50,4/11/25,29402.76,25800,38944.68
D,GC=F,0.98buythedip,51,4/11/25,29402.76,25800,37437.25
D,GC=F,0.98buythedip,52,4/11/25,29402.76,25800,39802.13
D,GC=F,0.98buythedip,53,4/11/25,29402.76,25800,39382.27
D,GC=F,0.98buythedip,54,4/11/25,29402.76,25800,39325.84
D,GC=F,0.98buythedip,55,4/11/25,29402.76,25800,38950.66
D,GC=F,0.98buythedip,56,4/11/25,29402.76,25800,38624.86
D,GC=F,0.98buythedip,57,4/11/25,29402.76,25800,39261.52
D,GC=F,0.98buythedip,58,4/11/25,29402.76,25800,39057.88
D,GC=F,0.98buythedip,59,4/11/25,29402.76,25800,38400.6
D,GC=F,0.98buythedip,60,4/11/25,29402.76,25800,38250.03
D,GC=F,0.98buythedip,61,4/11/25,29402.76,25800,39245.32
D,GC=F,0.98buythedip,62,4/11/25,29402.76,25800,39913.51
D,GC=F,0.98buythedip,63,4/11/25,29402.76,25800,38947.36
D,GC=F,0.98buythedip,64,4/11/25,29402.76,25800,40128.08
D,GC=F,0.98buythedip,65,4/11/25,29402.76,25800,39356.62
D,GC=F,0.98buythedip,66,4/11/25,29402.76,25800,39812.78
D,GC=F,0.98buythedip,67,4/11/25,29402.76,25800,38316.34
D,GC=F,0.98buythedip,68,4/11/25,29402.76,25800,38282.56
D,GC=F,0.98buythedip,69,4/11/25,29402.76,25800,38365.1
D,GC=F,0.98buythedip,70,4/11/25,29402.76,25800,38502.6
D,GC=F,0.98buythedip,71,4/11/25,29402.76,25800,38308.07
D,GC=F,0.98buythedip,72,4/11/25,29402.76,25800,38751.47
D,GC=F,0.98buythedip,73,4/11/25,29402.76,25800,38207.33
D,GC=F,0.98buythedip,74,4/11/25,29402.76,25800,39160.7
D,GC=F,0.98buythedip,75,4/11/25,29402.76,25800,39169.85
D,GC=F,0.98buythedip,76,4/11/25,29402.76,25800,37955.75
D,GC=F,0.98buythedip,77,4/11/25,29402.76,25800,38164.47
D,GC=F,0.98buythedip,78,4/11/25,29402.76,25800,39186.37
D,GC=F,0.98buythedip,79,4/11/25,29402.76,25800,39943.95
D,GC=F,0.98buythedip,80,4/11/25,29402.76,25800,39901.2
D,GC=F,0.98buythedip,81,4/11/25,29402.76,25800,39874.9
D,GC=F,0.98buythedip,82,4/11/25,29402.76,25800,39682.97
D,GC=F,0.98buythedip,83,4/11/25,29402.76,25800,37921.97
D,GC=F,0.98buythedip,84,4/11/25,29402.76,25800,39263.51
D,GC=F,0.98buythedip,85,4/11/25,29402.76,25800,39689.52
D,GC=F,0.98buythedip,86,4/11/25,29402.76,25800,38773.62
D,GC=F,0.98buythedip,87,4/11/25,29402.76,25800,40039.86
D,GC=F,0.98buythedip,88,4/11/25,29402.76,25800,39717.78
D,GC=F,0.98buythedip,89,4/11/25,29402.76,25800,38748.45
D,GC=F,0.98buythedip,90,4/11/25,29402.76,25800,38168.03
D,GC=F,0.98buythedip,91,4/11/25,29402.76,25800,38330.86
D,GC=F,0.98buythedip,92,4/11/25,29402.76,25800,38661.26
D,GC=F,0.98buythedip,93,4/11/25,29402.76,25800,39062.21
D,GC=F,0.98buythedip,94,4/11/25,29402.76,25800,39415.15
D,GC=F,0.98buythedip,95,4/11/25,29402.76,25800,38723.11
D,GC=F,0.98buythedip,96,4/11/25,29402.76,25800,39340.99
D,GC=F,0.98buythedip,97,4/11/25,29402.76,25800,39146.23
D,GC=F,0.98buythedip,98,4/11/25,29402.76,25800,38704.82
D,GC=F,0.98buythedip,99,4/11/25,29402.76,25800,39665.9
D,GC=F,0.98buythedip,100,4/11/25,29402.76,25800,39018.5
D,^IXIC,complexbuythedip,1,4/11/25,56414.63,18200,54195
D,^IXIC,complexbuythedip,2,4/11/25,56414.63,18200,55781.53
D,^IXIC,complexbuythedip,3,4/11/25,56414.63,18200,53563.02
D,^IXIC,complexbuythedip,4,4/11/25,56414.63,18200,58077.93
D,^IXIC,complexbuythedip,5,4/11/25,56414.63,18200,57018.13
D,^IXIC,complexbuythedip,6,4/11/25,56414.63,18200,53038.56
D,^IXIC,complexbuythedip,7,4/11/25,56414.63,18200,56319.15
D,^IXIC,complexbuythedip,8,4/11/25,56414.63,18200,56699.25
D,^IXIC,complexbuythedip,9,4/11/25,56414.63,18200,61384.82
D,^IXIC,complexbuythedip,10,4/11/25,56414.63,18200,53101.34
D,^IXIC,complexbuythedip,11,4/11/25,56414.63,18200,58899.81
D,^IXIC,complexbuythedip,12,4/11/25,56414.63,18200,55302.57
D,^IXIC,complexbuythedip,13,4/11/25,56414.63,18200,53827.16
D,^IXIC,complexbuythedip,14,4/11/25,56414.63,18200,56075.21
D,^IXIC,complexbuythedip,15,4/11/25,56414.63,18200,53886.5
D,^IXIC,complexbuythedip,16,4/11/25,56414.63,18200,57982.05
D,^IXIC,complexbuythedip,17,4/11/25,56414.63,18200,53198.01
D,^IXIC,complexbuythedip,18,4/11/25,56414.63,18200,51282.96
D,^IXIC,complexbuythedip,19,4/11/25,56414.63,18200,55198.54
D,^IXIC,complexbuythedip,20,4/11/25,56414.63,18200,62938.89
D,^IXIC,complexbuythedip,21,4/11/25,56414.63,18200,57411.75
D,^IXIC,complexbuythedip,22,4/11/25,56414.63,18200,58748.19
D,^IXIC,complexbuythedip,23,4/11/25,56414.63,18200,56823.45
D,^IXIC,complexbuythedip,24,4/11/25,56414.63,18200,55610.61
D,^IXIC,complexbuythedip,25,4/11/25,56414.63,18200,56717.63
D,^IXIC,complexbuythedip,26,4/11/25,56414.63,18200,63286.05
D,^IXIC,complexbuythedip,27,4/11/25,56414.63,18200,58198.33
D,^IXIC,complexbuythedip,28,4/11/25,56414.63,18200,56421.1
D,^IXIC,complexbuythedip,29,4/11/25,56414.63,18200,58765.32
D,^IXIC,complexbuythedip,30,4/11/25,56414.63,18200,55285.41
D,^IXIC,complexbuythedip,31,4/11/25,56414.63,18200,56764.94
D,^IXIC,complexbuythedip,32,4/11/25,56414.63,18200,62078.66
D,^IXIC,complexbuythedip,33,4/11/25,56414.63,18200,57623.37
D,^IXIC,complexbuythedip,34,4/11/25,56414.63,18200,52535.31
D,^IXIC,complexbuythedip,35,4/11/25,56414.63,18200,55979.69
D,^IXIC,complexbuythedip,36,4/11/25,56414.63,18200,55653.92
D,^IXIC,complexbuythedip,37,4/11/25,56414.63,18200,59046.41
D,^IXIC,complexbuythedip,38,4/11/25,56414.63,18200,56579.32
D,^IXIC,complexbuythedip,39,4/11/25,56414.63,18200,58978.16
D,^IXIC,complexbuythedip,40,4/11/25,56414.63,18200,55516.18
D,^IXIC,complexbuythedip,41,4/11/25,56414.63,18200,57126.6
D,^IXIC,complexbuythedip,42,4/11/25,56414.63,18200,57954.74
D,^IXIC,complexbuythedip,43,4/11/25,56414.63,18200,60098.27
D,^IXIC,complexbuythedip,44,4/11/25,56414.63,18200,58964.38
D,^IXIC,complexbuythedip,45,4/11/25,56414.63,18200,58884.77
D,^IXIC,complexbuythedip,46,4/11/25,56414.63,18200,58607.55
D,^IXIC,complexbuythedip,47,4/11/25,56414.63,18200,54297.61
D,^IXIC,complexbuythedip,48,4/11/25,56414.63,18200,56373.51
D,^IXIC,complexbuythedip,49,4/11/25,56414.63,18200,55295.85
D,^IXIC,complexbuythedip,50,4/11/25,56414.63,18200,56503.21
D,^IXIC,complexbuythedip,51,4/11/25,56414.63,18200,50412.31
D,^IXIC,complexbuythedip,52,4/11/25,56414.63,18200,60461.05
D,^IXIC,complexbuythedip,53,4/11/25,56414.63,18200,54976.51
D,^IXIC,complexbuythedip,54,4/11/25,56414.63,18200,52594.49
D,^IXIC,complexbuythedip,55,4/11/25,56414.63,18200,54677.73
D,^IXIC,complexbuythedip,56,4/11/25,56414.63,18200,58060.82
D,^IXIC,complexbuythedip,57,4/11/25,56414.63,18200,58504.79
D,^IXIC,complexbuythedip,58,4/11/25,56414.63,18200,59632.43
D,^IXIC,complexbuythedip,59,4/11/25,56414.63,18200,57777.14
D,^IXIC,complexbuythedip,60,4/11/25,56414.63,18200,55507.85
D,^IXIC,complexbuythedip,61,4/11/25,56414.63,18200,55147.58
D,^IXIC,complexbuythedip,62,4/11/25,56414.63,18200,56391.23
D,^IXIC,complexbuythedip,63,4/11/25,56414.63,18200,56602.26
D,^IXIC,complexbuythedip,64,4/11/25,56414.63,18200,60354.49
D,^IXIC,complexbuythedip,65,4/11/25,56414.63,18200,53914.3
D,^IXIC,complexbuythedip,66,4/11/25,56414.63,18200,57462.73
D,^IXIC,complexbuythedip,67,4/11/25,56414.63,18200,58373.52
D,^IXIC,complexbuythedip,68,4/11/25,56414.63,18200,53411.89
D,^IXIC,complexbuythedip,69,4/11/25,56414.63,18200,56001.44
D,^IXIC,complexbuythedip,70,4/11/25,56414.63,18200,58935.89
D,^IXIC,complexbuythedip,71,4/11/25,56414.63,18200,53527.11
D,^IXIC,complexbuythedip,72,4/11/25,56414.63,18200,58938.7
D,^IXIC,complexbuythedip,73,4/11/25,56414.63,18200,54873.35
D,^IXIC,complexbuythedip,74,4/11/25,56414.63,18200,55239.71
D,^IXIC,complexbuythedip,75,4/11/25,56414.63,18200,52949.08
D,^IXIC,complexbuythedip,76,4/11/25,56414.63,18200,55105.83
D,^IXIC,complexbuythedip,77,4/11/25,56414.63,18200,58193.23
D,^IXIC,complexbuythedip,78,4/11/25,56414.63,18200,56211.29
D,^IXIC,complexbuythedip,79,4/11/25,56414.63,18200,57067.86
D,^IXIC,complexbuythedip,80,4/11/25,56414.63,18200,56476.75
D,^IXIC,complexbuythedip,81,4/11/25,56414.63,18200,54884.21
D,^IXIC,complexbuythedip,82,4/11/25,56414.63,18200,59278.77
D,^IXIC,complexbuythedip,83,4/11/25,56414.63,18200,54325.25
D,^IXIC,complexbuythedip,84,4/11/25,56414.63,18200,56303.77
D,^IXIC,complexbuythedip,85,4/11/25,56414.63,18200,58161.03
D,^IXIC,complexbuythedip,86,4/11/25,56414.63,18200,55047.75
D,^IXIC,complexbuythedip,87,4/11/25,56414.63,18200,58336.01
D,^IXIC,complexbuythedip,88,4/11/25,56414.63,18200,53878.19
D,^IXIC,complexbuythedip,89,4/11/25,56414.63,18200,54068.41
D,^IXIC,complexbuythedip,90,4/11/25,56414.63,18200,55132.83
D,^IXIC,complexbuythedip,91,4/11/25,56414.63,18200,51318.2
D,^IXIC,complexbuythedip,92,4/11/25,56414.63,18200,54775.21
D,^IXIC,complexbuythedip,93,4/11/25,56414.63,18200,58426.7
D,^IXIC,complexbuythedip,94,4/11/25,56414.63,18200,56875.94
D,^IXIC,complexbuythedip,95,4/11/25,56414.63,18200,55774.09
D,^IXIC,complexbuythedip,96,4/11/25,56414.63,18200,56026.17
D,^IXIC,complexbuythedip,97,4/11/25,56414.63,18200,62136
D,^IXIC,complexbuythedip,98,4/11/25,56414.63,18200,57101.91
D,^IXIC,complexbuythedip,99,4/11/25,56414.63,18200,54459.87
D,^IXIC,complexbuythedip,100,4/11/25,56414.63,18200,58612.67
D,GC=F,complexbuythedip,1,4/11/25,39185.9,18200,38537.16
D,GC=F,complexbuythedip,2,4/11/25,39185.9,18200,39504.51
D,GC=F,complexbuythedip,3,4/11/25,39185.9,18200,38455.45
D,GC=F,complexbuythedip,4,4/11/25,39185.9,18200,40165.08
D,GC=F,complexbuythedip,5,4/11/25,39185.9,18200,39777.83
D,GC=F,complexbuythedip,6,4/11/25,39185.9,18200,38345.64
D,GC=F,complexbuythedip,7,4/11/25,39185.9,18200,37621.4
D,GC=F,complexbuythedip,8,4/11/25,39185.9,18200,38736.66
D,GC=F,complexbuythedip,9,4/11/25,39185.9,18200,38692.46
D,GC=F,complexbuythedip,10,4/11/25,39185.9,18200,38321.96
D,GC=F,complexbuythedip,11,4/11/25,39185.9,18200,38462.02
D,GC=F,complexbuythedip,12,4/11/25,39185.9,18200,38625.85
D,GC=F,complexbuythedip,13,4/11/25,39185.9,18200,39312.52
D,GC=F,complexbuythedip,14,4/11/25,39185.9,18200,38903.99
D,GC=F,complexbuythedip,15,4/11/25,39185.9,18200,38511.67
D,GC=F,complexbuythedip,16,4/11/25,39185.9,18200,39178.64
D,GC=F,complexbuythedip,17,4/11/25,39185.9,18200,38629.46
D,GC=F,complexbuythedip,18,4/11/25,39185.9,18200,38640.72
D,GC=F,complexbuythedip,19,4/11/25,39185.9,18200,38206.95
D,GC=F,complexbuythedip,20,4/11/25,39185.9,18200,39528.75
D,GC=F,complexbuythedip,21,4/11/25,39185.9,18200,39014.35
D,GC=F,complexbuythedip,22,4/11/25,39185.9,18200,38694.04
D,GC=F,complexbuythedip,23,4/11/25,39185.9,18200,38651.18
D,GC=F,complexbuythedip,24,4/11/25,39185.9,18200,39714.48
D,GC=F,complexbuythedip,25,4/11/25,39185.9,18200,38231.97
D,GC=F,complexbuythedip,26,4/11/25,39185.9,18200,38750.09
D,GC=F,complexbuythedip,27,4/11/25,39185.9,18200,39029.75
D,GC=F,complexbuythedip,28,4/11/25,39185.9,18200,39553.78
D,GC=F,complexbuythedip,29,4/11/25,39185.9,18200,39517.64
D,GC=F,complexbuythedip,30,4/11/25,39185.9,18200,39383.34
D,GC=F,complexbuythedip,31,4/11/25,39185.9,18200,39657.36
D,GC=F,complexbuythedip,32,4/11/25,39185.9,18200,40201.06
D,GC=F,complexbuythedip,33,4/11/25,39185.9,18200,39047.57
D,GC=F,complexbuythedip,34,4/11/25,39185.9,18200,38575.25
D,GC=F,complexbuythedip,35,4/11/25,39185.9,18200,38169.63
D,GC=F,complexbuythedip,36,4/11/25,39185.9,18200,38557.62
D,GC=F,complexbuythedip,37,4/11/25,39185.9,18200,39004.04
D,GC=F,complexbuythedip,38,4/11/25,39185.9,18200,38798.3
D,GC=F,complexbuythedip,39,4/11/25,39185.9,18200,39429.4
D,GC=F,complexbuythedip,40,4/11/25,39185.9,18200,39012.73
D,GC=F,complexbuythedip,41,4/11/25,39185.9,18200,39128.2
D,GC=F,complexbuythedip,42,4/11/25,39185.9,18200,39241.72
D,GC=F,complexbuythedip,43,4/11/25,39185.9,18200,38730.65
D,GC=F,complexbuythedip,44,4/11/25,39185.9,18200,39394.84
D,GC=F,complexbuythedip,45,4/11/25,39185.9,18200,38938.78
D,GC=F,complexbuythedip,46,4/11/25,39185.9,18200,39138.59
D,GC=F,complexbuythedip,47,4/11/25,39185.9,18200,38004.23
D,GC=F,complexbuythedip,48,4/11/25,39185.9,18200,38114.12
D,GC=F,complexbuythedip,49,4/11/25,39185.9,18200,38467.88
D,GC=F,complexbuythedip,50,4/11/25,39185.9,18200,38944.68
D,GC=F,complexbuythedip,51,4/11/25,39185.9,18200,37437.25
D,GC=F,complexbuythedip,52,4/11/25,39185.9,18200,39802.13
D,GC=F,complexbuythedip,53,4/11/25,39185.9,18200,39382.27
D,GC=F,complexbuythedip,54,4/11/25,39185.9,18200,39325.84
D,GC=F,complexbuythedip,55,4/11/25,39185.9,18200,38950.66
D,GC=F,complexbuythedip,56,4/11/25,39185.9,18200,38624.86
D,GC=F,complexbuythedip,57,4/11/25,39185.9,18200,39261.52
D,GC=F,complexbuythedip,58,4/11/25,39185.9,18200,39057.88
D,GC=F,complexbuythedip,59,4/11/25,39185.9,18200,38400.6
D,GC=F,complexbuythedip,60,4/11/25,39185.9,18200,38250.03
D,GC=F,complexbuythedip,61,4/11/25,39185.9,18200,39245.32
D,GC=F,complexbuythedip,62,4/11/25,39185.9,18200,39913.51
D,GC=F,complexbuythedip,63,4/11/25,39185.9,18200,38947.36
D,GC=F,complexbuythedip,64,4/11/25,39185.9,18200,40128.08
D,GC=F,complexbuythedip,65,4/11/25,39185.9,18200,39356.62
D,GC=F,complexbuythedip,66,4/11/25,39185.9,18200,39812.78
D,GC=F,complexbuythedip,67,4/11/25,39185.9,18200,38316.34
D,GC=F,complexbuythedip,68,4/11/25,39185.9,18200,38282.56
D,GC=F,complexbuythedip,69,4/11/25,39185.9,18200,38365.1
D,GC=F,complexbuythedip,70,4/11/25,39185.9,18200,38502.6
D,GC=F,complexbuythedip,71,4/11/25,39185.9,18200,38308.07
D,GC=F,complexbuythedip,72,4/11/25,39185.9,18200,38751.47
D,GC=F,complexbuythedip,73,4/11/25,39185.9,18200,38207.33
D,GC=F,complexbuythedip,74,4/11/25,39185.9,18200,39160.7
D,GC=F,complexbuythedip,75,4/11/25,39185.9,18200,39169.85
D,GC=F,complexbuythedip,76,4/11/25,39185.9,18200,37955.75
D,GC=F,complexbuythedip,77,4/11/25,39185.9,18200,38164.47
D,GC=F,complexbuythedip,78,4/11/25,39185.9,18200,39186.37
D,GC=F,complexbuythedip,79,4/11/25,39185.9,18200,39943.95
D,GC=F,complexbuythedip,80,4/11/25,39185.9,18200,39901.2
D,GC=F,complexbuythedip,81,4/11/25,39185.9,18200,39874.9
D,GC=F,complexbuythedip,82,4/11/25,39185.9,18200,39682.97
D,GC=F,complexbuythedip,83,4/11/25,39185.9,18200,37921.97
D,GC=F,complexbuythedip,84,4/11/25,39185.9,18200,39263.51
D,GC=F,complexbuythedip,85,4/11/25,39185.9,18200,39689.52
D,GC=F,complexbuythedip,86,4/11/25,39185.9,18200,38773.62
D,GC=F,complexbuythedip,87,4/11/25,39185.9,18200,40039.86
D,GC=F,complexbuythedip,88,4/11/25,39185.9,18200,39717.78
D,GC=F,complexbuythedip,89,4/11/25,39185.9,18200,38748.45
D,GC=F,complexbuythedip,90,4/11/25,39185.9,18200,38168.03
D,GC=F,complexbuythedip,91,4/11/25,39185.9,18200,38330.86
D,GC=F,complexbuythedip,92,4/11/25,39185.9,18200,38661.26
D,GC=F,complexbuythedip,93,4/11/25,39185.9,18200,39062.21
D,GC=F,complexbuythedip,94,4/11/25,39185.9,18200,39415.15
D,GC=F,complexbuythedip,95,4/11/25,39185.9,18200,38723.11
D,GC=F,complexbuythedip,96,4/11/25,39185.9,18200,39340.99
D,GC=F,complexbuythedip,97,4/11/25,39185.9,18200,39146.23
D,GC=F,complexbuythedip,98,4/11/25,39185.9,18200,38704.82
D,GC=F,complexbuythedip,99,4/11/25,39185.9,18200,39665.9
D,GC=F,complexbuythedip,100,4/11/25,39185.9,18200,39018.5
A,^GSPC,first,1,4/11/25,2684.99,2500,2646.13
A,^GSPC,first,2,4/11/25,2684.99,2500,2666.6
A,^GSPC,first,3,4/11/25,2684.99,2500,2608.15
A,^GSPC,first,4,4/11/25,2684.99,2500,2793.15
A,^GSPC,first,5,4/11/25,2684.99,2500,2670.39
A,^GSPC,first,6,4/11/25,2684.99,2500,2675.61
A,^GSPC,first,7,4/11/25,2684.99,2500,2735.55
A,^GSPC,first,8,4/11/25,2684.99,2500,2665.74
A,^GSPC,first,9,4/11/25,2684.99,2500,2654.89
A,^GSPC,first,10,4/11/25,2684.99,2500,2653.06
A,^GSPC,first,11,4/11/25,2684.99,2500,2618.05
A,^GSPC,first,12,4/11/25,2684.99,2500,2575.47
A,^GSPC,first,13,4/11/25,2684.99,2500,2777.62
A,^GSPC,first,14,4/11/25,2684.99,2500,2713.31
A,^GSPC,first,15,4/11/25,2684.99,2500,2797.73
A,^GSPC,first,16,4/11/25,2684.99,2500,2700.95
A,^GSPC,first,17,4/11/25,2684.99,2500,2717.15
A,^GSPC,first,18,4/11/25,2684.99,2500,2764.18
A,^GSPC,first,19,4/11/25,2684.99,2500,2739.65
A,^GSPC,first,20,4/11/25,2684.99,2500,2690.84
A,^GSPC,first,21,4/11/25,2684.99,2500,2682.4
A,^GSPC,first,22,4/11/25,2684.99,2500,2747.3
A,^GSPC,first,23,4/11/25,2684.99,2500,2698.62
A,^GSPC,first,24,4/11/25,2684.99,2500,2736.67
A,^GSPC,first,25,4/11/25,2684.99,2500,2693.03
A,^GSPC,first,26,4/11/25,2684.99,2500,2718.9
A,^GSPC,first,27,4/11/25,2684.99,2500,2726.54
A,^GSPC,first,28,4/11/25,2684.99,2500,2772.47
A,^GSPC,first,29,4/11/25,2684.99,2500,2649.39
A,^GSPC,first,30,4/11/25,2684.99,2500,2716.8
A,^GSPC,first,31,4/11/25,2684.99,2500,2783.52
A,^GSPC,first,32,4/11/25,2684.99,2500,2722.86
A,^GSPC,first,33,4/11/25,2684.99,2500,2613.88
A,^GSPC,first,34,4/11/25,2684.99,2500,2711.45
A,^GSPC,first,35,4/11/25,2684.99,2500,2692.41
A,^GSPC,first,36,4/11/25,2684.99,2500,2670.77
A,^GSPC,first,37,4/11/25,2684.99,2500,2614.26
A,^GSPC,first,38,4/11/25,2684.99,2500,2642.83
A,^GSPC,first,39,4/11/25,2684.99,2500,2729.48
A,^GSPC,first,40,4/11/25,2684.99,2500,2726.87
A,^GSPC,first,41,4/11/25,2684.99,2500,2758.09
A,^GSPC,first,42,4/11/25,2684.99,2500,2800.44
A,^GSPC,first,43,4/11/25,2684.99,2500,2622.42
A,^GSPC,first,44,4/11/25,2684.99,2500,2667.57
A,^GSPC,first,45,4/11/25,2684.99,2500,2813.09
A,^GSPC,first,46,4/11/25,2684.99,2500,2733.57
A,^GSPC,first,47,4/11/25,2684.99,2500,2616.72
A,^GSPC,first,48,4/11/25,2684.99,2500,2688.75
A,^GSPC,first,49,4/11/25,2684.99,2500,2686.21
A,^GSPC,first,50,4/11/25,2684.99,2500,2612.36
A,^GSPC,first,51,4/11/25,2684.99,2500,2617.71
A,^GSPC,first,52,4/11/25,2684.99,2500,2731.71
A,^GSPC,first,53,4/11/25,2684.99,2500,2719.09
A,^GSPC,first,54,4/11/25,2684.99,2500,2583.99
A,^GSPC,first,55,4/11/25,2684.99,2500,2693.08
A,^GSPC,first,56,4/11/25,2684.99,2500,2653.66
A,^GSPC,first,57,4/11/25,2684.99,2500,2580.71
A,^GSPC,first,58,4/11/25,2684.99,2500,2663.37
A,^GSPC,first,59,4/11/25,2684.99,2500,2740.05
A,^GSPC,first,60,4/11/25,2684.99,2500,2774.43
A,^GSPC,first,61,4/11/25,2684.99,2500,2703.53
A,^GSPC,first,62,4/11/25,2684.99,2500,2733.53
A,^GSPC,first,63,4/11/25,2684.99,2500,2729.68
A,^GSPC,first,64,4/11/25,2684.99,2500,2766.49
A,^GSPC,first,65,4/11/25,2684.99,2500,2648.17
A,^GSPC,first,66,4/11/25,2684.99,2500,2704.51
A,^GSPC,first,67,4/11/25,2684.99,2500,2719.02
A,^GSPC,first,68,4/11/25,2684.99,2500,2617.92
A,^GSPC,first,69,4/11/25,2684.99,2500,2566.28
A,^GSPC,first,70,4/11/25,2684.99,2500,2767.21
A,^GSPC,first,71,4/11/25,2684.99,2500,2734.78
A,^GSPC,first,72,4/11/25,2684.99,2500,2685.41
A,^GSPC,first,73,4/11/25,2684.99,2500,2663.36
A,^GSPC,first,74,4/11/25,2684.99,2500,2736.13
A,^GSPC,first,75,4/11/25,2684.99,2500,2558.11
A,^GSPC,first,76,4/11/25,2684.99,2500,2757.28
A,^GSPC,first,77,4/11/25,2684.99,2500,2739.04
A,^GSPC,first,78,4/11/25,2684.99,2500,2704.61
A,^GSPC,first,79,4/11/25,2684.99,2500,2727.67
A,^GSPC,first,80,4/11/25,2684.99,2500,2619.18
A,^GSPC,first,81,4/11/25,2684.99,2500,2711.91
A,^GSPC,first,82,4/11/25,2684.99,2500,2742.24
A,^GSPC,first,83,4/11/25,2684.99,2500,2795.44
A,^GSPC,first,84,4/11/25,2684.99,2500,2600.88
A,^GSPC,first,85,4/11/25,2684.99,2500,2631.13
A,^GSPC,first,86,4/11/25,2684.99,2500,2719.22
A,^GSPC,first,87,4/11/25,2684.99,2500,2724.04
A,^GSPC,first,88,4/11/25,2684.99,2500,2732.7
A,^GSPC,first,89,4/11/25,2684.99,2500,2708.19
A,^GSPC,first,90,4/11/25,2684.99,2500,2611.65
A,^GSPC,first,91,4/11/25,2684.99,2500,2619.24
A,^GSPC,first,92,4/11/25,2684.99,2500,2670.1
A,^GSPC,first,93,4/11/25,2684.99,2500,2661.64
A,^GSPC,first,94,4/11/25,2684.99,2500,2680.82
A,^GSPC,first,95,4/11/25,2684.99,2500,2668.12
A,^GSPC,first,96,4/11/25,2684.99,2500,2743.63
A,^GSPC,first,97,4/11/25,2684.99,2500,2751.76
A,^GSPC,first,98,4/11/25,2684.99,2500,2663.55
A,^GSPC,first,99,4/11/25,2684.99,2500,2646.25
A,^GSPC,first,100,4/11/25,2684.99,2500,2734.56
A,^GSPC,losing,1,4/11/25,2800.51,2600,2646.13
A,^GSPC,losing,2,4/11/25,2800.51,2600,2666.6
A,^GSPC,losing,3,4/11/25,2800.51,2600,2608.15
A,^GSPC,losing,4,4/11/25,2800.51,2600,2793.15
A,^GSPC,losing,5,4/11/25,2800.51,2600,2670.39
A,^GSPC,losing,6,4/11/25,2800.51,2600,2675.61
A,^GSPC,losing,7,4/11/25,2800.51,2600,2735.55
A,^GSPC,losing,8,4/11/25,2800.51,2600,2665.74
A,^GSPC,losing,9,4/11/25,2800.51,2600,2654.89
A,^GSPC,losing,10,4/11/25,2800.51,2600,2653.06
A,^GSPC,losing,11,4/11/25,2800.51,2600,2618.05
A,^GSPC,losing,12,4/11/25,2800.51,2600,2575.47
A,^GSPC,losing,13,4/11/25,2800.51,2600,2777.62
A,^GSPC,losing,14,4/11/25,2800.51,2600,2713.31
A,^GSPC,losing,15,4/11/25,2800.51,2600,2797.73
A,^GSPC,losing,16,4/11/25,2800.51,2600,2700.95
A,^GSPC,losing,17,4/11/25,2800.51,2600,2717.15
A,^GSPC,losing,18,4/11/25,2800.51,2600,2764.18
A,^GSPC,losing,19,4/11/25,2800.51,2600,2739.65
A,^GSPC,losing,20,4/11/25,2800.51,2600,2690.84
A,^GSPC,losing,21,4/11/25,2800.51,2600,2682.4
A,^GSPC,losing,22,4/11/25,2800.51,2600,2747.3
A,^GSPC,losing,23,4/11/25,2800.51,2600,2698.62
A,^GSPC,losing,24,4/11/25,2800.51,2600,2736.67
A,^GSPC,losing,25,4/11/25,2800.51,2600,2693.03
A,^GSPC,losing,26,4/11/25,2800.51,2600,2718.9
A,^GSPC,losing,27,4/11/25,2800.51,2600,2726.54
A,^GSPC,losing,28,4/11/25,2800.51,2600,2772.47
A,^GSPC,losing,29,4/11/25,2800.51,2600,2649.39
A,^GSPC,losing,30,4/11/25,2800.51,2600,2716.8
A,^GSPC,losing,31,4/11/25,2800.51,2600,2783.52
A,^GSPC,losing,32,4/11/25,2800.51,2600,2722.86
A,^GSPC,losing,33,4/11/25,2800.51,2600,2613.88
A,^GSPC,losing,34,4/11/25,2800.51,2600,2711.45
A,^GSPC,losing,35,4/11/25,2800.51,2600,2692.41
A,^GSPC,losing,36,4/11/25,2800.51,2600,2670.77
A,^GSPC,losing,37,4/11/25,2800.51,2600,2614.26
A,^GSPC,losing,38,4/11/25,2800.51,2600,2642.83
A,^GSPC,losing,39,4/11/25,2800.51,2600,2729.48
A,^GSPC,losing,40,4/11/25,2800.51,2600,2726.87
A,^GSPC,losing,41,4/11/25,2800.51,2600,2758.09
A,^GSPC,losing,42,4/11/25,2800.51,2600,2800.44
A,^GSPC,losing,43,4/11/25,2800.51,2600,2622.42
A,^GSPC,losing,44,4/11/25,2800.51,2600,2667.57
A,^GSPC,losing,45,4/11/25,2800.51,2600,2813.09
A,^GSPC,losing,46,4/11/25,2800.51,2600,2733.57
A,^GSPC,losing,47,4/11/25,2800.51,2600,2616.72
A,^GSPC,losing,48,4/11/25,2800.51,2600,2688.75
A,^GSPC,losing,49,4/11/25,2800.51,2600,2686.21
A,^GSPC,losing,50,4/11/25,2800.51,2600,2612.36
A,^GSPC,losing,51,4/11/25,2800.51,2600,2617.71
A,^GSPC,losing,52,4/11/25,2800.51,2600,2731.71
A,^GSPC,losing,53,4/11/25,2800.51,2600,2719.09
A,^GSPC,losing,54,4/11/25,2800.51,2600,2583.99
A,^GSPC,losing,55,4/11/25,2800.51,2600,2693.08
A,^GSPC,losing,56,4/11/25,2800.51,2600,2653.66
A,^GSPC,losing,57,4/11/25,2800.51,2600,2580.71
A,^GSPC,losing,58,4/11/25,2800.51,2600,2663.37
A,^GSPC,losing,59,4/11/25,2800.51,2600,2740.05
A,^GSPC,losing,60,4/11/25,2800.51,2600,2774.43
A,^GSPC,losing,61,4/11/25,2800.51,2600,2703.53
A,^GSPC,losing,62,4/11/25,2800.51,2600,2733.53
A,^GSPC,losing,63,4/11/25,2800.51,2600,2729.68
A,^GSPC,losing,64,4/11/25,2800.51,2600,2766.49
A,^GSPC,losing,65,4/11/25,2800.51,2600,2648.17
A,^GSPC,losing,66,4/11/25,2800.51,2600,2704.51
A,^GSPC,losing,67,4/11/25,2800.51,2600,2719.02
A,^GSPC,losing,68,4/11/25,2800.51,2600,2617.92
A,^GSPC,losing,69,4/11/25,2800.51,2600,2566.28
A,^GSPC,losing,70,4/11/25,2800.51,2600,2767.21
A,^GSPC,losing,71,4/11/25,2800.51,2600,2734.78
A,^GSPC,losing,72,4/11/25,2800.51,2600,2685.41
A,^GSPC,losing,73,4/11/25,2800.51,2600,2663.36
A,^GSPC,losing,74,4/11/25,2800.51,2600,2736.13
A,^GSPC,losing,75,4/11/25,2800.51,2600,2558.11
A,^GSPC,losing,76,4/11/25,2800.51,2600,2757.28
A,^GSPC,losing,77,4/11/25,2800.51,2600,2739.04
A,^GSPC,losing,78,4/11/25,2800.51,2600,2704.61
A,^GSPC,losing,79,4/11/25,2800.51,2600,2727.67
A,^GSPC,losing,80,4/11/25,2800.51,2600,2619.18
A,^GSPC,losing,81,4/11/25,2800.51,2600,2711.91
A,^GSPC,losing,82,4/11/25,2800.51,2600,2742.24
A,^GSPC,losing,83,4/11/25,2800.51,2600,2795.44
A,^GSPC,losing,84,4/11/25,2800.51,2600,2600.88
A,^GSPC,losing,85,4/11/25,2800.51,2600,2631.13
A,^GSPC,losing,86,4/11/25,2800.51,2600,2719.22
A,^GSPC,losing,87,4/11/25,2800.51,2600,2724.04
A,^GSPC,losing,88,4/11/25,2800.51,2600,2732.7
A,^GSPC,losing,89,4/11/25,2800.51,2600,2708.19
A,^GSPC,losing,90,4/11/25,2800.51,2600,2611.65
A,^GSPC,losing,91,4/11/25,2800.51,2600,2619.24
A,^GSPC,losing,92,4/11/25,2800.51,2600,2670.1
A,^GSPC,losing,93,4/11/25,2800.51,2600,2661.64
A,^GSPC,losing,94,4/11/25,2800.51,2600,2680.82
A,^GSPC,losing,95,4/11/25,2800.51,2600,2668.12
A,^GSPC,losing,96,4/11/25,2800.51,2600,2743.63
A,^GSPC,losing,97,4/11/25,2800.51,2600,2751.76
A,^GSPC,losing,98,4/11/25,2800.51,2600,2663.55
A,^GSPC,losing,99,4/11/25,2800.51,2600,2646.25
A,^GSPC,losing,100,4/11/25,2800.51,2600,2734.56
A,^GSPC,growing,1,4/11/25,2702.64,2500,2646.13
A,^GSPC,growing,2,4/11/25,2702.64,2500,2666.6
A,^GSPC,growing,3,4/11/25,2702.64,2500,2608.15
A,^GSPC,growing,4,4/11/25,2702.64,2500,2793.15
A,^GSPC,growing,5,4/11/25,2702.64,2500,2670.39
A,^GSPC,growing,6,4/11/25,2702.64,2500,2675.61
A,^GSPC,growing,7,4/11/25,2702.64,2500,2735.55
A,^GSPC,growing,8,4/11/25,2702.64,2500,2665.74
A,^GSPC,growing,9,4/11/25,2702.64,2500,2654.89
A,^GSPC,growing,10,4/11/25,2702.64,2500,2653.06
A,^GSPC,growing,11,4/11/25,2702.64,2500,2618.05
A,^GSPC,growing,12,4/11/25,2702.64,2500,2575.47
A,^GSPC,growing,13,4/11/25,2702.64,2500,2777.62
A,^GSPC,growing,14,4/11/25,2702.64,2500,2713.31
A,^GSPC,growing,15,4/11/25,2702.64,2500,2797.73
A,^GSPC,growing,16,4/11/25,2702.64,2500,2700.95
A,^GSPC,growing,17,4/11/25,2702.64,2500,2717.15
A,^GSPC,growing,18,4/11/25,2702.64,2500,2764.18
A,^GSPC,growing,19,4/11/25,2702.64,2500,2739.65
A,^GSPC,growing,20,4/11/25,2702.64,2500,2690.84
A,^GSPC,growing,21,4/11/25,2702.64,2500,2682.4
A,^GSPC,growing,22,4/11/25,2702.64,2500,2747.3
A,^GSPC,growing,23,4/11/25,2702.64,2500,2698.62
A,^GSPC,growing,24,4/11/25,2702.64,2500,2736.67
A,^GSPC,growing,25,4/11/25,2702.64,2500,2693.03
A,^GSPC,growing,26,4/11/25,2702.64,2500,2718.9
A,^GSPC,growing,27,4/11/25,2702.64,2500,2726.54
A,^GSPC,growing,28,4/11/25,2702.64,2500,2772.47
A,^GSPC,growing,29,4/11/25,2702.64,2500,2649.39
A,^GSPC,growing,30,4/11/25,2702.64,2500,2716.8
A,^GSPC,growing,31,4/11/25,2702.64,2500,2783.52
A,^GSPC,growing,32,4/11/25,2702.64,2500,2722.86
A,^GSPC,growing,33,4/11/25,2702.64,2500,2613.88
A,^GSPC,growing,34,4/11/25,2702.64,2500,2711.45
A,^GSPC,growing,35,4/11/25,2702.64,2500,2692.41
A,^GSPC,growing,36,4/11/25,2702.64,2500,2670.77
A,^GSPC,growing,37,4/11/25,2702.64,2500,2614.26
A,^GSPC,growing,38,4/11/25,2702.64,2500,2642.83
A,^GSPC,growing,39,4/11/25,2702.64,2500,2729.48
A,^GSPC,growing,40,4/11/25,2702.64,2500,2726.87
A,^GSPC,growing,41,4/11/25,2702.64,2500,2758.09
A,^GSPC,growing,42,4/11/25,2702.64,2500,2800.44
A,^GSPC,growing,43,4/11/25,2702.64,2500,2622.42
A,^GSPC,growing,44,4/11/25,2702.64,2500,2667.57
A,^GSPC,growing,45,4/11/25,2702.64,2500,2813.09
A,^GSPC,growing,46,4/11/25,2702.64,2500,2733.57
A,^GSPC,growing,47,4/11/25,2702.64,2500,2616.72
A,^GSPC,growing,48,4/11/25,2702.64,2500,2688.75
A,^GSPC,growing,49,4/11/25,2702.64,2500,2686.21
A,^GSPC,growing,50,4/11/25,2702.64,2500,2612.36
A,^GSPC,growing,51,4/11/25,2702.64,2500,2617.71
A,^GSPC,growing,52,4/11/25,2702.64,2500,2731.71
A,^GSPC,growing,53,4/11/25,2702.64,2500,2719.09
A,^GSPC,growing,54,4/11/25,2702.64,2500,2583.99
A,^GSPC,growing,55,4/11/25,2702.64,2500,2693.08
A,^GSPC,growing,56,4/11/25,2702.64,2500,2653.66
A,^GSPC,growing,57,4/11/25,2702.64,2500,2580.71
A,^GSPC,growing,58,4/11/25,2702.64,2500,2663.37
A,^GSPC,growing,59,4/11/25,2702.64,2500,2740.05
A,^GSPC,growing,60,4/11/25,2702.64,2500,2774.43
A,^GSPC,growing,61,4/11/25,2702.64,2500,2703.53
A,^GSPC,growing,62,4/11/25,2702.64,2500,2733.53
A,^GSPC,growing,63,4/11/25,2702.64,2500,2729.68
A,^GSPC,growing,64,4/11/25,2702.64,2500,2766.49
A,^GSPC,growing,65,4/11/25,2702.64,2500,2648.17
A,^GSPC,growing,66,4/11/25,2702.64,2500,2704.51
A,^GSPC,growing,67,4/11/25,2702.64,2500,2719.02
A,^GSPC,growing,68,4/11/25,2702.64,2500,2617.92
A,^GSPC,growing,69,4/11/25,2702.64,2500,2566.28
A,^GSPC,growing,70,4/11/25,2702.64,2500,2767.21
A,^GSPC,growing,71,4/11/25,2702.64,2500,2734.78
A,^GSPC,growing,72,4/11/25,2702.64,2500,2685.41
A,^GSPC,growing,73,4/11/25,2702.64,2500,2663.36
A,^GSPC,growing,74,4/11/25,2702.64,2500,2736.13
A,^GSPC,growing,75,4/11/25,2702.64,2500,2558.11
A,^GSPC,growing,76,4/11/25,2702.64,2500,2757.28
A,^GSPC,growing,77,4/11/25,2702.64,2500,2739.04
A,^GSPC,growing,78,4/11/25,2702.64,2500,2704.61
A,^GSPC,growing,79,4/11/25,2702.64,2500,2727.67
A,^GSPC,growing,80,4/11/25,2702.64,2500,2619.18
A,^GSPC,growing,81,4/11/25,2702.64,2500,2711.91
A,^GSPC,growing,82,4/11/25,2702.64,2500,2742.24
A,^GSPC,growing,83,4/11/25,2702.64,2500,2795.44
A,^GSPC,growing,84,4/11/25,2702.64,2500,2600.88
A,^GSPC,growing,85,4/11/25,2702.64,2500,2631.13
A,^GSPC,growing,86,4/11/25,2702.64,2500,2719.22
A,^GSPC,growing,87,4/11/25,2702.64,2500,2724.04
A,^GSPC,growing,88,4/11/25,2702.64,2500,2732.7
A,^GSPC,growing,89,4/11/25,2702.64,2500,2708.19
A,^GSPC,growing,90,4/11/25,2702.64,2500,2611.65
A,^GSPC,growing,91,4/11/25,2702.64,2500,2619.24
A,^GSPC,growing,92,4/11/25,2702.64,2500,2670.1
A,^GSPC,growing,93,4/11/25,2702.64,2500,2661.64
A,^GSPC,growing,94,4/11/25,2702.64,2500,2680.82
A,^GSPC,growing,95,4/11/25,2702.64,2500,2668.12
A,^GSPC,growing,96,4/11/25,2702.64,2500,2743.63
A,^GSPC,growing,97,4/11/25,2702.64,2500,2751.76
A,^GSPC,growing,98,4/11/25,2702.64,2500,2663.55
A,^GSPC,growing,99,4/11/25,2702.64,2500,2646.25
A,^GSPC,growing,100,4/11/25,2702.64,2500,2734.56
A,^GSPC,buythedip,1,4/11/25,129.62,100,2646.13
A,^GSPC,buythedip,2,4/11/25,129.62,100,2666.6
A,^GSPC,buythedip,3,4/11/25,129.62,100,2608.15
A,^GSPC,buythedip,4,4/11/25,129.62,100,2793.15
A,^GSPC,buythedip,5,4/11/25,129.62,100,2670.39
A,^GSPC,buythedip,6,4/11/25,129.62,100,2675.61
A,^GSPC,buythedip,7,4/11/25,129.62,100,2735.55
A,^GSPC,buythedip,8,4/11/25,129.62,100,2665.74
A,^GSPC,buythedip,9,4/11/25,129.62,100,2654.89
A,^GSPC,buythedip,10,4/11/25,129.62,100,2653.06
A,^GSPC,buythedip,11,4/11/25,129.62,100,2618.05
A,^GSPC,buythedip,12,4/11/25,129.62,100,2575.47
A,^GSPC,buythedip,13,4/11/25,129.62,100,2777.62
A,^GSPC,buythedip,14,4/11/25,129.62,100,2713.31
A,^GSPC,buythedip,15,4/11/25,129.62,100,2797.73
A,^GSPC,buythedip,16,4/11/25,129.62,100,2700.95
A,^GSPC,buythedip,17,4/11/25,129.62,100,2717.15
A,^GSPC,buythedip,18,4/11/25,129.62,100,2764.18
A,^GSPC,buythedip,19,4/11/25,129.62,100,2739.65
A,^GSPC,buythedip,20,4/11/25,129.62,100,2690.84
A,^GSPC,buythedip,21,4/11/25,129.62,100,2682.4
A,^GSPC,buythedip,22,4/11/25,129.62,100,2747.3
A,^GSPC,buythedip,23,4/11/25,129.62,100,2698.62
A,^GSPC,buythedip,24,4/11/25,129.62,100,2736.67
A,^GSPC,buythedip,25,4/11/25,129.62,100,2693.03
A,^GSPC,buythedip,26,4/11/25,129.62,100,2718.9
A,^GSPC,buythedip,27,4/11/25,129.62,100,2726.54
A,^GSPC,buythedip,28,4/11/25,129.62,100,2772.47
A,^GSPC,buythedip,29,4/11/25,129.62,100,2649.39
A,^GSPC,buythedip,30,4/11/25,129.62,100,2716.8
A,^GSPC,buythedip,31,4/11/25,129.62,100,2783.52
A,^GSPC,buythedip,32,4/11/25,129.62,100,2722.86
A,^GSPC,buythedip,33,4/11/25,129.62,100,2613.88
A,^GSPC,buythedip,34,4/11/25,129.62,100,2711.45
A,^GSPC,buythedip,35,4/11/25,129.62,100,2692.41
A,^GSPC,buythedip,36,4/11/25,129.62,100,2670.77
A,^GSPC,buythedip,37,4/11/25,129.62,100,2614.26
A,^GSPC,buythedip,38,4/11/25,129.62,100,2642.83
A,^GSPC,buythedip,39,4/11/25,129.62,100,2729.48
A,^GSPC,buythedip,40,4/11/25,129.62,100,2726.87
A,^GSPC,buythedip,41,4/11/25,129.62,100,2758.09
A,^GSPC,buythedip,42,4/11/25,129.62,100,2800.44
A,^GSPC,buythedip,43,4/11/25,129.62,100,2622.42
A,^GSPC,buythedip,44,4/11/25,129.62,100,2667.57
A,^GSPC,buythedip,45,4/11/25,129.62,100,2813.09
A,^GSPC,buythedip,46,4/11/25,129.62,100,2733.57
A,^GSPC,buythedip,47,4/11/25,129.62,100,2616.72
A,^GSPC,buythedip,48,4/11/25,129.62,100,2688.75
A,^GSPC,buythedip,49,4/11/25,129.62,100,2686.21
A,^GSPC,buythedip,50,4/11/25,129.62,100,2612.36
A,^GSPC,buythedip,51,4/11/25,129.62,100,2617.71
A,^GSPC,buythedip,52,4/11/25,129.62,100,2731.71
A,^GSPC,buythedip,53,4/11/25,129.62,100,2719.09
A,^GSPC,buythedip,54,4/11/25,129.62,100,2583.99
A,^GSPC,buythedip,55,4/11/25,129.62,100,2693.08
A,^GSPC,buythedip,56,4/11/25,129.62,100,2653.66
A,^GSPC,buythedip,57,4/11/25,129.62,100,2580.71
A,^GSPC,buythedip,58,4/11/25,129.62,100,2663.37
A,^GSPC,buythedip,59,4/11/25,129.62,100,2740.05
A,^GSPC,buythedip,60,4/11/25,129.62,100,2774.43
A,^GSPC,buythedip,61,4/11/25,129.62,100,2703.53
A,^GSPC,buythedip,62,4/11/25,129.62,100,2733.53
A,^GSPC,buythedip,63,4/11/25,129.62,100,2729.68
A,^GSPC,buythedip,64,4/11/25,129.62,100,2766.49
A,^GSPC,buythedip,65,4/11/25,129.62,100,2648.17
A,^GSPC,buythedip,66,4/11/25,129.62,100,2704.51
A,^GSPC,buythedip,67,4/11/25,129.62,100,2719.02
A,^GSPC,buythedip,68,4/11/25,129.62,100,2617.92
A,^GSPC,buythedip,69,4/11/25,129.62,100,2566.28
A,^GSPC,buythedip,70,4/11/25,129.62,100,2767.21
A,^GSPC,buythedip,71,4/11/25,129.62,100,2734.78
A,^GSPC,buythedip,72,4/11/25,129.62,100,2685.41
A,^GSPC,buythedip,73,4/11/25,129.62,100,2663.36
A,^GSPC,buythedip,74,4/11/25,129.62,100,2736.13
A,^GSPC,buythedip,75,4/11/25,129.62,100,2558.11
A,^GSPC,buythedip,76,4/11/25,129.62,100,2757.28
A,^GSPC,buythedip,77,4/11/25,129.62,100,2739.04
A,^GSPC,buythedip,78,4/11/25,129.62,100,2704.61
A,^GSPC,buythedip,79,4/11/25,129.62,100,2727.67
A,^GSPC,buythedip,80,4/11/25,129.62,100,2619.18
A,^GSPC,buythedip,81,4/11/25,129.62,100,2711.91
A,^GSPC,buythedip,82,4/11/25,129.62,100,2742.24
A,^GSPC,buythedip,83,4/11/25,129.62,100,2795.44
A,^GSPC,buythedip,84,4/11/25,129.62,100,2600.88
A,^GSPC,buythedip,85,4/11/25,129.62,100,2631.13
A,^GSPC,buythedip,86,4/11/25,129.62,100,2719.22
A,^GSPC,buythedip,87,4/11/25,129.62,100,2724.04
A,^GSPC,buythedip,88,4/11/25,129.62,100,2732.7
A,^GSPC,buythedip,89,4/11/25,129.62,100,2708.19
A,^GSPC,buythedip,90,4/11/25,129.62,100,2611.65
A,^GSPC,buythedip,91,4/11/25,129.62,100,2619.24
A,^GSPC,buythedip,92,4/11/25,129.62,100,2670.1
A,^GSPC,buythedip,93,4/11/25,129.62,100,2661.64
A,^GSPC,buythedip,94,4/11/25,129.62,100,2680.82
A,^GSPC,buythedip,95,4/11/25,129.62,100,2668.12
A,^GSPC,buythedip,96,4/11/25,129.62,100,2743.63
A,^GSPC,buythedip,97,4/11/25,129.62,100,2751.76
A,^GSPC,buythedip,98,4/11/25,129.62,100,2663.55
A,^GSPC,buythedip,99,4/11/25,129.62,100,2646.25
A,^GSPC,buythedip,100,4/11/25,129.62,100,2734.56
A,^GSPC,0.98buythedip,1,4/11/25,2522.62,4100,2646.13
A,^GSPC,0.98buythedip,2,4/11/25,2522.62,4100,2666.6
A,^GSPC,0.98buythedip,3,4/11/25,2522.62,4100,2608.15
A,^GSPC,0.98buythedip,4,4/11/25,2522.62,4100,2793.15
A,^GSPC,0.98buythedip,5,4/11/25,2522.62,4100,2670.39
A,^GSPC,0.98buythedip,6,4/11/25,2522.62,4100,2675.61
A,^GSPC,0.98buythedip,7,4/11/25,2522.62,4100,2735.55
A,^GSPC,0.98buythedip,8,4/11/25,2522.62,4100,2665.74
A,^GSPC,0.98buythedip,9,4/11/25,2522.62,4100,2654.89
A,^GSPC,0.98buythedip,10,4/11/25,2522.62,4100,2653.06
A,^GSPC,0.98buythedip,11,4/11/25,2522.62,4100,2618.05
A,^GSPC,0.98buythedip,12,4/11/25,2522.62,4100,2575.47
A,^GSPC,0.98buythedip,13,4/11/25,2522.62,4100,2777.62
A,^GSPC,0.98buythedip,14,4/11/25,2522.62,4100,2713.31
A,^GSPC,0.98buythedip,15,4/11/25,2522.62,4100,2797.73
A,^GSPC,0.98buythedip,16,4/11/25,2522.62,4100,2700.95
A,^GSPC,0.98buythedip,17,4/11/25,2522.62,4100,2717.15
A,^GSPC,0.98buythedip,18,4/11/25,2522.62,4100,2764.18
A,^GSPC,0.98buythedip,19,4/11/25,2522.62,4100,2739.65
A,^GSPC,0.98buythedip,20,4/11/25,2522.62,4100,2690.84
A,^GSPC,0.98buythedip,21,4/11/25,2522.62,4100,2682.4
A,^GSPC,0.98buythedip,22,4/11/25,2522.62,4100,2747.3
A,^GSPC,0.98buythedip,23,4/11/25,2522.62,4100,2698.62
A,^GSPC,0.98buythedip,24,4/11/25,2522.62,4100,2736.67
A,^GSPC,0.98buythedip,25,4/11/25,2522.62,4100,2693.03
A,^GSPC,0.98buythedip,26,4/11/25,2522.62,4100,2718.9
A,^GSPC,0.98buythedip,27,4/11/25,2522.62,4100,2726.54
A,^GSPC,0.98buythedip,28,4/11/25,2522.62,4100,2772.47
A,^GSPC,0.98buythedip,29,4/11/25,2522.62,4100,2649.39
A,^GSPC,0.98buythedip,30,4/11/25,2522.62,4100,2716.8
A,^GSPC,0.98buythedip,31,4/11/25,2522.62,4100,2783.52
A,^GSPC,0.98buythedip,32,4/11/25,2522.62,4100,2722.86
A,^GSPC,0.98buythedip,33,4/11/25,2522.62,4100,2613.88
A,^GSPC,0.98buythedip,34,4/11/25,2522.62,4100,2711.45
A,^GSPC,0.98buythedip,35,4/11/25,2522.62,4100,2692.41
A,^GSPC,0.98buythedip,36,4/11/25,2522.62,4100,2670.77
A,^GSPC,0.98buythedip,37,4/11/25,2522.62,4100,2614.26
A,^GSPC,0.98buythedip,38,4/11/25,2522.62,4100,2642.83
A,^GSPC,0.98buythedip,39,4/11/25,2522.62,4100,2729.48
A,^GSPC,0.98buythedip,40,4/11/25,2522.62,4100,2726.87
A,^GSPC,0.98buythedip,41,4/11/25,2522.62,4100,2758.09
A,^GSPC,0.98buythedip,42,4/11/25,2522.62,4100,2800.44
A,^GSPC,0.98buythedip,43,4/11/25,2522.62,4100,2622.42
A,^GSPC,0.98buythedip,44,4/11/25,2522.62,4100,2667.57
A,^GSPC,0.98buythedip,45,4/11/25,2522.62,4100,2813.09
A,^GSPC,0.98buythedip,46,4/11/25,2522.62,4100,2733.57
A,^GSPC,0.98buythedip,47,4/11/25,2522.62,4100,2616.72
A,^GSPC,0.98buythedip,48,4/11/25,2522.62,4100,2688.75
A,^GSPC,0.98buythedip,49,4/11/25,2522.62,4100,2686.21
A,^GSPC,0.98buythedip,50,4/11/25,2522.62,4100,2612.36
A,^GSPC,0.98buythedip,51,4/11/25,2522.62,4100,2617.71
A,^GSPC,0.98buythedip,52,4/11/25,2522.62,4100,2731.71
A,^GSPC,0.98buythedip,53,4/11/25,2522.62,4100,2719.09
A,^GSPC,0.98buythedip,54,4/11/25,2522.62,4100,2583.99
A,^GSPC,0.98buythedip,55,4/11/25,2522.62,4100,2693.08
A,^GSPC,0.98buythedip,56,4/11/25,2522.62,4100,2653.66
A,^GSPC,0.98buythedip,57,4/11/25,2522.62,4100,2580.71
A,^GSPC,0.98buythedip,58,4/11/25,2522.62,4100,2663.37
A,^GSPC,0.98buythedip,59,4/11/25,2522.62,4100,2740.05
A,^GSPC,0.98buythedip,60,4/11/25,2522.62,4100,2774.43
A,^GSPC,0.98buythedip,61,4/11/25,2522.62,4100,2703.53
A,^GSPC,0.98buythedip,62,4/11/25,2522.62,4100,2733.53
A,^GSPC,0.98buythedip,63,4/11/25,2522.62,4100,2729.68
A,^GSPC,0.98buythedip,64,4/11/25,2522.62,4100,2766.49
A,^GSPC,0.98buythedip,65,4/11/25,2522.62,4100,2648.17
A,^GSPC,0.98buythedip,66,4/11/25,2522.62,4100,2704.51
A,^GSPC,0.98buythedip,67,4/11/25,2522.62,4100,2719.02
A,^GSPC,0.98buythedip,68,4/11/25,2522.62,4100,2617.92
A,^GSPC,0.98buythedip,69,4/11/25,2522.62,4100,2566.28
A,^GSPC,0.98buythedip,70,4/11/25,2522.62,4100,2767.21
A,^GSPC,0.98buythedip,71,4/11/25,2522.62,4100,2734.78
A,^GSPC,0.98buythedip,72,4/11/25,2522.62,4100,2685.41
A,^GSPC,0.98buythedip,73,4/11/25,2522.62,4100,2663.36
A,^GSPC,0.98buythedip,74,4/11/25,2522.62,4100,2736.13
A,^GSPC,0.98buythedip,75,4/11/25,2522.62,4100,2558.11
A,^GSPC,0.98buythedip,76,4/11/25,2522.62,4100,2757.28
A,^GSPC,0.98buythedip,77,4/11/25,2522.62,4100,2739.04
A,^GSPC,0.98buythedip,78,4/11/25,2522.62,4100,2704.61
A,^GSPC,0.98buythedip,79,4/11/25,2522.62,4100,2727.67
A,^GSPC,0.98buythedip,80,4/11/25,2522.62,4100,2619.18
A,^GSPC,0.98buythedip,81,4/11/25,2522.62,4100,2711.91
A,^GSPC,0.98buythedip,82,4/11/25,2522.62,4100,2742.24
A,^GSPC,0.98buythedip,83,4/11/25,2522.62,4100,2795.44
A,^GSPC,0.98buythedip,84,4/11/25,2522.62,4100,2600.88
A,^GSPC,0.98buythedip,85,4/11/25,2522.62,4100,2631.13
A,^GSPC,0.98buythedip,86,4/11/25,2522.62,4100,2719.22
A,^GSPC,0.98buythedip,87,4/11/25,2522.62,4100,2724.04
A,^GSPC,0.98buythedip,88,4/11/25,2522.62,4100,2732.7
A,^GSPC,0.98buythedip,89,4/11/25,2522.62,4100,2708.19
A,^GSPC,0.98buythedip,90,4/11/25,2522.62,4100,2611.65
A,^GSPC,0.98buythedip,91,4/11/25,2522.62,4100,2619.24
A,^GSPC,0.98buythedip,92,4/11/25,2522.62,4100,2670.1
A,^GSPC,0.98buythedip,93,4/11/25,2522.62,4100,2661.64
A,^GSPC,0.98buythedip,94,4/11/25,2522.62,4100,2680.82
A,^GSPC,0.98buythedip,95,4/11/25,2522.62,4100,2668.12
A,^GSPC,0.98buythedip,96,4/11/25,2522.62,4100,2743.63
A,^GSPC,0.98buythedip,97,4/11/25,2522.62,4100,2751.76
A,^GSPC,0.98buythedip,98,4/11/25,2522.62,4100,2663.55
A,^GSPC,0.98buythedip,99,4/11/25,2522.62,4100,2646.25
A,^GSPC,0.98buythedip,100,4/11/25,2522.62,4100,2734.56
A,^GSPC,complexbuythedip,1,4/11/25,2797.04,2600,2646.13
A,^GSPC,complexbuythedip,2,4/11/25,2797.04,2600,2666.6
A,^GSPC,complexbuythedip,3,4/11/25,2797.04,2600,2608.15
A,^GSPC,complexbuythedip,4,4/11/25,2797.04,2600,2793.15
A,^GSPC,complexbuythedip,5,4/11/25,2797.04,2600,2670.39
A,^GSPC,complexbuythedip,6,4/11/25,2797.04,2600,2675.61
A,^GSPC,complexbuythedip,7,4/11/25,2797.04,2600,2735.55
A,^GSPC,complexbuythedip,8,4/11/25,2797.04,2600,2665.74
A,^GSPC,complexbuythedip,9,4/11/25,2797.04,2600,2654.89
A,^GSPC,complexbuythedip,10,4/11/25,2797.04,2600,2653.06
A,^GSPC,complexbuythedip,11,4/11/25,2797.04,2600,2618.05
A,^GSPC,complexbuythedip,12,4/11/25,2797.04,2600,2575.47
A,^GSPC,complexbuythedip,13,4/11/25,2797.04,2600,2777.62
A,^GSPC,complexbuythedip,14,4/11/25,2797.04,2600,2713.31
A,^GSPC,complexbuythedip,15,4/11/25,2797.04,2600,2797.73
A,^GSPC,complexbuythedip,16,4/11/25,2797.04,2600,2700.95
A,^GSPC,complexbuythedip,17,4/11/25,2797.04,2600,2717.15
A,^GSPC,complexbuythedip,18,4/11/25,2797.04,2600,2764.18
A,^GSPC,complexbuythedip,19,4/11/25,2797.04,2600,2739.65
A,^GSPC,complexbuythedip,20,4/11/25,2797.04,2600,2690.84
A,^GSPC,complexbuythedip,21,4/11/25,2797.04,2600,2682.4
A,^GSPC,complexbuythedip,22,4/11/25,2797.04,2600,2747.3
A,^GSPC,complexbuythedip,23,4/11/25,2797.04,2600,2698.62
A,^GSPC,complexbuythedip,24,4/11/25,2797.04,2600,2736.67
A,^GSPC,complexbuythedip,25,4/11/25,2797.04,2600,2693.03
A,^GSPC,complexbuythedip,26,4/11/25,2797.04,2600,2718.9
A,^GSPC,complexbuythedip,27,4/11/25,2797.04,2600,2726.54
A,^GSPC,complexbuythedip,28,4/11/25,2797.04,2600,2772.47
A,^GSPC,complexbuythedip,29,4/11/25,2797.04,2600,2649.39
A,^GSPC,complexbuythedip,30,4/11/25,2797.04,2600,2716.8
A,^GSPC,complexbuythedip,31,4/11/25,2797.04,2600,2783.52
A,^GSPC,complexbuythedip,32,4/11/25,2797.04,2600,2722.86
A,^GSPC,complexbuythedip,33,4/11/25,2797.04,2600,2613.88
A,^GSPC,complexbuythedip,34,4/11/25,2797.04,2600,2711.45
A,^GSPC,complexbuythedip,35,4/11/25,2797.04,2600,2692.41
A,^GSPC,complexbuythedip,36,4/11/25,2797.04,2600,2670.77
A,^GSPC,complexbuythedip,37,4/11/25,2797.04,2600,2614.26
A,^GSPC,complexbuythedip,38,4/11/25,2797.04,2600,2642.83
A,^GSPC,complexbuythedip,39,4/11/25,2797.04,2600,2729.48
A,^GSPC,complexbuythedip,40,4/11/25,2797.04,2600,2726.87
A,^GSPC,complexbuythedip,41,4/11/25,2797.04,2600,2758.09
A,^GSPC,complexbuythedip,42,4/11/25,2797.04,2600,2800.44
A,^GSPC,complexbuythedip,43,4/11/25,2797.04,2600,2622.42
A,^GSPC,complexbuythedip,44,4/11/25,2797.04,2600,2667.57
A,^GSPC,complexbuythedip,45,4/11/25,2797.04,2600,2813.09
A,^GSPC,complexbuythedip,46,4/11/25,2797.04,2600,2733.57
A,^GSPC,complexbuythedip,47,4/11/25,2797.04,2600,2616.72
A,^GSPC,complexbuythedip,48,4/11/25,2797.04,2600,2688.75
A,^GSPC,complexbuythedip,49,4/11/25,2797.04,2600,2686.21
A,^GSPC,complexbuythedip,50,4/11/25,2797.04,2600,2612.36
A,^GSPC,complexbuythedip,51,4/11/25,2797.04,2600,2617.71
A,^GSPC,complexbuythedip,52,4/11/25,2797.04,2600,2731.71
A,^GSPC,complexbuythedip,53,4/11/25,2797.04,2600,2719.09
A,^GSPC,complexbuythedip,54,4/11/25,2797.04,2600,2583.99
A,^GSPC,complexbuythedip,55,4/11/25,2797.04,2600,2693.08
A,^GSPC,complexbuythedip,56,4/11/25,2797.04,2600,2653.66
A,^GSPC,complexbuythedip,57,4/11/25,2797.04,2600,2580.71
A,^GSPC,complexbuythedip,58,4/11/25,2797.04,2600,2663.37
A,^GSPC,complexbuythedip,59,4/11/25,2797.04,2600,2740.05
A,^GSPC,complexbuythedip,60,4/11/25,2797.04,2600,2774.43
A,^GSPC,complexbuythedip,61,4/11/25,2797.04,2600,2703.53
A,^GSPC,complexbuythedip,62,4/11/25,2797.04,2600,2733.53
A,^GSPC,complexbuythedip,63,4/11/25,2797.04,2600,2729.68
A,^GSPC,complexbuythedip,64,4/11/25,2797.04,2600,2766.49
A,^GSPC,complexbuythedip,65,4/11/25,2797.04,2600,2648.17
A,^GSPC,complexbuythedip,66,4/11/25,2797.04,2600,2704.51
A,^GSPC,complexbuythedip,67,4/11/25,2797.04,2600,2719.02
A,^GSPC,complexbuythedip,68,4/11/25,2797.04,2600,2617.92
A,^GSPC,complexbuythedip,69,4/11/25,2797.04,2600,2566.28
A,^GSPC,complexbuythedip,70,4/11/25,2797.04,2600,2767.21
A,^GSPC,complexbuythedip,71,4/11/25,2797.04,2600,2734.78
A,^GSPC,complexbuythedip,72,4/11/25,2797.04,2600,2685.41
A,^GSPC,complexbuythedip,73,4/11/25,2797.04,2600,2663.36
A,^GSPC,complexbuythedip,74,4/11/25,2797.04,2600,2736.13
A,^GSPC,complexbuythedip,75,4/11/25,2797.04,2600,2558.11
A,^GSPC,complexbuythedip,76,4/11/25,2797.04,2600,2757.28
A,^GSPC,complexbuythedip,77,4/11/25,2797.04,2600,2739.04
A,^GSPC,complexbuythedip,78,4/11/25,2797.04,2600,2704.61
A,^GSPC,complexbuythedip,79,4/11/25,2797.04,2600,2727.67
A,^GSPC,complexbuythedip,80,4/11/25,2797.04,2600,2619.18
A,^GSPC,complexbuythedip,81,4/11/25,2797.04,2600,2711.91
A,^GSPC,complexbuythedip,82,4/11/25,2797.04,2600,2742.24
A,^GSPC,complexbuythedip,83,4/11/25,2797.04,2600,2795.44
A,^GSPC,complexbuythedip,84,4/11/25,2797.04,2600,2600.88
A,^GSPC,complexbuythedip,85,4/11/25,2797.04,2600,2631.13
A,^GSPC,complexbuythedip,86,4/11/25,2797.04,2600,2719.22
A,^GSPC,complexbuythedip,87,4/11/25,2797.04,2600,2724.04
A,^GSPC,complexbuythedip,88,4/11/25,2797.04,2600,2732.7
A,^GSPC,complexbuythedip,89,4/11/25,2797.04,2600,2708.19
A,^GSPC,complexbuythedip,90,4/11/25,2797.04,2600,2611.65
A,^GSPC,complexbuythedip,91,4/11/25,2797.04,2600,2619.24
A,^GSPC,complexbuythedip,92,4/11/25,2797.04,2600,2670.1
A,^GSPC,complexbuythedip,93,4/11/25,2797.04,2600,2661.64
A,^GSPC,complexbuythedip,94,4/11/25,2797.04,2600,2680.82
A,^GSPC,complexbuythedip,95,4/11/25,2797.04,2600,2668.12
A,^GSPC,complexbuythedip,96,4/11/25,2797.04,2600,2743.63
A,^GSPC,complexbuythedip,97,4/11/25,2797.04,2600,2751.76
A,^GSPC,complexbuythedip,98,4/11/25,2797.04,2600,2663.55
A,^GSPC,complexbuythedip,99,4/11/25,2797.04,2600,2646.25
A,^GSPC,complexbuythedip,100,4/11/25,2797.04,2600,2734.56
B,^GSPC,first,1,4/11/25,8980.89,8000,8883.75
B,^GSPC,first,2,4/11/25,8980.89,8000,8934.91
B,^GSPC,first,3,4/11/25,8980.89,8000,8788.8
B,^GSPC,first,4,4/11/25,8980.89,8000,9251.29
B,^GSPC,first,5,4/11/25,8980.89,8000,8944.39
B,^GSPC,first,6,4/11/25,8980.89,8000,8957.45
B,^GSPC,first,7,4/11/25,8980.89,8000,9107.29
B,^GSPC,first,8,4/11/25,8980.89,8000,8932.77
B,^GSPC,first,9,4/11/25,8980.89,8000,8905.65
B,^GSPC,first,10,4/11/25,8980.89,8000,8901.07
B,^GSPC,first,11,4/11/25,8980.89,8000,8813.55
B,^GSPC,first,12,4/11/25,8980.89,8000,8707.09
B,^GSPC,first,13,4/11/25,8980.89,8000,9212.45
B,^GSPC,first,14,4/11/25,8980.89,8000,9051.69
B,^GSPC,first,15,4/11/25,8980.89,8000,9262.75
B,^GSPC,first,16,4/11/25,8980.89,8000,9020.8
B,^GSPC,first,17,4/11/25,8980.89,8000,9061.3
B,^GSPC,first,18,4/11/25,8980.89,8000,9178.86
B,^GSPC,first,19,4/11/25,8980.89,8000,9117.54
B,^GSPC,first,20,4/11/25,8980.89,8000,8995.51
B,^GSPC,first,21,4/11/25,8980.89,8000,8974.42
B,^GSPC,first,22,4/11/25,8980.89,8000,9136.68
B,^GSPC,first,23,4/11/25,8980.89,8000,9014.96
B,^GSPC,first,24,4/11/25,8980.89,8000,9110.08
B,^GSPC,first,25,4/11/25,8980.89,8000,9000.99
B,^GSPC,first,26,4/11/25,8980.89,8000,9065.65
B,^GSPC,first,27,4/11/25,8980.89,8000,9084.77
B,^GSPC,first,28,4/11/25,8980.89,8000,9199.58
B,^GSPC,first,29,4/11/25,8980.89,8000,8891.88
B,^GSPC,first,30,4/11/25,8980.89,8000,9060.41
B,^GSPC,first,31,4/11/25,8980.89,8000,9227.22
B,^GSPC,first,32,4/11/25,8980.89,8000,9075.57
B,^GSPC,first,33,4/11/25,8980.89,8000,8803.11
B,^GSPC,first,34,4/11/25,8980.89,8000,9047.03
B,^GSPC,first,35,4/11/25,8980.89,8000,8999.45
B,^GSPC,first,36,4/11/25,8980.89,8000,8945.34
B,^GSPC,first,37,4/11/25,8980.89,8000,8804.05
B,^GSPC,first,38,4/11/25,8980.89,8000,8875.49
B,^GSPC,first,39,4/11/25,8980.89,8000,9092.13
B,^GSPC,first,40,4/11/25,8980.89,8000,9085.6
B,^GSPC,first,41,4/11/25,8980.89,8000,9163.64
B,^GSPC,first,42,4/11/25,8980.89,8000,9269.5
B,^GSPC,first,43,4/11/25,8980.89,8000,8824.46
B,^GSPC,first,44,4/11/25,8980.89,8000,8937.34
B,^GSPC,first,45,4/11/25,8980.89,8000,9301.14
B,^GSPC,first,46,4/11/25,8980.89,8000,9102.33
B,^GSPC,first,47,4/11/25,8980.89,8000,8810.2
B,^GSPC,first,48,4/11/25,8980.89,8000,8990.29
B,^GSPC,first,49,4/11/25,8980.89,8000,8983.94
B,^GSPC,first,50,4/11/25,8980.89,8000,8799.31
B,^GSPC,first,51,4/11/25,8980.89,8000,8812.69
B,^GSPC,first,52,4/11/25,8980.89,8000,9097.68
B,^GSPC,first,53,4/11/25,8980.89,8000,9066.13
B,^GSPC,first,54,4/11/25,8980.89,8000,8728.38
B,^GSPC,first,55,4/11/25,8980.89,8000,9001.11
B,^GSPC,first,56,4/11/25,8980.89,8000,8902.56
B,^GSPC,first,57,4/11/25,8980.89,8000,8720.19
B,^GSPC,first,58,4/11/25,8980.89,8000,8926.85
B,^GSPC,first,59,4/11/25,8980.89,8000,9118.54
B,^GSPC,first,60,4/11/25,8980.89,8000,9204.5
B,^GSPC,first,61,4/11/25,8980.89,8000,9027.24
B,^GSPC,first,62,4/11/25,8980.89,8000,9102.23
B,^GSPC,first,63,4/11/25,8980.89,8000,9092.62
B,^GSPC,first,64,4/11/25,8980.89,8000,9184.65
B,^GSPC,first,65,4/11/25,8980.89,8000,8888.83
B,^GSPC,first,66,4/11/25,8980.89,8000,9029.69
B,^GSPC,first,67,4/11/25,8980.89,8000,9065.96
B,^GSPC,first,68,4/11/25,8980.89,8000,8813.21
B,^GSPC,first,69,4/11/25,8980.89,8000,8684.11
B,^GSPC,first,70,4/11/25,8980.89,8000,9186.43
B,^GSPC,first,71,4/11/25,8980.89,8000,9105.35
B,^GSPC,first,72,4/11/25,8980.89,8000,8981.93
B,^GSPC,first,73,4/11/25,8980.89,8000,8926.81
B,^GSPC,first,74,4/11/25,8980.89,8000,9108.74
B,^GSPC,first,75,4/11/25,8980.89,8000,8663.69
B,^GSPC,first,76,4/11/25,8980.89,8000,9161.62
B,^GSPC,first,77,4/11/25,8980.89,8000,9116.01
B,^GSPC,first,78,4/11/25,8980.89,8000,9029.93
B,^GSPC,first,79,4/11/25,8980.89,8000,9087.6
B,^GSPC,first,80,4/11/25,8980.89,8000,8816.36
B,^GSPC,first,81,4/11/25,8980.89,8000,9048.2
B,^GSPC,first,82,4/11/25,8980.89,8000,9124.01
B,^GSPC,first,83,4/11/25,8980.89,8000,9257.02
B,^GSPC,first,84,4/11/25,8980.89,8000,8770.62
B,^GSPC,first,85,4/11/25,8980.89,8000,8846.24
B,^GSPC,first,86,4/11/25,8980.89,8000,9066.47
B,^GSPC,first,87,4/11/25,8980.89,8000,9078.52
B,^GSPC,first,88,4/11/25,8980.89,8000,9100.17
B,^GSPC,first,89,4/11/25,8980.89,8000,9038.9
B,^GSPC,first,90,4/11/25,8980.89,8000,8797.53
B,^GSPC,first,91,4/11/25,8980.89,8000,8816.51
B,^GSPC,first,92,4/11/25,8980.89,8000,8943.67
B,^GSPC,first,93,4/11/25,8980.89,8000,8922.52
B,^GSPC,first,94,4/11/25,8980.89,8000,8970.47
B,^GSPC,first,95,4/11/25,8980.89,8000,8938.71
B,^GSPC,first,96,4/11/25,8980.89,8000,9127.5
B,^GSPC,first,97,4/11/25,8980.89,8000,9147.81
B,^GSPC,first,98,4/11/25,8980.89,8000,8927.28
B,^GSPC,first,99,4/11/25,8980.89,8000,8884.05
B,^GSPC,first,100,4/11/25,8980.89,8000,9104.81
B,^GSPC,losing,1,4/11/25,9269.68,8250,8883.75
B,^GSPC,losing,2,4/11/25,9269.68,8250,8934.91
B,^GSPC,losing,3,4/11/25,9269.68,8250,8788.8
B,^GSPC,losing,4,4/11/25,9269.68,8250,9251.29
B,^GSPC,losing,5,4/11/25,9269.68,8250,8944.39
B,^GSPC,losing,6,4/11/25,9269.68,8250,8957.45
B,^GSPC,losing,7,4/11/25,9269.68,8250,9107.29
B,^GSPC,losing,8,4/11/25,9269.68,8250,8932.77
B,^GSPC,losing,9,4/11/25,9269.68,8250,8905.65
B,^GSPC,losing,10,4/11/25,9269.68,8250,8901.07
B,^GSPC,losing,11,4/11/25,9269.68,8250,8813.55
B,^GSPC,losing,12,4/11/25,9269.68,8250,8707.09
B,^GSPC,losing,13,4/11/25,9269.68,8250,9212.45
B,^GSPC,losing,14,4/11/25,9269.68,8250,9051.69
B,^GSPC,losing,15,4/11/25,9269.68,8250,9262.75
B,^GSPC,losing,16,4/11/25,9269.68,8250,9020.8
B,^GSPC,losing,17,4/11/25,9269.68,8250,9061.3
B,^GSPC,losing,18,4/11/25,9269.68,8250,9178.86
B,^GSPC,losing,19,4/11/25,9269.68,8250,9117.54
B,^GSPC,losing,20,4/11/25,9269.68,8250,8995.51
B,^GSPC,losing,21,4/11/25,9269.68,8250,8974.42
B,^GSPC,losing,22,4/11/25,9269.68,8250,9136.68
B,^GSPC,losing,23,4/11/25,9269.68,8250,9014.96
B,^GSPC,losing,24,4/11/25,9269.68,8250,9110.08
B,^GSPC,losing,25,4/11/25,9269.68,8250,9000.99
B,^GSPC,losing,26,4/11/25,9269.68,8250,9065.65
B,^GSPC,losing,27,4/11/25,9269.68,8250,9084.77
B,^GSPC,losing,28,4/11/25,9269.68,8250,9199.58
B,^GSPC,losing,29,4/11/25,9269.68,8250,8891.88
B,^GSPC,losing,30,4/11/25,9269.68,8250,9060.41
B,^GSPC,losing,31,4/11/25,9269.68,8250,9227.22
B,^GSPC,losing,32,4/11/25,9269.68,8250,9075.57
B,^GSPC,losing,33,4/11/25,9269.68,8250,8803.11
B,^GSPC,losing,34,4/11/25,9269.68,8250,9047.03
B,^GSPC,losing,35,4/11/25,9269.68,8250,8999.45
B,^GSPC,losing,36,4/11/25,9269.68,8250,8945.34
B,^GSPC,losing,37,4/11/25,9269.68,8250,8804.05
B,^GSPC,losing,38,4/11/25,9269.68,8250,8875.49
B,^GSPC,losing,39,4/11/25,9269.68,8250,9092.13
B,^GSPC,losing,40,4/11/25,9269.68,8250,9085.6
B,^GSPC,losing,41,4/11/25,9269.68,8250,9163.64
B,^GSPC,losing,42,4/11/25,9269.68,8250,9269.5
B,^GSPC,losing,43,4/11/25,9269.68,8250,8824.46
B,^GSPC,losing,44,4/11/25,9269.68,8250,8937.34
B,^GSPC,losing,45,4/11/25,9269.68,8250,9301.14
B,^GSPC,losing,46,4/11/25,9269.68,8250,9102.33
B,^GSPC,losing,47,4/11/25,9269.68,8250,8810.2
B,^GSPC,losing,48,4/11/25,9269.68,8250,8990.29
B,^GSPC,losing,49,4/11/25,9269.68,8250,8983.94
B,^GSPC,losing,50,4/11/25,9269.68,8250,8799.31
B,^GSPC,losing,51,4/11/25,9269.68,8250,8812.69
B,^GSPC,losing,52,4/11/25,9269.68,8250,9097.68
B,^GSPC,losing,53,4/11/25,9269.68,8250,9066.13
B,^GSPC,losing,54,4/11/25,9269.68,8250,8728.38
B,^GSPC,losing,55,4/11/25,9269.68,8250,9001.11
B,^GSPC,losing,56,4/11/25,9269.68,8250,8902.56
B,^GSPC,losing,57,4/11/25,9269.68,8250,8720.19
B,^GSPC,losing,58,4/11/25,9269.68,8250,8926.85
B,^GSPC,losing,59,4/11/25,9269.68,8250,9118.54
B,^GSPC,losing,60,4/11/25,9269.68,8250,9204.5
B,^GSPC,losing,61,4/11/25,9269.68,8250,9027.24
B,^GSPC,losing,62,4/11/25,9269.68,8250,9102.23
B,^GSPC,losing,63,4/11/25,9269.68,8250,9092.62
B,^GSPC,losing,64,4/11/25,9269.68,8250,9184.65
B,^GSPC,losing,65,4/11/25,9269.68,8250,8888.83
B,^GSPC,losing,66,4/11/25,9269.68,8250,9029.69
B,^GSPC,losing,67,4/11/25,9269.68,8250,9065.96
B,^GSPC,losing,68,4/11/25,9269.68,8250,8813.21
B,^GSPC,losing,69,4/11/25,9269.68,8250,8684.11
B,^GSPC,losing,70,4/11/25,9269.68,8250,9186.43
B,^GSPC,losing,71,4/11/25,9269.68,8250,9105.35
B,^GSPC,losing,72,4/11/25,9269.68,8250,8981.93
B,^GSPC,losing,73,4/11/25,9269.68,8250,8926.81
B,^GSPC,losing,74,4/11/25,9269.68,8250,9108.74
B,^GSPC,losing,75,4/11/25,9269.68,8250,8663.69
B,^GSPC,losing,76,4/11/25,9269.68,8250,9161.62
B,^GSPC,losing,77,4/11/25,9269.68,8250,9116.01
B,^GSPC,losing,78,4/11/25,9269.68,8250,9029.93
B,^GSPC,losing,79,4/11/25,9269.68,8250,9087.6
B,^GSPC,losing,80,4/11/25,9269.68,8250,8816.36
B,^GSPC,losing,81,4/11/25,9269.68,8250,9048.2
B,^GSPC,losing,82,4/11/25,9269.68,8250,9124.01
B,^GSPC,losing,83,4/11/25,9269.68,8250,9257.02
B,^GSPC,losing,84,4/11/25,9269.68,8250,8770.62
B,^GSPC,losing,85,4/11/25,9269.68,8250,8846.24
B,^GSPC,losing,86,4/11/25,9269.68,8250,9066.47
B,^GSPC,losing,87,4/11/25,9269.68,8250,9078.52
B,^GSPC,losing,88,4/11/25,9269.68,8250,9100.17
B,^GSPC,losing,89,4/11/25,9269.68,8250,9038.9
B,^GSPC,losing,90,4/11/25,9269.68,8250,8797.53
B,^GSPC,losing,91,4/11/25,9269.68,8250,8816.51
B,^GSPC,losing,92,4/11/25,9269.68,8250,8943.67
B,^GSPC,losing,93,4/11/25,9269.68,8250,8922.52
B,^GSPC,losing,94,4/11/25,9269.68,8250,8970.47
B,^GSPC,losing,95,4/11/25,9269.68,8250,8938.71
B,^GSPC,losing,96,4/11/25,9269.68,8250,9127.5
B,^GSPC,losing,97,4/11/25,9269.68,8250,9147.81
B,^GSPC,losing,98,4/11/25,9269.68,8250,8927.28
B,^GSPC,losing,99,4/11/25,9269.68,8250,8884.05
B,^GSPC,losing,100,4/11/25,9269.68,8250,9104.81
B,^GSPC,growing,1,4/11/25,9025.03,8000,8883.75
B,^GSPC,growing,2,4/11/25,9025.03,8000,8934.91
B,^GSPC,growing,3,4/11/25,9025.03,8000,8788.8
B,^GSPC,growing,4,4/11/25,9025.03,8000,9251.29
B,^GSPC,growing,5,4/11/25,9025.03,8000,8944.39
B,^GSPC,growing,6,4/11/25,9025.03,8000,8957.45
B,^GSPC,growing,7,4/11/25,9025.03,8000,9107.29
B,^GSPC,growing,8,4/11/25,9025.03,8000,8932.77
B,^GSPC,growing,9,4/11/25,9025.03,8000,8905.65
B,^GSPC,growing,10,4/11/25,9025.03,8000,8901.07
B,^GSPC,growing,11,4/11/25,9025.03,8000,8813.55
B,^GSPC,growing,12,4/11/25,9025.03,8000,8707.09
B,^GSPC,growing,13,4/11/25,9025.03,8000,9212.45
B,^GSPC,growing,14,4/11/25,9025.03,8000,9051.69
B,^GSPC,growing,15,4/11/25,9025.03,8000,9262.75
B,^GSPC,growing,16,4/11/25,9025.03,8000,9020.8
B,^GSPC,growing,17,4/11/25,9025.03,8000,9061.3
B,^GSPC,growing,18,4/11/25,9025.03,8000,9178.86
B,^GSPC,growing,19,4/11/25,9025.03,8000,9117.54
B,^GSPC,growing,20,4/11/25,9025.03,8000,8995.51
B,^GSPC,growing,21,4/11/25,9025.03,8000,8974.42
B,^GSPC,growing,22,4/11/25,9025.03,8000,9136.68
B,^GSPC,growing,23,4/11/25,9025.03,8000,9014.96
B,^GSPC,growing,24,4/11/25,9025.03,8000,9110.08
B,^GSPC,growing,25,4/11/25,9025.03,8000,9000.99
B,^GSPC,growing,26,4/11/25,9025.03,8000,9065.65
B,^GSPC,growing,27,4/11/25,9025.03,8000,9084.77
B,^GSPC,growing,28,4/11/25,9025.03,8000,9199.58
B,^GSPC,growing,29,4/11/25,9025.03,8000,8891.88
B,^GSPC,growing,30,4/11/25,9025.03,8000,9060.41
B,^GSPC,growing,31,4/11/25,9025.03,8000,9227.22
B,^GSPC,growing,32,4/11/25,9025.03,8000,9075.57
B,^GSPC,growing,33,4/11/25,9025.03,8000,8803.11
B,^GSPC,growing,34,4/11/25,9025.03,8000,9047.03
B,^GSPC,growing,35,4/11/25,9025.03,8000,8999.45
B,^GSPC,growing,36,4/11/25,9025.03,8000,8945.34
B,^GSPC,growing,37,4/11/25,9025.03,8000,8804.05
B,^GSPC,growing,38,4/11/25,9025.03,8000,8875.49
B,^GSPC,growing,39,4/11/25,9025.03,8000,9092.13
B,^GSPC,growing,40,4/11/25,9025.03,8000,9085.6
B,^GSPC,growing,41,4/11/25,9025.03,8000,9163.64
B,^GSPC,growing,42,4/11/25,9025.03,8000,9269.5
B,^GSPC,growing,43,4/11/25,9025.03,8000,8824.46
B,^GSPC,growing,44,4/11/25,9025.03,8000,8937.34
B,^GSPC,growing,45,4/11/25,9025.03,8000,9301.14
B,^GSPC,growing,46,4/11/25,9025.03,8000,9102.33
B,^GSPC,growing,47,4/11/25,9025.03,8000,8810.2
B,^GSPC,growing,48,4/11/25,9025.03,8000,8990.29
B,^GSPC,growing,49,4/11/25,9025.03,8000,8983.94
B,^GSPC,growing,50,4/11/25,9025.03,8000,8799.31
B,^GSPC,growing,51,4/11/25,9025.03,8000,8812.69
B,^GSPC,growing,52,4/11/25,9025.03,8000,9097.68
B,^GSPC,growing,53,4/11/25,9025.03,8000,9066.13
B,^GSPC,growing,54,4/11/25,9025.03,8000,8728.38
B,^GSPC,growing,55,4/11/25,9025.03,8000,9001.11
B,^GSPC,growing,56,4/11/25,9025.03,8000,8902.56
B,^GSPC,growing,57,4/11/25,9025.03,8000,8720.19
B,^GSPC,growing,58,4/11/25,9025.03,8000,8926.85
B,^GSPC,growing,59,4/11/25,9025.03,8000,9118.54
B,^GSPC,growing,60,4/11/25,9025.03,8000,9204.5
B,^GSPC,growing,61,4/11/25,9025.03,8000,9027.24
B,^GSPC,growing,62,4/11/25,9025.03,8000,9102.23
B,^GSPC,growing,63,4/11/25,9025.03,8000,9092.62
B,^GSPC,growing,64,4/11/25,9025.03,8000,9184.65
B,^GSPC,growing,65,4/11/25,9025.03,8000,8888.83
B,^GSPC,growing,66,4/11/25,9025.03,8000,9029.69
B,^GSPC,growing,67,4/11/25,9025.03,8000,9065.96
B,^GSPC,growing,68,4/11/25,9025.03,8000,8813.21
B,^GSPC,growing,69,4/11/25,9025.03,8000,8684.11
B,^GSPC,growing,70,4/11/25,9025.03,8000,9186.43
B,^GSPC,growing,71,4/11/25,9025.03,8000,9105.35
B,^GSPC,growing,72,4/11/25,9025.03,8000,8981.93
B,^GSPC,growing,73,4/11/25,9025.03,8000,8926.81
B,^GSPC,growing,74,4/11/25,9025.03,8000,9108.74
B,^GSPC,growing,75,4/11/25,9025.03,8000,8663.69
B,^GSPC,growing,76,4/11/25,9025.03,8000,9161.62
B,^GSPC,growing,77,4/11/25,9025.03,8000,9116.01
B,^GSPC,growing,78,4/11/25,9025.03,8000,9029.93
B,^GSPC,growing,79,4/11/25,9025.03,8000,9087.6
B,^GSPC,growing,80,4/11/25,9025.03,8000,8816.36
B,^GSPC,growing,81,4/11/25,9025.03,8000,9048.2
B,^GSPC,growing,82,4/11/25,9025.03,8000,9124.01
B,^GSPC,growing,83,4/11/25,9025.03,8000,9257.02
B,^GSPC,growing,84,4/11/25,9025.03,8000,8770.62
B,^GSPC,growing,85,4/11/25,9025.03,8000,8846.24
B,^GSPC,growing,86,4/11/25,9025.03,8000,9066.47
B,^GSPC,growing,87,4/11/25,9025.03,8000,9078.52
B,^GSPC,growing,88,4/11/25,9025.03,8000,9100.17
B,^GSPC,growing,89,4/11/25,9025.03,8000,9038.9
B,^GSPC,growing,90,4/11/25,9025.03,8000,8797.53
B,^GSPC,growing,91,4/11/25,9025.03,8000,8816.51
B,^GSPC,growing,92,4/11/25,9025.03,8000,8943.67
B,^GSPC,growing,93,4/11/25,9025.03,8000,8922.52
B,^GSPC,growing,94,4/11/25,9025.03,8000,8970.47
B,^GSPC,growing,95,4/11/25,9025.03,8000,8938.71
B,^GSPC,growing,96,4/11/25,9025.03,8000,9127.5
B,^GSPC,growing,97,4/11/25,9025.03,8000,9147.81
B,^GSPC,growing,98,4/11/25,9025.03,8000,8927.28
B,^GSPC,growing,99,4/11/25,9025.03,8000,8884.05
B,^GSPC,growing,100,4/11/25,9025.03,8000,9104.81
B,^GSPC,buythedip,1,4/11/25,2592.47,2000,8883.75
B,^GSPC,buythedip,2,4/11/25,2592.47,2000,8934.91
B,^GSPC,buythedip,3,4/11/25,2592.47,2000,8788.8
B,^GSPC,buythedip,4,4/11/25,2592.47,2000,9251.29
B,^GSPC,buythedip,5,4/11/25,2592.47,2000,8944.39
B,^GSPC,buythedip,6,4/11/25,2592.47,2000,8957.45
B,^GSPC,buythedip,7,4/11/25,2592.47,2000,9107.29
B,^GSPC,buythedip,8,4/11/25,2592.47,2000,8932.77
B,^GSPC,buythedip,9,4/11/25,2592.47,2000,8905.65
B,^GSPC,buythedip,10,4/11/25,2592.47,2000,8901.07
B,^GSPC,buythedip,11,4/11/25,2592.47,2000,8813.55
B,^GSPC,buythedip,12,4/11/25,2592.47,2000,8707.09
B,^GSPC,buythedip,13,4/11/25,2592.47,2000,9212.45
B,^GSPC,buythedip,14,4/11/25,2592.47,2000,9051.69
B,^GSPC,buythedip,15,4/11/25,2592.47,2000,9262.75
B,^GSPC,buythedip,16,4/11/25,2592.47,2000,9020.8
B,^GSPC,buythedip,17,4/11/25,2592.47,2000,9061.3
B,^GSPC,buythedip,18,4/11/25,2592.47,2000,9178.86
B,^GSPC,buythedip,19,4/11/25,2592.47,2000,9117.54
B,^GSPC,buythedip,20,4/11/25,2592.47,2000,8995.51
B,^GSPC,buythedip,21,4/11/25,2592.47,2000,8974.42
B,^GSPC,buythedip,22,4/11/25,2592.47,2000,9136.68
B,^GSPC,buythedip,23,4/11/25,2592.47,2000,9014.96
B,^GSPC,buythedip,24,4/11/25,2592.47,2000,9110.08
B,^GSPC,buythedip,25,4/11/25,2592.47,2000,9000.99
B,^GSPC,buythedip,26,4/11/25,2592.47,2000,9065.65
B,^GSPC,buythedip,27,4/11/25,2592.47,2000,9084.77
B,^GSPC,buythedip,28,4/11/25,2592.47,2000,9199.58
B,^GSPC,buythedip,29,4/11/25,2592.47,2000,8891.88
B,^GSPC,buythedip,30,4/11/25,2592.47,2000,9060.41
B,^GSPC,buythedip,31,4/11/25,2592.47,2000,9227.22
B,^GSPC,buythedip,32,4/11/25,2592.47,2000,9075.57
B,^GSPC,buythedip,33,4/11/25,2592.47,2000,8803.11
B,^GSPC,buythedip,34,4/11/25,2592.47,2000,9047.03
B,^GSPC,buythedip,35,4/11/25,2592.47,2000,8999.45
B,^GSPC,buythedip,36,4/11/25,2592.47,2000,8945.34
B,^GSPC,buythedip,37,4/11/25,2592.47,2000,8804.05
B,^GSPC,buythedip,38,4/11/25,2592.47,2000,8875.49
B,^GSPC,buythedip,39,4/11/25,2592.47,2000,9092.13
B,^GSPC,buythedip,40,4/11/25,2592.47,2000,9085.6
B,^GSPC,buythedip,41,4/11/25,2592.47,2000,9163.64
B,^GSPC,buythedip,42,4/11/25,2592.47,2000,9269.5
B,^GSPC,buythedip,43,4/11/25,2592.47,2000,8824.46
B,^GSPC,buythedip,44,4/11/25,2592.47,2000,8937.34
B,^GSPC,buythedip,45,4/11/25,2592.47,2000,9301.14
B,^GSPC,buythedip,46,4/11/25,2592.47,2000,9102.33
B,^GSPC,buythedip,47,4/11/25,2592.47,2000,8810.2
B,^GSPC,buythedip,48,4/11/25,2592.47,2000,8990.29
B,^GSPC,buythedip,49,4/11/25,2592.47,2000,8983.94
B,^GSPC,buythedip,50,4/11/25,2592.47,2000,8799.31
B,^GSPC,buythedip,51,4/11/25,2592.47,2000,8812.69
B,^GSPC,buythedip,52,4/11/25,2592.47,2000,9097.68
B,^GSPC,buythedip,53,4/11/25,2592.47,2000,9066.13
B,^GSPC,buythedip,54,4/11/25,2592.47,2000,8728.38
B,^GSPC,buythedip,55,4/11/25,2592.47,2000,9001.11
B,^GSPC,buythedip,56,4/11/25,2592.47,2000,8902.56
B,^GSPC,buythedip,57,4/11/25,2592.47,2000,8720.19
B,^GSPC,buythedip,58,4/11/25,2592.47,2000,8926.85
B,^GSPC,buythedip,59,4/11/25,2592.47,2000,9118.54
B,^GSPC,buythedip,60,4/11/25,2592.47,2000,9204.5
B,^GSPC,buythedip,61,4/11/25,2592.47,2000,9027.24
B,^GSPC,buythedip,62,4/11/25,2592.47,2000,9102.23
B,^GSPC,buythedip,63,4/11/25,2592.47,2000,9092.62
B,^GSPC,buythedip,64,4/11/25,2592.47,2000,9184.65
B,^GSPC,buythedip,65,4/11/25,2592.47,2000,8888.83
B,^GSPC,buythedip,66,4/11/25,2592.47,2000,9029.69
B,^GSPC,buythedip,67,4/11/25,2592.47,2000,9065.96
B,^GSPC,buythedip,68,4/11/25,2592.47,2000,8813.21
B,^GSPC,buythedip,69,4/11/25,2592.47,2000,8684.11
B,^GSPC,buythedip,70,4/11/25,2592.47,2000,9186.43
B,^GSPC,buythedip,71,4/11/25,2592.47,2000,9105.35
B,^GSPC,buythedip,72,4/11/25,2592.47,2000,8981.93
B,^GSPC,buythedip,73,4/11/25,2592.47,2000,8926.81
B,^GSPC,buythedip,74,4/11/25,2592.47,2000,9108.74
B,^GSPC,buythedip,75,4/11/25,2592.47,2000,8663.69
B,^GSPC,buythedip,76,4/11/25,2592.47,2000,9161.62
B,^GSPC,buythedip,77,4/11/25,2592.47,2000,9116.01
B,^GSPC,buythedip,78,4/11/25,2592.47,2000,9029.93
B,^GSPC,buythedip,79,4/11/25,2592.47,2000,9087.6
B,^GSPC,buythedip,80,4/11/25,2592.47,2000,8816.36
B,^GSPC,buythedip,81,4/11/25,2592.47,2000,9048.2
B,^GSPC,buythedip,82,4/11/25,2592.47,2000,9124.01
B,^GSPC,buythedip,83,4/11/25,2592.47,2000,9257.02
B,^GSPC,buythedip,84,4/11/25,2592.47,2000,8770.62
B,^GSPC,buythedip,85,4/11/25,2592.47,2000,8846.24
B,^GSPC,buythedip,86,4/11/25,2592.47,2000,9066.47
B,^GSPC,buythedip,87,4/11/25,2592.47,2000,9078.52
B,^GSPC,buythedip,88,4/11/25,2592.47,2000,9100.17
B,^GSPC,buythedip,89,4/11/25,2592.47,2000,9038.9
B,^GSPC,buythedip,90,4/11/25,2592.47,2000,8797.53
B,^GSPC,buythedip,91,4/11/25,2592.47,2000,8816.51
B,^GSPC,buythedip,92,4/11/25,2592.47,2000,8943.67
B,^GSPC,buythedip,93,4/11/25,2592.47,2000,8922.52
B,^GSPC,buythedip,94,4/11/25,2592.47,2000,8970.47
B,^GSPC,buythedip,95,4/11/25,2592.47,2000,8938.71
B,^GSPC,buythedip,96,4/11/25,2592.47,2000,9127.5
B,^GSPC,buythedip,97,4/11/25,2592.47,2000,9147.81
B,^GSPC,buythedip,98,4/11/25,2592.47,2000,8927.28
B,^GSPC,buythedip,99,4/11/25,2592.47,2000,8884.05
B,^GSPC,buythedip,100,4/11/25,2592.47,2000,9104.81
B,^GSPC,0.98buythedip,1,4/11/25,8574.98,12000,8883.75
B,^GSPC,0.98buythedip,2,4/11/25,8574.98,12000,8934.91
B,^GSPC,0.98buythedip,3,4/11/25,8574.98,12000,8788.8
B,^GSPC,0.98buythedip,4,4/11/25,8574.98,12000,9251.29
B,^GSPC,0.98buythedip,5,4/11/25,8574.98,12000,8944.39
B,^GSPC,0.98buythedip,6,4/11/25,8574.98,12000,8957.45
B,^GSPC,0.98buythedip,7,4/11/25,8574.98,12000,9107.29
B,^GSPC,0.98buythedip,8,4/11/25,8574.98,12000,8932.77
B,^GSPC,0.98buythedip,9,4/11/25,8574.98,12000,8905.65
B,^GSPC,0.98buythedip,10,4/11/25,8574.98,12000,8901.07
B,^GSPC,0.98buythedip,11,4/11/25,8574.98,12000,8813.55
B,^GSPC,0.98buythedip,12,4/11/25,8574.98,12000,8707.09
B,^GSPC,0.98buythedip,13,4/11/25,8574.98,12000,9212.45
B,^GSPC,0.98buythedip,14,4/11/25,8574.98,12000,9051.69
B,^GSPC,0.98buythedip,15,4/11/25,8574.98,12000,9262.75
B,^GSPC,0.98buythedip,16,4/11/25,8574.98,12000,9020.8
B,^GSPC,0.98buythedip,17,4/11/25,8574.98,12000,9061.3
B,^GSPC,0.98buythedip,18,4/11/25,8574.98,12000,9178.86
B,^GSPC,0.98buythedip,19,4/11/25,8574.98,12000,9117.54
B,^GSPC,0.98buythedip,20,4/11/25,8574.98,12000,8995.51
B,^GSPC,0.98buythedip,21,4/11/25,8574.98,12000,8974.42
B,^GSPC,0.98buythedip,22,4/11/25,8574.98,12000,9136.68
B,^GSPC,0.98buythedip,23,4/11/25,8574.98,12000,9014.96
B,^GSPC,0.98buythedip,24,4/11/25,8574.98,12000,9110.08
B,^GSPC,0.98buythedip,25,4/11/25,8574.98,12000,9000.99
B,^GSPC,0.98buythedip,26,4/11/25,8574.98,12000,9065.65
B,^GSPC,0.98buythedip,27,4/11/25,8574.98,12000,9084.77
B,^GSPC,0.98buythedip,28,4/11/25,8574.98,12000,9199.58
B,^GSPC,0.98buythedip,29,4/11/25,8574.98,12000,8891.88
B,^GSPC,0.98buythedip,30,4/11/25,8574.98,12000,9060.41
B,^GSPC,0.98buythedip,31,4/11/25,8574.98,12000,9227.22
B,^GSPC,0.98buythedip,32,4/11/25,8574.98,12000,9075.57
B,^GSPC,0.98buythedip,33,4/11/25,8574.98,12000,8803.11
B,^GSPC,0.98buythedip,34,4/11/25,8574.98,12000,9047.03
B,^GSPC,0.98buythedip,35,4/11/25,8574.98,12000,8999.45
B,^GSPC,0.98buythedip,36,4/11/25,8574.98,12000,8945.34
B,^GSPC,0.98buythedip,37,4/11/25,8574.98,12000,8804.05
B,^GSPC,0.98buythedip,38,4/11/25,8574.98,12000,8875.49
B,^GSPC,0.98buythedip,39,4/11/25,8574.98,12000,9092.13
B,^GSPC,0.98buythedip,40,4/11/25,8574.98,12000,9085.6
B,^GSPC,0.98buythedip,41,4/11/25,8574.98,12000,9163.64
B,^GSPC,0.98buythedip,42,4/11/25,8574.98,12000,9269.5
B,^GSPC,0.98buythedip,43,4/11/25,8574.98,12000,8824.46
B,^GSPC,0.98buythedip,44,4/11/25,8574.98,12000,8937.34
B,^GSPC,0.98buythedip,45,4/11/25,8574.98,12000,9301.14
B,^GSPC,0.98buythedip,46,4/11/25,8574.98,12000,9102.33
B,^GSPC,0.98buythedip,47,4/11/25,8574.98,12000,8810.2
B,^GSPC,0.98buythedip,48,4/11/25,8574.98,12000,8990.29
B,^GSPC,0.98buythedip,49,4/11/25,8574.98,12000,8983.94
B,^GSPC,0.98buythedip,50,4/11/25,8574.98,12000,8799.31
B,^GSPC,0.98buythedip,51,4/11/25,8574.98,12000,8812.69
B,^GSPC,0.98buythedip,52,4/11/25,8574.98,12000,9097.68
B,^GSPC,0.98buythedip,53,4/11/25,8574.98,12000,9066.13
B,^GSPC,0.98buythedip,54,4/11/25,8574.98,12000,8728.38
B,^GSPC,0.98buythedip,55,4/11/25,8574.98,12000,9001.11
B,^GSPC,0.98buythedip,56,4/11/25,8574.98,12000,8902.56
B,^GSPC,0.98buythedip,57,4/11/25,8574.98,12000,8720.19
B,^GSPC,0.98buythedip,58,4/11/25,8574.98,12000,8926.85
B,^GSPC,0.98buythedip,59,4/11/25,8574.98,12000,9118.54
B,^GSPC,0.98buythedip,60,4/11/25,8574.98,12000,9204.5
B,^GSPC,0.98buythedip,61,4/11/25,8574.98,12000,9027.24
B,^GSPC,0.98buythedip,62,4/11/25,8574.98,12000,9102.23
B,^GSPC,0.98buythedip,63,4/11/25,8574.98,12000,9092.62
B,^GSPC,0.98buythedip,64,4/11/25,8574.98,12000,9184.65
B,^GSPC,0.98buythedip,65,4/11/25,8574.98,12000,8888.83
B,^GSPC,0.98buythedip,66,4/11/25,8574.98,12000,9029.69
B,^GSPC,0.98buythedip,67,4/11/25,8574.98,12000,9065.96
B,^GSPC,0.98buythedip,68,4/11/25,8574.98,12000,8813.21
B,^GSPC,0.98buythedip,69,4/11/25,8574.98,12000,8684.11
B,^GSPC,0.98buythedip,70,4/11/25,8574.98,12000,9186.43
B,^GSPC,0.98buythedip,71,4/11/25,8574.98,12000,9105.35
B,^GSPC,0.98buythedip,72,4/11/25,8574.98,12000,8981.93
B,^GSPC,0.98buythedip,73,4/11/25,8574.98,12000,8926.81
B,^GSPC,0.98buythedip,74,4/11/25,8574.98,12000,9108.74
B,^GSPC,0.98buythedip,75,4/11/25,8574.98,12000,8663.69
B,^GSPC,0.98buythedip,76,4/11/25,8574.98,12000,9161.62
B,^GSPC,0.98buythedip,77,4/11/25,8574.98,12000,9116.01
B,^GSPC,0.98buythedip,78,4/11/25,8574.98,12000,9029.93
B,^GSPC,0.98buythedip,79,4/11/25,8574.98,12000,9087.6
B,^GSPC,0.98buythedip,80,4/11/25,8574.98,12000,8816.36
B,^GSPC,0.98buythedip,81,4/11/25,8574.98,12000,9048.2
B,^GSPC,0.98buythedip,82,4/11/25,8574.98,12000,9124.01
B,^GSPC,0.98buythedip,83,4/11/25,8574.98,12000,9257.02
B,^GSPC,0.98buythedip,84,4/11/25,8574.98,12000,8770.62
B,^GSPC,0.98buythedip,85,4/11/25,8574.98,12000,8846.24
B,^GSPC,0.98buythedip,86,4/11/25,8574.98,12000,9066.47
B,^GSPC,0.98buythedip,87,4/11/25,8574.98,12000,9078.52
B,^GSPC,0.98buythedip,88,4/11/25,8574.98,12000,9100.17
B,^GSPC,0.98buythedip,89,4/11/25,8574.98,12000,9038.9
B,^GSPC,0.98buythedip,90,4/11/25,8574.98,12000,8797.53
B,^GSPC,0.98buythedip,91,4/11/25,8574.98,12000,8816.51
B,^GSPC,0.98buythedip,92,4/11/25,8574.98,12000,8943.67
B,^GSPC,0.98buythedip,93,4/11/25,8574.98,12000,8922.52
B,^GSPC,0.98buythedip,94,4/11/25,8574.98,12000,8970.47
B,^GSPC,0.98buythedip,95,4/11/25,8574.98,12000,8938.71
B,^GSPC,0.98buythedip,96,4/11/25,8574.98,12000,9127.5
B,^GSPC,0.98buythedip,97,4/11/25,8574.98,12000,9147.81
B,^GSPC,0.98buythedip,98,4/11/25,8574.98,12000,8927.28
B,^GSPC,0.98buythedip,99,4/11/25,8574.98,12000,8884.05
B,^GSPC,0.98buythedip,100,4/11/25,8574.98,12000,9104.81
B,^GSPC,complexbuythedip,1,4/11/25,9261.02,8250,8883.75
B,^GSPC,complexbuythedip,2,4/11/25,9261.02,8250,8934.91
B,^GSPC,complexbuythedip,3,4/11/25,9261.02,8250,8788.8
B,^GSPC,complexbuythedip,4,4/11/25,9261.02,8250,9251.29
B,^GSPC,complexbuythedip,5,4/11/25,9261.02,8250,8944.39
B,^GSPC,complexbuythedip,6,4/11/25,9261.02,8250,8957.45
B,^GSPC,complexbuythedip,7,4/11/25,9261.02,8250,9107.29
B,^GSPC,complexbuythedip,8,4/11/25,9261.02,8250,8932.77
B,^GSPC,complexbuythedip,9,4/11/25,9261.02,8250,8905.65
B,^GSPC,complexbuythedip,10,4/11/25,9261.02,8250,8901.07
B,^GSPC,complexbuythedip,11,4/11/25,9261.02,8250,8813.55
B,^GSPC,complexbuythedip,12,4/11/25,9261.02,8250,8707.09
B,^GSPC,complexbuythedip,13,4/11/25,9261.02,8250,9212.45
B,^GSPC,complexbuythedip,14,4/11/25,9261.02,8250,9051.69
B,^GSPC,complexbuythedip,15,4/11/25,9261.02,8250,9262.75
B,^GSPC,complexbuythedip,16,4/11/25,9261.02,8250,9020.8
B,^GSPC,complexbuythedip,17,4/11/25,9261.02,8250,9061.3
B,^GSPC,complexbuythedip,18,4/11/25,9261.02,8250,9178.86
B,^GSPC,complexbuythedip,19,4/11/25,9261.02,8250,9117.54
B,^GSPC,complexbuythedip,20,4/11/25,9261.02,8250,8995.51
B,^GSPC,complexbuythedip,21,4/11/25,9261.02,8250,8974.42
B,^GSPC,complexbuythedip,22,4/11/25,9261.02,8250,9136.68
B,^GSPC,complexbuythedip,23,4/11/25,9261.02,8250,9014.96
B,^GSPC,complexbuythedip,24,4/11/25,9261.02,8250,9110.08
B,^GSPC,complexbuythedip,25,4/11/25,9261.02,8250,9000.99
B,^GSPC,complexbuythedip,26,4/11/25,9261.02,8250,9065.65
B,^GSPC,complexbuythedip,27,4/11/25,9261.02,8250,9084.77
B,^GSPC,complexbuythedip,28,4/11/25,9261.02,8250,9199.58
B,^GSPC,complexbuythedip,29,4/11/25,9261.02,8250,8891.88
B,^GSPC,complexbuythedip,30,4/11/25,9261.02,8250,9060.41
B,^GSPC,complexbuythedip,31,4/11/25,9261.02,8250,9227.22
B,^GSPC,complexbuythedip,32,4/11/25,9261.02,8250,9075.57
B,^GSPC,complexbuythedip,33,4/11/25,9261.02,8250,8803.11
B,^GSPC,complexbuythedip,34,4/11/25,9261.02,8250,9047.03
B,^GSPC,complexbuythedip,35,4/11/25,9261.02,8250,8999.45
B,^GSPC,complexbuythedip,36,4/11/25,9261.02,8250,8945.34
B,^GSPC,complexbuythedip,37,4/11/25,9261.02,8250,8804.05
B,^GSPC,complexbuythedip,38,4/11/25,9261.02,8250,8875.49
B,^GSPC,complexbuythedip,39,4/11/25,9261.02,8250,9092.13
B,^GSPC,complexbuythedip,40,4/11/25,9261.02,8250,9085.6
B,^GSPC,complexbuythedip,41,4/11/25,9261.02,8250,9163.64
B,^GSPC,complexbuythedip,42,4/11/25,9261.02,8250,9269.5
B,^GSPC,complexbuythedip,43,4/11/25,9261.02,8250,8824.46
B,^GSPC,complexbuythedip,44,4/11/25,9261.02,8250,8937.34
B,^GSPC,complexbuythedip,45,4/11/25,9261.02,8250,9301.14
B,^GSPC,complexbuythedip,46,4/11/25,9261.02,8250,9102.33
B,^GSPC,complexbuythedip,47,4/11/25,9261.02,8250,8810.2
B,^GSPC,complexbuythedip,48,4/11/25,9261.02,8250,8990.29
B,^GSPC,complexbuythedip,49,4/11/25,9261.02,8250,8983.94
B,^GSPC,complexbuythedip,50,4/11/25,9261.02,8250,8799.31
B,^GSPC,complexbuythedip,51,4/11/25,9261.02,8250,8812.69
B,^GSPC,complexbuythedip,52,4/11/25,9261.02,8250,9097.68
B,^GSPC,complexbuythedip,53,4/11/25,9261.02,8250,9066.13
B,^GSPC,complexbuythedip,54,4/11/25,9261.02,8250,8728.38
B,^GSPC,complexbuythedip,55,4/11/25,9261.02,8250,9001.11
B,^GSPC,complexbuythedip,56,4/11/25,9261.02,8250,8902.56
B,^GSPC,complexbuythedip,57,4/11/25,9261.02,8250,8720.19
B,^GSPC,complexbuythedip,58,4/11/25,9261.02,8250,8926.85
B,^GSPC,complexbuythedip,59,4/11/25,9261.02,8250,9118.54
B,^GSPC,complexbuythedip,60,4/11/25,9261.02,8250,9204.5
B,^GSPC,complexbuythedip,61,4/11/25,9261.02,8250,9027.24
B,^GSPC,complexbuythedip,62,4/11/25,9261.02,8250,9102.23
B,^GSPC,complexbuythedip,63,4/11/25,9261.02,8250,9092.62
B,^GSPC,complexbuythedip,64,4/11/25,9261.02,8250,9184.65
B,^GSPC,complexbuythedip,65,4/11/25,9261.02,8250,8888.83
B,^GSPC,complexbuythedip,66,4/11/25,9261.02,8250,9029.69
B,^GSPC,complexbuythedip,67,4/11/25,9261.02,8250,9065.96
B,^GSPC,complexbuythedip,68,4/11/25,9261.02,8250,8813.21
B,^GSPC,complexbuythedip,69,4/11/25,9261.02,8250,8684.11
B,^GSPC,complexbuythedip,70,4/11/25,9261.02,8250,9186.43
B,^GSPC,complexbuythedip,71,4/11/25,9261.02,8250,9105.35
B,^GSPC,complexbuythedip,72,4/11/25,9261.02,8250,8981.93
B,^GSPC,complexbuythedip,73,4/11/25,9261.02,8250,8926.81
B,^GSPC,complexbuythedip,74,4/11/25,9261.02,8250,9108.74
B,^GSPC,complexbuythedip,75,4/11/25,9261.02,8250,8663.69
B,^GSPC,complexbuythedip,76,4/11/25,9261.02,8250,9161.62
B,^GSPC,complexbuythedip,77,4/11/25,9261.02,8250,9116.01
B,^GSPC,complexbuythedip,78,4/11/25,9261.02,8250,9029.93
B,^GSPC,complexbuythedip,79,4/11/25,9261.02,8250,9087.6
B,^GSPC,complexbuythedip,80,4/11/25,9261.02,8250,8816.36
B,^GSPC,complexbuythedip,81,4/11/25,9261.02,8250,9048.2
B,^GSPC,complexbuythedip,82,4/11/25,9261.02,8250,9124.01
B,^GSPC,complexbuythedip,83,4/11/25,9261.02,8250,9257.02
B,^GSPC,complexbuythedip,84,4/11/25,9261.02,8250,8770.62
B,^GSPC,complexbuythedip,85,4/11/25,9261.02,8250,8846.24
B,^GSPC,complexbuythedip,86,4/11/25,9261.02,8250,9066.47
B,^GSPC,complexbuythedip,87,4/11/25,9261.02,8250,9078.52
B,^GSPC,complexbuythedip,88,4/11/25,9261.02,8250,9100.17
B,^GSPC,complexbuythedip,89,4/11/25,9261.02,8250,9038.9
B,^GSPC,complexbuythedip,90,4/11/25,9261.02,8250,8797.53
B,^GSPC,complexbuythedip,91,4/11/25,9261.02,8250,8816.51
B,^GSPC,complexbuythedip,92,4/11/25,9261.02,8250,8943.67
B,^GSPC,complexbuythedip,93,4/11/25,9261.02,8250,8922.52
B,^GSPC,complexbuythedip,94,4/11/25,9261.02,8250,8970.47
B,^GSPC,complexbuythedip,95,4/11/25,9261.02,8250,8938.71
B,^GSPC,complexbuythedip,96,4/11/25,9261.02,8250,9127.5
B,^GSPC,complexbuythedip,97,4/11/25,9261.02,8250,9147.81
B,^GSPC,complexbuythedip,98,4/11/25,9261.02,8250,8927.28
B,^GSPC,complexbuythedip,99,4/11/25,9261.02,8250,8884.05
B,^GSPC,complexbuythedip,100,4/11/25,9261.02,8250,9104.81
C,^GSPC,first,1,4/11/25,115269.78,47000,112683.8
C,^GSPC,first,2,4/11/25,115269.78,47000,114809.66
C,^GSPC,first,3,4/11/25,115269.78,47000,111634
C,^GSPC,first,4,4/11/25,115269.78,47000,118937.13
C,^GSPC,first,5,4/11/25,115269.78,47000,117061.48
C,^GSPC,first,6,4/11/25,115269.78,47000,110677.76
C,^GSPC,first,7,4/11/25,115269.78,47000,115604.75
C,^GSPC,first,8,4/11/25,115269.78,47000,116568.29
C,^GSPC,first,9,4/11/25,115269.78,47000,122941.42
C,^GSPC,first,10,4/11/25,115269.78,47000,111274.2
C,^GSPC,first,11,4/11/25,115269.78,47000,119578.63
C,^GSPC,first,12,4/11/25,115269.78,47000,114229.61
C,^GSPC,first,13,4/11/25,115269.78,47000,112131.92
C,^GSPC,first,14,4/11/25,115269.78,47000,115410.24
C,^GSPC,first,15,4/11/25,115269.78,47000,112184.53
C,^GSPC,first,16,4/11/25,115269.78,47000,118090.65
C,^GSPC,first,17,4/11/25,115269.78,47000,111132.45
C,^GSPC,first,18,4/11/25,115269.78,47000,108311.73
C,^GSPC,first,19,4/11/25,115269.78,47000,114484.1
C,^GSPC,first,20,4/11/25,115269.78,47000,125635.64
C,^GSPC,first,21,4/11/25,115269.78,47000,116990.86
C,^GSPC,first,22,4/11/25,115269.78,47000,119423.68
C,^GSPC,first,23,4/11/25,115269.78,47000,116186.75
C,^GSPC,first,24,4/11/25,115269.78,47000,114717.65
C,^GSPC,first,25,4/11/25,115269.78,47000,116198.41
C,^GSPC,first,26,4/11/25,115269.78,47000,126087.92
C,^GSPC,first,27,4/11/25,115269.78,47000,118596.01
C,^GSPC,first,28,4/11/25,115269.78,47000,116320.31
C,^GSPC,first,29,4/11/25,115269.78,47000,119662.22
C,^GSPC,first,30,4/11/25,115269.78,47000,113881
C,^GSPC,first,31,4/11/25,115269.78,47000,116320.88
C,^GSPC,first,32,4/11/25,115269.78,47000,124248.49
C,^GSPC,first,33,4/11/25,115269.78,47000,117686.69
C,^GSPC,first,34,4/11/25,115269.78,47000,110179.26
C,^GSPC,first,35,4/11/25,115269.78,47000,115054.61
C,^GSPC,first,36,4/11/25,115269.78,47000,115025.81
C,^GSPC,first,37,4/11/25,115269.78,47000,119654.95
C,^GSPC,first,38,4/11/25,115269.78,47000,116373.55
C,^GSPC,first,39,4/11/25,115269.78,47000,119621.16
C,^GSPC,first,40,4/11/25,115269.78,47000,114032.28
C,^GSPC,first,41,4/11/25,115269.78,47000,116863.86
C,^GSPC,first,42,4/11/25,115269.78,47000,118126.54
C,^GSPC,first,43,4/11/25,115269.78,47000,121158.92
C,^GSPC,first,44,4/11/25,115269.78,47000,119653.29
C,^GSPC,first,45,4/11/25,115269.78,47000,120023.49
C,^GSPC,first,46,4/11/25,115269.78,47000,119084.31
C,^GSPC,first,47,4/11/25,115269.78,47000,112289.35
C,^GSPC,first,48,4/11/25,115269.78,47000,115413.74
C,^GSPC,first,49,4/11/25,115269.78,47000,114496.69
C,^GSPC,first,50,4/11/25,115269.78,47000,115849.92
C,^GSPC,first,51,4/11/25,115269.78,47000,106922.3
C,^GSPC,first,52,4/11/25,115269.78,47000,121876.51
C,^GSPC,first,53,4/11/25,115269.78,47000,114151.42
C,^GSPC,first,54,4/11/25,115269.78,47000,110466.47
C,^GSPC,first,55,4/11/25,115269.78,47000,113565.71
C,^GSPC,first,56,4/11/25,115269.78,47000,117852.21
C,^GSPC,first,57,4/11/25,115269.78,47000,118747.51
C,^GSPC,first,58,4/11/25,115269.78,47000,120939.27
C,^GSPC,first,59,4/11/25,115269.78,47000,117518.06
C,^GSPC,first,60,4/11/25,115269.78,47000,114196.85
C,^GSPC,first,61,4/11/25,115269.78,47000,113994.11
C,^GSPC,first,62,4/11/25,115269.78,47000,115973.36
C,^GSPC,first,63,4/11/25,115269.78,47000,116551.24
C,^GSPC,first,64,4/11/25,115269.78,47000,121925.24
C,^GSPC,first,65,4/11/25,115269.78,47000,112128.06
C,^GSPC,first,66,4/11/25,115269.78,47000,117331.4
C,^GSPC,first,67,4/11/25,115269.78,47000,118566.31
C,^GSPC,first,68,4/11/25,115269.78,47000,111587.61
C,^GSPC,first,69,4/11/25,115269.78,47000,115049.38
C,^GSPC,first,70,4/11/25,115269.78,47000,119278.96
C,^GSPC,first,71,4/11/25,115269.78,47000,111300.78
C,^GSPC,first,72,4/11/25,115269.78,47000,119368.7
C,^GSPC,first,73,4/11/25,115269.78,47000,113657
C,^GSPC,first,74,4/11/25,115269.78,47000,114188.51
C,^GSPC,first,75,4/11/25,115269.78,47000,111004.74
C,^GSPC,first,76,4/11/25,115269.78,47000,114211.06
C,^GSPC,first,77,4/11/25,115269.78,47000,118447.3
C,^GSPC,first,78,4/11/25,115269.78,47000,115895.31
C,^GSPC,first,79,4/11/25,115269.78,47000,116907.93
C,^GSPC,first,80,4/11/25,115269.78,47000,116078.19
C,^GSPC,first,81,4/11/25,115269.78,47000,114341.03
C,^GSPC,first,82,4/11/25,115269.78,47000,120431.95
C,^GSPC,first,83,4/11/25,115269.78,47000,112885.85
C,^GSPC,first,84,4/11/25,115269.78,47000,115621.58
C,^GSPC,first,85,4/11/25,115269.78,47000,118253.51
C,^GSPC,first,86,4/11/25,115269.78,47000,113790.45
C,^GSPC,first,87,4/11/25,115269.78,47000,119047.44
C,^GSPC,first,88,4/11/25,115269.78,47000,112270.89
C,^GSPC,first,89,4/11/25,115269.78,47000,112715.22
C,^GSPC,first,90,4/11/25,115269.78,47000,113806.16
C,^GSPC,first,91,4/11/25,115269.78,47000,108614.04
C,^GSPC,first,92,4/11/25,115269.78,47000,113490.77
C,^GSPC,first,93,4/11/25,115269.78,47000,118839.12
C,^GSPC,first,94,4/11/25,115269.78,47000,116556.29
C,^GSPC,first,95,4/11/25,115269.78,47000,114805.46
C,^GSPC,first,96,4/11/25,115269.78,47000,115287.25
C,^GSPC,first,97,4/11/25,115269.78,47000,124025.73
C,^GSPC,first,98,4/11/25,115269.78,47000,116833.56
C,^GSPC,first,99,4/11/25,115269.78,47000,113378.49
C,^GSPC,first,100,4/11/25,115269.78,47000,119125.87
C,^GSPC,losing,1,4/11/25,115854.84,47250,112683.8
C,^GSPC,losing,2,4/11/25,115854.84,47250,114809.66
C,^GSPC,losing,3,4/11/25,115854.84,47250,111634
C,^GSPC,losing,4,4/11/25,115854.84,47250,118937.13
C,^GSPC,losing,5,4/11/25,115854.84,47250,117061.48
C,^GSPC,losing,6,4/11/25,115854.84,47250,110677.76
C,^GSPC,losing,7,4/11/25,115854.84,47250,115604.75
C,^GSPC,losing,8,4/11/25,115854.84,47250,116568.29
C,^GSPC,losing,9,4/11/25,115854.84,47250,122941.42
C,^GSPC,losing,10,4/11/25,115854.84,47250,111274.2
C,^GSPC,losing,11,4/11/25,115854.84,47250,119578.63
C,^GSPC,losing,12,4/11/25,115854.84,47250,114229.61
C,^GSPC,losing,13,4/11/25,115854.84,47250,112131.92
C,^GSPC,losing,14,4/11/25,115854.84,47250,115410.24
C,^GSPC,losing,15,4/11/25,115854.84,47250,112184.53
C,^GSPC,losing,16,4/11/25,115854.84,47250,118090.65
C,^GSPC,losing,17,4/11/25,115854.84,47250,111132.45
C,^GSPC,losing,18,4/11/25,115854.84,47250,108311.73
C,^GSPC,losing,19,4/11/25,115854.84,47250,114484.1
C,^GSPC,losing,20,4/11/25,115854.84,47250,125635.64
C,^GSPC,losing,21,4/11/25,115854.84,47250,116990.86
C,^GSPC,losing,22,4/11/25,115854.84,47250,119423.68
C,^GSPC,losing,23,4/11/25,115854.84,47250,116186.75
C,^GSPC,losing,24,4/11/25,115854.84,47250,114717.65
C,^GSPC,losing,25,4/11/25,115854.84,47250,116198.41
C,^GSPC,losing,26,4/11/25,115854.84,47250,126087.92
C,^GSPC,losing,27,4/11/25,115854.84,47250,118596.01
C,^GSPC,losing,28,4/11/25,115854.84,47250,116320.31
C,^GSPC,losing,29,4/11/25,115854.84,47250,119662.22
C,^GSPC,losing,30,4/11/25,115854.84,47250,113881
C,^GSPC,losing,31,4/11/25,115854.84,47250,116320.88
C,^GSPC,losing,32,4/11/25,115854.84,47250,124248.49
C,^GSPC,losing,33,4/11/25,115854.84,47250,117686.69
C,^GSPC,losing,34,4/11/25,115854.84,47250,110179.26
C,^GSPC,losing,35,4/11/25,115854.84,47250,115054.61
C,^GSPC,losing,36,4/11/25,115854.84,47250,115025.81
C,^GSPC,losing,37,4/11/25,115854.84,47250,119654.95
C,^GSPC,losing,38,4/11/25,115854.84,47250,116373.55
C,^GSPC,losing,39,4/11/25,115854.84,47250,119621.16
C,^GSPC,losing,40,4/11/25,115854.84,47250,114032.28
C,^GSPC,losing,41,4/11/25,115854.84,47250,116863.86
C,^GSPC,losing,42,4/11/25,115854.84,47250,118126.54
C,^GSPC,losing,43,4/11/25,115854.84,47250,121158.92
C,^GSPC,losing,44,4/11/25,115854.84,47250,119653.29
C,^GSPC,losing,45,4/11/25,115854.84,47250,120023.49
C,^GSPC,losing,46,4/11/25,115854.84,47250,119084.31
C,^GSPC,losing,47,4/11/25,115854.84,47250,112289.35
C,^GSPC,losing,48,4/11/25,115854.84,47250,115413.74
C,^GSPC,losing,49,4/11/25,115854.84,47250,114496.69
C,^GSPC,losing,50,4/11/25,115854.84,47250,115849.92
C,^GSPC,losing,51,4/11/25,115854.84,47250,106922.3
C,^GSPC,losing,52,4/11/25,115854.84,47250,121876.51
C,^GSPC,losing,53,4/11/25,115854.84,47250,114151.42
C,^GSPC,losing,54,4/11/25,115854.84,47250,110466.47
C,^GSPC,losing,55,4/11/25,115854.84,47250,113565.71
C,^GSPC,losing,56,4/11/25,115854.84,47250,117852.21
C,^GSPC,losing,57,4/11/25,115854.84,47250,118747.51
C,^GSPC,losing,58,4/11/25,115854.84,47250,120939.27
C,^GSPC,losing,59,4/11/25,115854.84,47250,117518.06
C,^GSPC,losing,60,4/11/25,115854.84,47250,114196.85
C,^GSPC,losing,61,4/11/25,115854.84,47250,113994.11
C,^GSPC,losing,62,4/11/25,115854.84,47250,115973.36
C,^GSPC,losing,63,4/11/25,115854.84,47250,116551.24
C,^GSPC,losing,64,4/11/25,115854.84,47250,121925.24
C,^GSPC,losing,65,4/11/25,115854.84,47250,112128.06
C,^GSPC,losing,66,4/11/25,115854.84,47250,117331.4
C,^GSPC,losing,67,4/11/25,115854.84,47250,118566.31
C,^GSPC,losing,68,4/11/25,115854.84,47250,111587.61
C,^GSPC,losing,69,4/11/25,115854.84,47250,115049.38
C,^GSPC,losing,70,4/11/25,115854.84,47250,119278.96
C,^GSPC,losing,71,4/11/25,115854.84,47250,111300.78
C,^GSPC,losing,72,4/11/25,115854.84,47250,119368.7
C,^GSPC,losing,73,4/11/25,115854.84,47250,113657
C,^GSPC,losing,74,4/11/25,115854.84,47250,114188.51
C,^GSPC,losing,75,4/11/25,115854.84,47250,111004.74
C,^GSPC,losing,76,4/11/25,115854.84,47250,114211.06
C,^GSPC,losing,77,4/11/25,115854.84,47250,118447.3
C,^GSPC,losing,78,4/11/25,115854.84,47250,115895.31
C,^GSPC,losing,79,4/11/25,115854.84,47250,116907.93
C,^GSPC,losing,80,4/11/25,115854.84,47250,116078.19
C,^GSPC,losing,81,4/11/25,115854.84,47250,114341.03
C,^GSPC,losing,82,4/11/25,115854.84,47250,120431.95
C,^GSPC,losing,83,4/11/25,115854.84,47250,112885.85
C,^GSPC,losing,84,4/11/25,115854.84,47250,115621.58
C,^GSPC,losing,85,4/11/25,115854.84,47250,118253.51
C,^GSPC,losing,86,4/11/25,115854.84,47250,113790.45
C,^GSPC,losing,87,4/11/25,115854.84,47250,119047.44
C,^GSPC,losing,88,4/11/25,115854.84,47250,112270.89
C,^GSPC,losing,89,4/11/25,115854.84,47250,112715.22
C,^GSPC,losing,90,4/11/25,115854.84,47250,113806.16
C,^GSPC,losing,91,4/11/25,115854.84,47250,108614.04
C,^GSPC,losing,92,4/11/25,115854.84,47250,113490.77
C,^GSPC,losing,93,4/11/25,115854.84,47250,118839.12
C,^GSPC,losing,94,4/11/25,115854.84,47250,116556.29
C,^GSPC,losing,95,4/11/25,115854.84,47250,114805.46
C,^GSPC,losing,96,4/11/25,115854.84,47250,115287.25
C,^GSPC,losing,97,4/11/25,115854.84,47250,124025.73
C,^GSPC,losing,98,4/11/25,115854.84,47250,116833.56
C,^GSPC,losing,99,4/11/25,115854.84,47250,113378.49
C,^GSPC,losing,100,4/11/25,115854.84,47250,119125.87
C,^GSPC,growing,1,4/11/25,115947.77,47000,112683.8
C,^GSPC,growing,2,4/11/25,115947.77,47000,114809.66
C,^GSPC,growing,3,4/11/25,115947.77,47000,111634
C,^GSPC,growing,4,4/11/25,115947.77,47000,118937.13
C,^GSPC,growing,5,4/11/25,115947.77,47000,117061.48
C,^GSPC,growing,6,4/11/25,115947.77,47000,110677.76
C,^GSPC,growing,7,4/11/25,115947.77,47000,115604.75
C,^GSPC,growing,8,4/11/25,115947.77,47000,116568.29
C,^GSPC,growing,9,4/11/25,115947.77,47000,122941.42
C,^GSPC,growing,10,4/11/25,115947.77,47000,111274.2
C,^GSPC,growing,11,4/11/25,115947.77,47000,119578.63
C,^GSPC,growing,12,4/11/25,115947.77,47000,114229.61
C,^GSPC,growing,13,4/11/25,115947.77,47000,112131.92
C,^GSPC,growing,14,4/11/25,115947.77,47000,115410.24
C,^GSPC,growing,15,4/11/25,115947.77,47000,112184.53
C,^GSPC,growing,16,4/11/25,115947.77,47000,118090.65
C,^GSPC,growing,17,4/11/25,115947.77,47000,111132.45
C,^GSPC,growing,18,4/11/25,115947.77,47000,108311.73
C,^GSPC,growing,19,4/11/25,115947.77,47000,114484.1
C,^GSPC,growing,20,4/11/25,115947.77,47000,125635.64
C,^GSPC,growing,21,4/11/25,115947.77,47000,116990.86
C,^GSPC,growing,22,4/11/25,115947.77,47000,119423.68
C,^GSPC,growing,23,4/11/25,115947.77,47000,116186.75
C,^GSPC,growing,24,4/11/25,115947.77,47000,114717.65
C,^GSPC,growing,25,4/11/25,115947.77,47000,116198.41
C,^GSPC,growing,26,4/11/25,115947.77,47000,126087.92
C,^GSPC,growing,27,4/11/25,115947.77,47000,118596.01
C,^GSPC,growing,28,4/11/25,115947.77,47000,116320.31
C,^GSPC,growing,29,4/11/25,115947.77,47000,119662.22
C,^GSPC,growing,30,4/11/25,115947.77,47000,113881
C,^GSPC,growing,31,4/11/25,115947.77,47000,116320.88
C,^GSPC,growing,32,4/11/25,115947.77,47000,124248.49
C,^GSPC,growing,33,4/11/25,115947.77,47000,117686.69
C,^GSPC,growing,34,4/11/25,115947.77,47000,110179.26
C,^GSPC,growing,35,4/11/25,115947.77,47000,115054.61
C,^GSPC,growing,36,4/11/25,115947.77,47000,115025.81
C,^GSPC,growing,37,4/11/25,115947.77,47000,119654.95
C,^GSPC,growing,38,4/11/25,115947.77,47000,116373.55
C,^GSPC,growing,39,4/11/25,115947.77,47000,119621.16
C,^GSPC,growing,40,4/11/25,115947.77,47000,114032.28
C,^GSPC,growing,41,4/11/25,115947.77,47000,116863.86
C,^GSPC,growing,42,4/11/25,115947.77,47000,118126.54
C,^GSPC,growing,43,4/11/25,115947.77,47000,121158.92
C,^GSPC,growing,44,4/11/25,115947.77,47000,119653.29
C,^GSPC,growing,45,4/11/25,115947.77,47000,120023.49
C,^GSPC,growing,46,4/11/25,115947.77,47000,119084.31
C,^GSPC,growing,47,4/11/25,115947.77,47000,112289.35
C,^GSPC,growing,48,4/11/25,115947.77,47000,115413.74
C,^GSPC,growing,49,4/11/25,115947.77,47000,114496.69
C,^GSPC,growing,50,4/11/25,115947.77,47000,115849.92
C,^GSPC,growing,51,4/11/25,115947.77,47000,106922.3
C,^GSPC,growing,52,4/11/25,115947.77,47000,121876.51
C,^GSPC,growing,53,4/11/25,115947.77,47000,114151.42
C,^GSPC,growing,54,4/11/25,115947.77,47000,110466.47
C,^GSPC,growing,55,4/11/25,115947.77,47000,113565.71
C,^GSPC,growing,56,4/11/25,115947.77,47000,117852.21
C,^GSPC,growing,57,4/11/25,115947.77,47000,118747.51
C,^GSPC,growing,58,4/11/25,115947.77,47000,120939.27
C,^GSPC,growing,59,4/11/25,115947.77,47000,117518.06
C,^GSPC,growing,60,4/11/25,115947.77,47000,114196.85
C,^GSPC,growing,61,4/11/25,115947.77,47000,113994.11
C,^GSPC,growing,62,4/11/25,115947.77,47000,115973.36
C,^GSPC,growing,63,4/11/25,115947.77,47000,116551.24
C,^GSPC,growing,64,4/11/25,115947.77,47000,121925.24
C,^GSPC,growing,65,4/11/25,115947.77,47000,112128.06
C,^GSPC,growing,66,4/11/25,115947.77,47000,117331.4
C,^GSPC,growing,67,4/11/25,115947.77,47000,118566.31
C,^GSPC,growing,68,4/11/25,115947.77,47000,111587.61
C,^GSPC,growing,69,4/11/25,115947.77,47000,115049.38
C,^GSPC,growing,70,4/11/25,115947.77,47000,119278.96
C,^GSPC,growing,71,4/11/25,115947.77,47000,111300.78
C,^GSPC,growing,72,4/11/25,115947.77,47000,119368.7
C,^GSPC,growing,73,4/11/25,115947.77,47000,113657
C,^GSPC,growing,74,4/11/25,115947.77,47000,114188.51
C,^GSPC,growing,75,4/11/25,115947.77,47000,111004.74
C,^GSPC,growing,76,4/11/25,115947.77,47000,114211.06
C,^GSPC,growing,77,4/11/25,115947.77,47000,118447.3
C,^GSPC,growing,78,4/11/25,115947.77,47000,115895.31
C,^GSPC,growing,79,4/11/25,115947.77,47000,116907.93
C,^GSPC,growing,80,4/11/25,115947.77,47000,116078.19
C,^GSPC,growing,81,4/11/25,115947.77,47000,114341.03
C,^GSPC,growing,82,4/11/25,115947.77,47000,120431.95
C,^GSPC,growing,83,4/11/25,115947.77,47000,112885.85
C,^GSPC,growing,84,4/11/25,115947.77,47000,115621.58
C,^GSPC,growing,85,4/11/25,115947.77,47000,118253.51
C,^GSPC,growing,86,4/11/25,115947.77,47000,113790.45
C,^GSPC,growing,87,4/11/25,115947.77,47000,119047.44
C,^GSPC,growing,88,4/11/25,115947.77,47000,112270.89
C,^GSPC,growing,89,4/11/25,115947.77,47000,112715.22
C,^GSPC,growing,90,4/11/25,115947.77,47000,113806.16
C,^GSPC,growing,91,4/11/25,115947.77,47000,108614.04
C,^GSPC,growing,92,4/11/25,115947.77,47000,113490.77
C,^GSPC,growing,93,4/11/25,115947.77,47000,118839.12
C,^GSPC,growing,94,4/11/25,115947.77,47000,116556.29
C,^GSPC,growing,95,4/11/25,115947.77,47000,114805.46
C,^GSPC,growing,96,4/11/25,115947.77,47000,115287.25
C,^GSPC,growing,97,4/11/25,115947.77,47000,124025.73
C,^GSPC,growing,98,4/11/25,115947.77,47000,116833.56
C,^GSPC,growing,99,4/11/25,115947.77,47000,113378.49
C,^GSPC,growing,100,4/11/25,115947.77,47000,119125.87
C,^GSPC,buythedip,1,4/11/25,11300.09,2500,112683.8
C,^GSPC,buythedip,2,4/11/25,11300.09,2500,114809.66
C,^GSPC,buythedip,3,4/11/25,11300.09,2500,111634
C,^GSPC,buythedip,4,4/11/25,11300.09,2500,118937.13
C,^GSPC,buythedip,5,4/11/25,11300.09,2500,117061.48
C,^GSPC,buythedip,6,4/11/25,11300.09,2500,110677.76
C,^GSPC,buythedip,7,4/11/25,11300.09,2500,115604.75
C,^GSPC,buythedip,8,4/11/25,11300.09,2500,116568.29
C,^GSPC,buythedip,9,4/11/25,11300.09,2500,122941.42
C,^GSPC,buythedip,10,4/11/25,11300.09,2500,111274.2
C,^GSPC,buythedip,11,4/11/25,11300.09,2500,119578.63
C,^GSPC,buythedip,12,4/11/25,11300.09,2500,114229.61
C,^GSPC,buythedip,13,4/11/25,11300.09,2500,112131.92
C,^GSPC,buythedip,14,4/11/25,11300.09,2500,115410.24
C,^GSPC,buythedip,15,4/11/25,11300.09,2500,112184.53
C,^GSPC,buythedip,16,4/11/25,11300.09,2500,118090.65
C,^GSPC,buythedip,17,4/11/25,11300.09,2500,111132.45
C,^GSPC,buythedip,18,4/11/25,11300.09,2500,108311.73
C,^GSPC,buythedip,19,4/11/25,11300.09,2500,114484.1
C,^GSPC,buythedip,20,4/11/25,11300.09,2500,125635.64
C,^GSPC,buythedip,21,4/11/25,11300.09,2500,116990.86
C,^GSPC,buythedip,22,4/11/25,11300.09,2500,119423.68
C,^GSPC,buythedip,23,4/11/25,11300.09,2500,116186.75
C,^GSPC,buythedip,24,4/11/25,11300.09,2500,114717.65
C,^GSPC,buythedip,25,4/11/25,11300.09,2500,116198.41
C,^GSPC,buythedip,26,4/11/25,11300.09,2500,126087.92
C,^GSPC,buythedip,27,4/11/25,11300.09,2500,118596.01
C,^GSPC,buythedip,28,4/11/25,11300.09,2500,116320.31
C,^GSPC,buythedip,29,4/11/25,11300.09,2500,119662.22
C,^GSPC,buythedip,30,4/11/25,11300.09,2500,113881
C,^GSPC,buythedip,31,4/11/25,11300.09,2500,116320.88
C,^GSPC,buythedip,32,4/11/25,11300.09,2500,124248.49
C,^GSPC,buythedip,33,4/11/25,11300.09,2500,117686.69
C,^GSPC,buythedip,34,4/11/25,11300.09,2500,110179.26
C,^GSPC,buythedip,35,4/11/25,11300.09,2500,115054.61
C,^GSPC,buythedip,36,4/11/25,11300.09,2500,115025.81
C,^GSPC,buythedip,37,4/11/25,11300.09,2500,119654.95
C,^GSPC,buythedip,38,4/11/25,11300.09,2500,116373.55
C,^GSPC,buythedip,39,4/11/25,11300.09,2500,119621.16
C,^GSPC,buythedip,40,4/11/25,11300.09,2500,114032.28
C,^GSPC,buythedip,41,4/11/25,11300.09,2500,116863.86
C,^GSPC,buythedip,42,4/11/25,11300.09,2500,118126.54
C,^GSPC,buythedip,43,4/11/25,11300.09,2500,121158.92
C,^GSPC,buythedip,44,4/11/25,11300.09,2500,119653.29
C,^GSPC,buythedip,45,4/11/25,11300.09,2500,120023.49
C,^GSPC,buythedip,46,4/11/25,11300.09,2500,119084.31
C,^GSPC,buythedip,47,4/11/25,11300.09,2500,112289.35
C,^GSPC,buythedip,48,4/11/25,11300.09,2500,115413.74
C,^GSPC,buythedip,49,4/11/25,11300.09,2500,114496.69
C,^GSPC,buythedip,50,4/11/25,11300.09,2500,115849.92
C,^GSPC,buythedip,51,4/11/25,11300.09,2500,106922.3
C,^GSPC,buythedip,52,4/11/25,11300.09,2500,121876.51
C,^GSPC,buythedip,53,4/11/25,11300.09,2500,114151.42
C,^GSPC,buythedip,54,4/11/25,11300.09,2500,110466.47
C,^GSPC,buythedip,55,4/11/25,11300.09,2500,113565.71
C,^GSPC,buythedip,56,4/11/25,11300.09,2500,117852.21
C,^GSPC,buythedip,57,4/11/25,11300.09,2500,118747.51
C,^GSPC,buythedip,58,4/11/25,11300.09,2500,120939.27
C,^GSPC,buythedip,59,4/11/25,11300.09,2500,117518.06
C,^GSPC,buythedip,60,4/11/25,11300.09,2500,114196.85
C,^GSPC,buythedip,61,4/11/25,11300.09,2500,113994.11
C,^GSPC,buythedip,62,4/11/25,11300.09,2500,115973.36
C,^GSPC,buythedip,63,4/11/25,11300.09,2500,116551.24
C,^GSPC,buythedip,64,4/11/25,11300.09,2500,121925.24
C,^GSPC,buythedip,65,4/11/25,11300.09,2500,112128.06
C,^GSPC,buythedip,66,4/11/25,11300.09,2500,117331.4
C,^GSPC,buythedip,67,4/11/25,11300.09,2500,118566.31
C,^GSPC,buythedip,68,4/11/25,11300.09,2500,111587.61
C,^GSPC,buythedip,69,4/11/25,11300.09,2500,115049.38
C,^GSPC,buythedip,70,4/11/25,11300.09,2500,119278.96
C,^GSPC,buythedip,71,4/11/25,11300.09,2500,111300.78
C,^GSPC,buythedip,72,4/11/25,11300.09,2500,119368.7
C,^GSPC,buythedip,73,4/11/25,11300.09,2500,113657
C,^GSPC,buythedip,74,4/11/25,11300.09,2500,114188.51
C,^GSPC,buythedip,75,4/11/25,11300.09,2500,111004.74
C,^GSPC,buythedip,76,4/11/25,11300.09,2500,114211.06
C,^GSPC,buythedip,77,4/11/25,11300.09,2500,118447.3
C,^GSPC,buythedip,78,4/11/25,11300.09,2500,115895.31
C,^GSPC,buythedip,79,4/11/25,11300.09,2500,116907.93
C,^GSPC,buythedip,80,4/11/25,11300.09,2500,116078.19
C,^GSPC,buythedip,81,4/11/25,11300.09,2500,114341.03
C,^GSPC,buythedip,82,4/11/25,11300.09,2500,120431.95
C,^GSPC,buythedip,83,4/11/25,11300.09,2500,112885.85
C,^GSPC,buythedip,84,4/11/25,11300.09,2500,115621.58
C,^GSPC,buythedip,85,4/11/25,11300.09,2500,118253.51
C,^GSPC,buythedip,86,4/11/25,11300.09,2500,113790.45
C,^GSPC,buythedip,87,4/11/25,11300.09,2500,119047.44
C,^GSPC,buythedip,88,4/11/25,11300.09,2500,112270.89
C,^GSPC,buythedip,89,4/11/25,11300.09,2500,112715.22
C,^GSPC,buythedip,90,4/11/25,11300.09,2500,113806.16
C,^GSPC,buythedip,91,4/11/25,11300.09,2500,108614.04
C,^GSPC,buythedip,92,4/11/25,11300.09,2500,113490.77
C,^GSPC,buythedip,93,4/11/25,11300.09,2500,118839.12
C,^GSPC,buythedip,94,4/11/25,11300.09,2500,116556.29
C,^GSPC,buythedip,95,4/11/25,11300.09,2500,114805.46
C,^GSPC,buythedip,96,4/11/25,11300.09,2500,115287.25
C,^GSPC,buythedip,97,4/11/25,11300.09,2500,124025.73
C,^GSPC,buythedip,98,4/11/25,11300.09,2500,116833.56
C,^GSPC,buythedip,99,4/11/25,11300.09,2500,113378.49
C,^GSPC,buythedip,100,4/11/25,11300.09,2500,119125.87
C,^GSPC,0.98buythedip,1,4/11/25,95310.25,61500,112683.8
C,^GSPC,0.98buythedip,2,4/11/25,95310.25,61500,114809.66
C,^GSPC,0.98buythedip,3,4/11/25,95310.25,61500,111634
C,^GSPC,0.98buythedip,4,4/11/25,95310.25,61500,118937.13
C,^GSPC,0.98buythedip,5,4/11/25,95310.25,61500,117061.48
C,^GSPC,0.98buythedip,6,4/11/25,95310.25,61500,110677.76
C,^GSPC,0.98buythedip,7,4/11/25,95310.25,61500,115604.75
C,^GSPC,0.98buythedip,8,4/11/25,95310.25,61500,116568.29
C,^GSPC,0.98buythedip,9,4/11/25,95310.25,61500,122941.42
C,^GSPC,0.98buythedip,10,4/11/25,95310.25,61500,111274.2
C,^GSPC,0.98buythedip,11,4/11/25,95310.25,61500,119578.63
C,^GSPC,0.98buythedip,12,4/11/25,95310.25,61500,114229.61
C,^GSPC,0.98buythedip,13,4/11/25,95310.25,61500,112131.92
C,^GSPC,0.98buythedip,14,4/11/25,95310.25,61500,115410.24
C,^GSPC,0.98buythedip,15,4/11/25,95310.25,61500,112184.53
C,^GSPC,0.98buythedip,16,4/11/25,95310.25,61500,118090.65
C,^GSPC,0.98buythedip,17,4/11/25,95310.25,61500,111132.45
C,^GSPC,0.98buythedip,18,4/11/25,95310.25,61500,108311.73
C,^GSPC,0.98buythedip,19,4/11/25,95310.25,61500,114484.1
C,^GSPC,0.98buythedip,20,4/11/25,95310.25,61500,125635.64
C,^GSPC,0.98buythedip,21,4/11/25,95310.25,61500,116990.86
C,^GSPC,0.98buythedip,22,4/11/25,95310.25,61500,119423.68
C,^GSPC,0.98buythedip,23,4/11/25,95310.25,61500,116186.75
C,^GSPC,0.98buythedip,24,4/11/25,95310.25,61500,114717.65
C,^GSPC,0.98buythedip,25,4/11/25,95310.25,61500,116198.41
C,^GSPC,0.98buythedip,26,4/11/25,95310.25,61500,126087.92
C,^GSPC,0.98buythedip,27,4/11/25,95310.25,61500,118596.01
C,^GSPC,0.98buythedip,28,4/11/25,95310.25,61500,116320.31
C,^GSPC,0.98buythedip,29,4/11/25,95310.25,61500,119662.22
C,^GSPC,0.98buythedip,30,4/11/25,95310.25,61500,113881
C,^GSPC,0.98buythedip,31,4/11/25,95310.25,61500,116320.88
C,^GSPC,0.98buythedip,32,4/11/25,95310.25,61500,124248.49
C,^GSPC,0.98buythedip,33,4/11/25,95310.25,61500,117686.69
C,^GSPC,0.98buythedip,34,4/11/25,95310.25,61500,110179.26
C,^GSPC,0.98buythedip,35,4/11/25,95310.25,61500,115054.61
C,^GSPC,0.98buythedip,36,4/11/25,95310.25,61500,115025.81
C,^GSPC,0.98buythedip,37,4/11/25,95310.25,61500,119654.95
C,^GSPC,0.98buythedip,38,4/11/25,95310.25,61500,116373.55
C,^GSPC,0.98buythedip,39,4/11/25,95310.25,61500,119621.16
C,^GSPC,0.98buythedip,40,4/11/25,95310.25,61500,114032.28
C,^GSPC,0.98buythedip,41,4/11/25,95310.25,61500,116863.86
C,^GSPC,0.98buythedip,42,4/11/25,95310.25,61500,118126.54
C,^GSPC,0.98buythedip,43,4/11/25,95310.25,61500,121158.92
C,^GSPC,0.98buythedip,44,4/11/25,95310.25,61500,119653.29
C,^GSPC,0.98buythedip,45,4/11/25,95310.25,61500,120023.49
C,^GSPC,0.98buythedip,46,4/11/25,95310.25,61500,119084.31
C,^GSPC,0.98buythedip,47,4/11/25,95310.25,61500,112289.35
C,^GSPC,0.98buythedip,48,4/11/25,95310.25,61500,115413.74
C,^GSPC,0.98buythedip,49,4/11/25,95310.25,61500,114496.69
C,^GSPC,0.98buythedip,50,4/11/25,95310.25,61500,115849.92
C,^GSPC,0.98buythedip,51,4/11/25,95310.25,61500,106922.3
C,^GSPC,0.98buythedip,52,4/11/25,95310.25,61500,121876.51
C,^GSPC,0.98buythedip,53,4/11/25,95310.25,61500,114151.42
C,^GSPC,0.98buythedip,54,4/11/25,95310.25,61500,110466.47
C,^GSPC,0.98buythedip,55,4/11/25,95310.25,61500,113565.71
C,^GSPC,0.98buythedip,56,4/11/25,95310.25,61500,117852.21
C,^GSPC,0.98buythedip,57,4/11/25,95310.25,61500,118747.51
C,^GSPC,0.98buythedip,58,4/11/25,95310.25,61500,120939.27
C,^GSPC,0.98buythedip,59,4/11/25,95310.25,61500,117518.06
C,^GSPC,0.98buythedip,60,4/11/25,95310.25,61500,114196.85
C,^GSPC,0.98buythedip,61,4/11/25,95310.25,61500,113994.11
C,^GSPC,0.98buythedip,62,4/11/25,95310.25,61500,115973.36
C,^GSPC,0.98buythedip,63,4/11/25,95310.25,61500,116551.24
C,^GSPC,0.98buythedip,64,4/11/25,95310.25,61500,121925.24
C,^GSPC,0.98buythedip,65,4/11/25,95310.25,61500,112128.06
C,^GSPC,0.98buythedip,66,4/11/25,95310.25,61500,117331.4
C,^GSPC,0.98buythedip,67,4/11/25,95310.25,61500,118566.31
C,^GSPC,0.98buythedip,68,4/11/25,95310.25,61500,111587.61
C,^GSPC,0.98buythedip,69,4/11/25,95310.25,61500,115049.38
C,^GSPC,0.98buythedip,70,4/11/25,95310.25,61500,119278.96
C,^GSPC,0.98buythedip,71,4/11/25,95310.25,61500,111300.78
C,^GSPC,0.98buythedip,72,4/11/25,95310.25,61500,119368.7
C,^GSPC,0.98buythedip,73,4/11/25,95310.25,61500,113657
C,^GSPC,0.98buythedip,74,4/11/25,95310.25,61500,114188.51
C,^GSPC,0.98buythedip,75,4/11/25,95310.25,61500,111004.74
C,^GSPC,0.98buythedip,76,4/11/25,95310.25,61500,114211.06
C,^GSPC,0.98buythedip,77,4/11/25,95310.25,61500,118447.3
C,^GSPC,0.98buythedip,78,4/11/25,95310.25,61500,115895.31
C,^GSPC,0.98buythedip,79,4/11/25,95310.25,61500,116907.93
C,^GSPC,0.98buythedip,80,4/11/25,95310.25,61500,116078.19
C,^GSPC,0.98buythedip,81,4/11/25,95310.25,61500,114341.03
C,^GSPC,0.98buythedip,82,4/11/25,95310.25,61500,120431.95
C,^GSPC,0.98buythedip,83,4/11/25,95310.25,61500,112885.85
C,^GSPC,0.98buythedip,84,4/11/25,95310.25,61500,115621.58
C,^GSPC,0.98buythedip,85,4/11/25,95310.25,61500,118253.51
C,^GSPC,0.98buythedip,86,4/11/25,95310.25,61500,113790.45
C,^GSPC,0.98buythedip,87,4/11/25,95310.25,61500,119047.44
C,^GSPC,0.98buythedip,88,4/11/25,95310.25,61500,112270.89
C,^GSPC,0.98buythedip,89,4/11/25,95310.25,61500,112715.22
C,^GSPC,0.98buythedip,90,4/11/25,95310.25,61500,113806.16
C,^GSPC,0.98buythedip,91,4/11/25,95310.25,61500,108614.04
C,^GSPC,0.98buythedip,92,4/11/25,95310.25,61500,113490.77
C,^GSPC,0.98buythedip,93,4/11/25,95310.25,61500,118839.12
C,^GSPC,0.98buythedip,94,4/11/25,95310.25,61500,116556.29
C,^GSPC,0.98buythedip,95,4/11/25,95310.25,61500,114805.46
C,^GSPC,0.98buythedip,96,4/11/25,95310.25,61500,115287.25
C,^GSPC,0.98buythedip,97,4/11/25,95310.25,61500,124025.73
C,^GSPC,0.98buythedip,98,4/11/25,95310.25,61500,116833.56
C,^GSPC,0.98buythedip,99,4/11/25,95310.25,61500,113378.49
C,^GSPC,0.98buythedip,100,4/11/25,95310.25,61500,119125.87
C,^GSPC,complexbuythedip,1,4/11/25,116091.41,47250,112683.8
C,^GSPC,complexbuythedip,2,4/11/25,116091.41,47250,114809.66
C,^GSPC,complexbuythedip,3,4/11/25,116091.41,47250,111634
C,^GSPC,complexbuythedip,4,4/11/25,116091.41,47250,118937.13
C,^GSPC,complexbuythedip,5,4/11/25,116091.41,47250,117061.48
C,^GSPC,complexbuythedip,6,4/11/25,116091.41,47250,110677.76
C,^GSPC,complexbuythedip,7,4/11/25,116091.41,47250,115604.75
C,^GSPC,complexbuythedip,8,4/11/25,116091.41,47250,116568.29
C,^GSPC,complexbuythedip,9,4/11/25,116091.41,47250,122941.42
C,^GSPC,complexbuythedip,10,4/11/25,116091.41,47250,111274.2
C,^GSPC,complexbuythedip,11,4/11/25,116091.41,47250,119578.63
C,^GSPC,complexbuythedip,12,4/11/25,116091.41,47250,114229.61
C,^GSPC,complexbuythedip,13,4/11/25,116091.41,47250,112131.92
C,^GSPC,complexbuythedip,14,4/11/25,116091.41,47250,115410.24
C,^GSPC,complexbuythedip,15,4/11/25,116091.41,47250,112184.53
C,^GSPC,complexbuythedip,16,4/11/25,116091.41,47250,118090.65
C,^GSPC,complexbuythedip,17,4/11/25,116091.41,47250,111132.45
C,^GSPC,complexbuythedip,18,4/11/25,116091.41,47250,108311.73
C,^GSPC,complexbuythedip,19,4/11/25,116091.41,47250,114484.1
C,^GSPC,complexbuythedip,20,4/11/25,116091.41,47250,125635.64
C,^GSPC,complexbuythedip,21,4/11/25,116091.41,47250,116990.86
C,^GSPC,complexbuythedip,22,4/11/25,116091.41,47250,119423.68
C,^GSPC,complexbuythedip,23,4/11/25,116091.41,47250,116186.75
C,^GSPC,complexbuythedip,24,4/11/25,116091.41,47250,114717.65
C,^GSPC,complexbuythedip,25,4/11/25,116091.41,47250,116198.41
C,^GSPC,complexbuythedip,26,4/11/25,116091.41,47250,126087.92
C,^GSPC,complexbuythedip,27,4/11/25,116091.41,47250,118596.01
C,^GSPC,complexbuythedip,28,4/11/25,116091.41,47250,116320.31
C,^GSPC,complexbuythedip,29,4/11/25,116091.41,47250,119662.22
C,^GSPC,complexbuythedip,30,4/11/25,116091.41,47250,113881
C,^GSPC,complexbuythedip,31,4/11/25,116091.41,47250,116320.88
C,^GSPC,complexbuythedip,32,4/11/25,116091.41,47250,124248.49
C,^GSPC,complexbuythedip,33,4/11/25,116091.41,47250,117686.69
C,^GSPC,complexbuythedip,34,4/11/25,116091.41,47250,110179.26
C,^GSPC,complexbuythedip,35,4/11/25,116091.41,47250,115054.61
C,^GSPC,complexbuythedip,36,4/11/25,116091.41,47250,115025.81
C,^GSPC,complexbuythedip,37,4/11/25,116091.41,47250,119654.95
C,^GSPC,complexbuythedip,38,4/11/25,116091.41,47250,116373.55
C,^GSPC,complexbuythedip,39,4/11/25,116091.41,47250,119621.16
C,^GSPC,complexbuythedip,40,4/11/25,116091.41,47250,114032.28
C,^GSPC,complexbuythedip,41,4/11/25,116091.41,47250,116863.86
C,^GSPC,complexbuythedip,42,4/11/25,116091.41,47250,118126.54
C,^GSPC,complexbuythedip,43,4/11/25,116091.41,47250,121158.92
C,^GSPC,complexbuythedip,44,4/11/25,116091.41,47250,119653.29
C,^GSPC,complexbuythedip,45,4/11/25,116091.41,47250,120023.49
C,^GSPC,complexbuythedip,46,4/11/25,116091.41,47250,119084.31
C,^GSPC,complexbuythedip,47,4/11/25,116091.41,47250,112289.35
C,^GSPC,complexbuythedip,48,4/11/25,116091.41,47250,115413.74
C,^GSPC,complexbuythedip,49,4/11/25,116091.41,47250,114496.69
C,^GSPC,complexbuythedip,50,4/11/25,116091.41,47250,115849.92
C,^GSPC,complexbuythedip,51,4/11/25,116091.41,47250,106922.3
C,^GSPC,complexbuythedip,52,4/11/25,116091.41,47250,121876.51
C,^GSPC,complexbuythedip,53,4/11/25,116091.41,47250,114151.42
C,^GSPC,complexbuythedip,54,4/11/25,116091.41,47250,110466.47
C,^GSPC,complexbuythedip,55,4/11/25,116091.41,47250,113565.71
C,^GSPC,complexbuythedip,56,4/11/25,116091.41,47250,117852.21
C,^GSPC,complexbuythedip,57,4/11/25,116091.41,47250,118747.51
C,^GSPC,complexbuythedip,58,4/11/25,116091.41,47250,120939.27
C,^GSPC,complexbuythedip,59,4/11/25,116091.41,47250,117518.06
C,^GSPC,complexbuythedip,60,4/11/25,116091.41,47250,114196.85
C,^GSPC,complexbuythedip,61,4/11/25,116091.41,47250,113994.11
C,^GSPC,complexbuythedip,62,4/11/25,116091.41,47250,115973.36
C,^GSPC,complexbuythedip,63,4/11/25,116091.41,47250,116551.24
C,^GSPC,complexbuythedip,64,4/11/25,116091.41,47250,121925.24
C,^GSPC,complexbuythedip,65,4/11/25,116091.41,47250,112128.06
C,^GSPC,complexbuythedip,66,4/11/25,116091.41,47250,117331.4
C,^GSPC,complexbuythedip,67,4/11/25,116091.41,47250,118566.31
C,^GSPC,complexbuythedip,68,4/11/25,116091.41,47250,111587.61
C,^GSPC,complexbuythedip,69,4/11/25,116091.41,47250,115049.38
C,^GSPC,complexbuythedip,70,4/11/25,116091.41,47250,119278.96
C,^GSPC,complexbuythedip,71,4/11/25,116091.41,47250,111300.78
C,^GSPC,complexbuythedip,72,4/11/25,116091.41,47250,119368.7
C,^GSPC,complexbuythedip,73,4/11/25,116091.41,47250,113657
C,^GSPC,complexbuythedip,74,4/11/25,116091.41,47250,114188.51
C,^GSPC,complexbuythedip,75,4/11/25,116091.41,47250,111004.74
C,^GSPC,complexbuythedip,76,4/11/25,116091.41,47250,114211.06
C,^GSPC,complexbuythedip,77,4/11/25,116091.41,47250,118447.3
C,^GSPC,complexbuythedip,78,4/11/25,116091.41,47250,115895.31
C,^GSPC,complexbuythedip,79,4/11/25,116091.41,47250,116907.93
C,^GSPC,complexbuythedip,80,4/11/25,116091.41,47250,116078.19
C,^GSPC,complexbuythedip,81,4/11/25,116091.41,47250,114341.03
C,^GSPC,complexbuythedip,82,4/11/25,116091.41,47250,120431.95
C,^GSPC,complexbuythedip,83,4/11/25,116091.41,47250,112885.85
C,^GSPC,complexbuythedip,84,4/11/25,116091.41,47250,115621.58
C,^GSPC,complexbuythedip,85,4/11/25,116091.41,47250,118253.51
C,^GSPC,complexbuythedip,86,4/11/25,116091.41,47250,113790.45
C,^GSPC,complexbuythedip,87,4/11/25,116091.41,47250,119047.44
C,^GSPC,complexbuythedip,88,4/11/25,116091.41,47250,112270.89
C,^GSPC,complexbuythedip,89,4/11/25,116091.41,47250,112715.22
C,^GSPC,complexbuythedip,90,4/11/25,116091.41,47250,113806.16
C,^GSPC,complexbuythedip,91,4/11/25,116091.41,47250,108614.04
C,^GSPC,complexbuythedip,92,4/11/25,116091.41,47250,113490.77
C,^GSPC,complexbuythedip,93,4/11/25,116091.41,47250,118839.12
C,^GSPC,complexbuythedip,94,4/11/25,116091.41,47250,116556.29
C,^GSPC,complexbuythedip,95,4/11/25,116091.41,47250,114805.46
C,^GSPC,complexbuythedip,96,4/11/25,116091.41,47250,115287.25
C,^GSPC,complexbuythedip,97,4/11/25,116091.41,47250,124025.73
C,^GSPC,complexbuythedip,98,4/11/25,116091.41,47250,116833.56
C,^GSPC,complexbuythedip,99,4/11/25,116091.41,47250,113378.49
C,^GSPC,complexbuythedip,100,4/11/25,116091.41,47250,119125.87
D,^GSPC,first,1,4/11/25,43006.81,18100,41972.41
D,^GSPC,first,2,4/11/25,43006.81,18100,42822.76
D,^GSPC,first,3,4/11/25,43006.81,18100,41552.49
D,^GSPC,first,4,4/11/25,43006.81,18100,44473.75
D,^GSPC,first,5,4/11/25,43006.81,18100,43723.49
D,^GSPC,first,6,4/11/25,43006.81,18100,41170
D,^GSPC,first,7,4/11/25,43006.81,18100,43140.79
D,^GSPC,first,8,4/11/25,43006.81,18100,43526.21
D,^GSPC,first,9,4/11/25,43006.81,18100,46075.46
D,^GSPC,first,10,4/11/25,43006.81,18100,41408.58
D,^GSPC,first,11,4/11/25,43006.81,18100,44730.35
D,^GSPC,first,12,4/11/25,43006.81,18100,42590.74
D,^GSPC,first,13,4/11/25,43006.81,18100,41751.66
D,^GSPC,first,14,4/11/25,43006.81,18100,43062.99
D,^GSPC,first,15,4/11/25,43006.81,18100,41772.71
D,^GSPC,first,16,4/11/25,43006.81,18100,44135.16
D,^GSPC,first,17,4/11/25,43006.81,18100,41351.87
D,^GSPC,first,18,4/11/25,43006.81,18100,40223.59
D,^GSPC,first,19,4/11/25,43006.81,18100,42692.54
D,^GSPC,first,20,4/11/25,43006.81,18100,47153.15
D,^GSPC,first,21,4/11/25,43006.81,18100,43695.24
D,^GSPC,first,22,4/11/25,43006.81,18100,44668.37
D,^GSPC,first,23,4/11/25,43006.81,18100,43373.6
D,^GSPC,first,24,4/11/25,43006.81,18100,42785.96
D,^GSPC,first,25,4/11/25,43006.81,18100,43378.26
D,^GSPC,first,26,4/11/25,43006.81,18100,47334.07
D,^GSPC,first,27,4/11/25,43006.81,18100,44337.3
D,^GSPC,first,28,4/11/25,43006.81,18100,43427.02
D,^GSPC,first,29,4/11/25,43006.81,18100,44763.78
D,^GSPC,first,30,4/11/25,43006.81,18100,42451.3
D,^GSPC,first,31,4/11/25,43006.81,18100,43427.25
D,^GSPC,first,32,4/11/25,43006.81,18100,46598.29
D,^GSPC,first,33,4/11/25,43006.81,18100,43973.57
D,^GSPC,first,34,4/11/25,43006.81,18100,40970.6
D,^GSPC,first,35,4/11/25,43006.81,18100,42920.74
D,^GSPC,first,36,4/11/25,43006.81,18100,42909.22
D,^GSPC,first,37,4/11/25,43006.81,18100,44760.88
D,^GSPC,first,38,4/11/25,43006.81,18100,43448.32
D,^GSPC,first,39,4/11/25,43006.81,18100,44747.36
D,^GSPC,first,40,4/11/25,43006.81,18100,42511.81
D,^GSPC,first,41,4/11/25,43006.81,18100,43644.44
D,^GSPC,first,42,4/11/25,43006.81,18100,44149.51
D,^GSPC,first,43,4/11/25,43006.81,18100,45362.46
D,^GSPC,first,44,4/11/25,43006.81,18100,44760.21
D,^GSPC,first,45,4/11/25,43006.81,18100,44908.29
D,^GSPC,first,46,4/11/25,43006.81,18100,44532.62
D,^GSPC,first,47,4/11/25,43006.81,18100,41814.64
D,^GSPC,first,48,4/11/25,43006.81,18100,43064.39
D,^GSPC,first,49,4/11/25,43006.81,18100,42697.57
D,^GSPC,first,50,4/11/25,43006.81,18100,43238.86
D,^GSPC,first,51,4/11/25,43006.81,18100,39667.81
D,^GSPC,first,52,4/11/25,43006.81,18100,45649.5
D,^GSPC,first,53,4/11/25,43006.81,18100,42559.46
D,^GSPC,first,54,4/11/25,43006.81,18100,41085.48
D,^GSPC,first,55,4/11/25,43006.81,18100,42325.18
D,^GSPC,first,56,4/11/25,43006.81,18100,44039.78
D,^GSPC,first,57,4/11/25,43006.81,18100,44397.9
D,^GSPC,first,58,4/11/25,43006.81,18100,45274.6
D,^GSPC,first,59,4/11/25,43006.81,18100,43906.12
D,^GSPC,first,60,4/11/25,43006.81,18100,42577.64
D,^GSPC,first,61,4/11/25,43006.81,18100,42496.54
D,^GSPC,first,62,4/11/25,43006.81,18100,43288.24
D,^GSPC,first,63,4/11/25,43006.81,18100,43519.39
D,^GSPC,first,64,4/11/25,43006.81,18100,45668.99
D,^GSPC,first,65,4/11/25,43006.81,18100,41750.12
D,^GSPC,first,66,4/11/25,43006.81,18100,43831.46
D,^GSPC,first,67,4/11/25,43006.81,18100,44325.42
D,^GSPC,first,68,4/11/25,43006.81,18100,41533.94
D,^GSPC,first,69,4/11/25,43006.81,18100,42918.65
D,^GSPC,first,70,4/11/25,43006.81,18100,44610.48
D,^GSPC,first,71,4/11/25,43006.81,18100,41419.21
D,^GSPC,first,72,4/11/25,43006.81,18100,44646.37
D,^GSPC,first,73,4/11/25,43006.81,18100,42361.69
D,^GSPC,first,74,4/11/25,43006.81,18100,42574.3
D,^GSPC,first,75,4/11/25,43006.81,18100,41300.79
D,^GSPC,first,76,4/11/25,43006.81,18100,42583.32
D,^GSPC,first,77,4/11/25,43006.81,18100,44277.82
D,^GSPC,first,78,4/11/25,43006.81,18100,43257.02
D,^GSPC,first,79,4/11/25,43006.81,18100,43662.07
D,^GSPC,first,80,4/11/25,43006.81,18100,43330.17
D,^GSPC,first,81,4/11/25,43006.81,18100,42635.31
D,^GSPC,first,82,4/11/25,43006.81,18100,45071.67
D,^GSPC,first,83,4/11/25,43006.81,18100,42053.24
D,^GSPC,first,84,4/11/25,43006.81,18100,43147.53
D,^GSPC,first,85,4/11/25,43006.81,18100,44200.3
D,^GSPC,first,86,4/11/25,43006.81,18100,42415.07
D,^GSPC,first,87,4/11/25,43006.81,18100,44517.87
D,^GSPC,first,88,4/11/25,43006.81,18100,41807.25
D,^GSPC,first,89,4/11/25,43006.81,18100,41984.98
D,^GSPC,first,90,4/11/25,43006.81,18100,42421.36
D,^GSPC,first,91,4/11/25,43006.81,18100,40344.51
D,^GSPC,first,92,4/11/25,43006.81,18100,42295.2
D,^GSPC,first,93,4/11/25,43006.81,18100,44434.55
D,^GSPC,first,94,4/11/25,43006.81,18100,43521.41
D,^GSPC,first,95,4/11/25,43006.81,18100,42821.08
D,^GSPC,first,96,4/11/25,43006.81,18100,43013.8
D,^GSPC,first,97,4/11/25,43006.81,18100,46509.19
D,^GSPC,first,98,4/11/25,43006.81,18100,43632.32
D,^GSPC,first,99,4/11/25,43006.81,18100,42250.29
D,^GSPC,first,100,4/11/25,43006.81,18100,44549.24
D,^GSPC,losing,1,4/11/25,43240.83,18200,41972.41
D,^GSPC,losing,2,4/11/25,43240.83,18200,42822.76
D,^GSPC,losing,3,4/11/25,43240.83,18200,41552.49
D,^GSPC,losing,4,4/11/25,43240.83,18200,44473.75
D,^GSPC,losing,5,4/11/25,43240.83,18200,43723.49
D,^GSPC,losing,6,4/11/25,43240.83,18200,41170
D,^GSPC,losing,7,4/11/25,43240.83,18200,43140.79
D,^GSPC,losing,8,4/11/25,43240.83,18200,43526.21
D,^GSPC,losing,9,4/11/25,43240.83,18200,46075.46
D,^GSPC,losing,10,4/11/25,43240.83,18200,41408.58
D,^GSPC,losing,11,4/11/25,43240.83,18200,44730.35
D,^GSPC,losing,12,4/11/25,43240.83,18200,42590.74
D,^GSPC,losing,13,4/11/25,43240.83,18200,41751.66
D,^GSPC,losing,14,4/11/25,43240.83,18200,43062.99
D,^GSPC,losing,15,4/11/25,43240.83,18200,41772.71
D,^GSPC,losing,16,4/11/25,43240.83,18200,44135.16
D,^GSPC,losing,17,4/11/25,43240.83,18200,41351.87
D,^GSPC,losing,18,4/11/25,43240.83,18200,40223.59
D,^GSPC,losing,19,4/11/25,43240.83,18200,42692.54
D,^GSPC,losing,20,4/11/25,43240.83,18200,47153.15
D,^GSPC,losing,21,4/11/25,43240.83,18200,43695.24
D,^GSPC,losing,22,4/11/25,43240.83,18200,44668.37
D,^GSPC,losing,23,4/11/25,43240.83,18200,43373.6
D,^GSPC,losing,24,4/11/25,43240.83,18200,42785.96
D,^GSPC,losing,25,4/11/25,43240.83,18200,43378.26
D,^GSPC,losing,26,4/11/25,43240.83,18200,47334.07
D,^GSPC,losing,27,4/11/25,43240.83,18200,44337.3
D,^GSPC,losing,28,4/11/25,43240.83,18200,43427.02
D,^GSPC,losing,29,4/11/25,43240.83,18200,44763.78
D,^GSPC,losing,30,4/11/25,43240.83,18200,42451.3
D,^GSPC,losing,31,4/11/25,43240.83,18200,43427.25
D,^GSPC,losing,32,4/11/25,43240.83,18200,46598.29
D,^GSPC,losing,33,4/11/25,43240.83,18200,43973.57
D,^GSPC,losing,34,4/11/25,43240.83,18200,40970.6
D,^GSPC,losing,35,4/11/25,43240.83,18200,42920.74
D,^GSPC,losing,36,4/11/25,43240.83,18200,42909.22
D,^GSPC,losing,37,4/11/25,43240.83,18200,44760.88
D,^GSPC,losing,38,4/11/25,43240.83,18200,43448.32
D,^GSPC,losing,39,4/11/25,43240.83,18200,44747.36
D,^GSPC,losing,40,4/11/25,43240.83,18200,42511.81
D,^GSPC,losing,41,4/11/25,43240.83,18200,43644.44
D,^GSPC,losing,42,4/11/25,43240.83,18200,44149.51
D,^GSPC,losing,43,4/11/25,43240.83,18200,45362.46
D,^GSPC,losing,44,4/11/25,43240.83,18200,44760.21
D,^GSPC,losing,45,4/11/25,43240.83,18200,44908.29
D,^GSPC,losing,46,4/11/25,43240.83,18200,44532.62
D,^GSPC,losing,47,4/11/25,43240.83,18200,41814.64
D,^GSPC,losing,48,4/11/25,43240.83,18200,43064.39
D,^GSPC,losing,49,4/11/25,43240.83,18200,42697.57
D,^GSPC,losing,50,4/11/25,43240.83,18200,43238.86
D,^GSPC,losing,51,4/11/25,43240.83,18200,39667.81
D,^GSPC,losing,52,4/11/25,43240.83,18200,45649.5
D,^GSPC,losing,53,4/11/25,43240.83,18200,42559.46
D,^GSPC,losing,54,4/11/25,43240.83,18200,41085.48
D,^GSPC,losing,55,4/11/25,43240.83,18200,42325.18
D,^GSPC,losing,56,4/11/25,43240.83,18200,44039.78
D,^GSPC,losing,57,4/11/25,43240.83,18200,44397.9
D,^GSPC,losing,58,4/11/25,43240.83,18200,45274.6
D,^GSPC,losing,59,4/11/25,43240.83,18200,43906.12
D,^GSPC,losing,60,4/11/25,43240.83,18200,42577.64
D,^GSPC,losing,61,4/11/25,43240.83,18200,42496.54
D,^GSPC,losing,62,4/11/25,43240.83,18200,43288.24
D,^GSPC,losing,63,4/11/25,43240.83,18200,43519.39
D,^GSPC,losing,64,4/11/25,43240.83,18200,45668.99
D,^GSPC,losing,65,4/11/25,43240.83,18200,41750.12
D,^GSPC,losing,66,4/11/25,43240.83,18200,43831.46
D,^GSPC,losing,67,4/11/25,43240.83,18200,44325.42
D,^GSPC,losing,68,4/11/25,43240.83,18200,41533.94
D,^GSPC,losing,69,4/11/25,43240.83,18200,42918.65
D,^GSPC,losing,70,4/11/25,43240.83,18200,44610.48
D,^GSPC,losing,71,4/11/25,43240.83,18200,41419.21
D,^GSPC,losing,72,4/11/25,43240.83,18200,44646.37
D,^GSPC,losing,73,4/11/25,43240.83,18200,42361.69
D,^GSPC,losing,74,4/11/25,43240.83,18200,42574.3
D,^GSPC,losing,75,4/11/25,43240.83,18200,41300.79
D,^GSPC,losing,76,4/11/25,43240.83,18200,42583.32
D,^GSPC,losing,77,4/11/25,43240.83,18200,44277.82
D,^GSPC,losing,78,4/11/25,43240.83,18200,43257.02
D,^GSPC,losing,79,4/11/25,43240.83,18200,43662.07
D,^GSPC,losing,80,4/11/25,43240.83,18200,43330.17
D,^GSPC,losing,81,4/11/25,43240.83,18200,42635.31
D,^GSPC,losing,82,4/11/25,43240.83,18200,45071.67
D,^GSPC,losing,83,4/11/25,43240.83,18200,42053.24
D,^GSPC,losing,84,4/11/25,43240.83,18200,43147.53
D,^GSPC,losing,85,4/11/25,43240.83,18200,44200.3
D,^GSPC,losing,86,4/11/25,43240.83,18200,42415.07
D,^GSPC,losing,87,4/11/25,43240.83,18200,44517.87
D,^GSPC,losing,88,4/11/25,43240.83,18200,41807.25
D,^GSPC,losing,89,4/11/25,43240.83,18200,41984.98
D,^GSPC,losing,90,4/11/25,43240.83,18200,42421.36
D,^GSPC,losing,91,4/11/25,43240.83,18200,40344.51
D,^GSPC,losing,92,4/11/25,43240.83,18200,42295.2
D,^GSPC,losing,93,4/11/25,43240.83,18200,44434.55
D,^GSPC,losing,94,4/11/25,43240.83,18200,43521.41
D,^GSPC,losing,95,4/11/25,43240.83,18200,42821.08
D,^GSPC,losing,96,4/11/25,43240.83,18200,43013.8
D,^GSPC,losing,97,4/11/25,43240.83,18200,46509.19
D,^GSPC,losing,98,4/11/25,43240.83,18200,43632.32
D,^GSPC,losing,99,4/11/25,43240.83,18200,42250.29
D,^GSPC,losing,100,4/11/25,43240.83,18200,44549.24
D,^GSPC,growing,1,4/11/25,43278,18100,41972.41
D,^GSPC,growing,2,4/11/25,43278,18100,42822.76
D,^GSPC,growing,3,4/11/25,43278,18100,41552.49
D,^GSPC,growing,4,4/11/25,43278,18100,44473.75
D,^GSPC,growing,5,4/11/25,43278,18100,43723.49
D,^GSPC,growing,6,4/11/25,43278,18100,41170
D,^GSPC,growing,7,4/11/25,43278,18100,43140.79
D,^GSPC,growing,8,4/11/25,43278,18100,43526.21
D,^GSPC,growing,9,4/11/25,43278,18100,46075.46
D,^GSPC,growing,10,4/11/25,43278,18100,41408.58
D,^GSPC,growing,11,4/11/25,43278,18100,44730.35
D,^GSPC,growing,12,4/11/25,43278,18100,42590.74
D,^GSPC,growing,13,4/11/25,43278,18100,41751.66
D,^GSPC,growing,14,4/11/25,43278,18100,43062.99
D,^GSPC,growing,15,4/11/25,43278,18100,41772.71
D,^GSPC,growing,16,4/11/25,43278,18100,44135.16
D,^GSPC,growing,17,4/11/25,43278,18100,41351.87
D,^GSPC,growing,18,4/11/25,43278,18100,40223.59
D,^GSPC,growing,19,4/11/25,43278,18100,42692.54
D,^GSPC,growing,20,4/11/25,43278,18100,47153.15
D,^GSPC,growing,21,4/11/25,43278,18100,43695.24
D,^GSPC,growing,22,4/11/25,43278,18100,44668.37
D,^GSPC,growing,23,4/11/25,43278,18100,43373.6
D,^GSPC,growing,24,4/11/25,43278,18100,42785.96
D,^GSPC,growing,25,4/11/25,43278,18100,43378.26
D,^GSPC,growing,26,4/11/25,43278,18100,47334.07
D,^GSPC,growing,27,4/11/25,43278,18100,44337.3
D,^GSPC,growing,28,4/11/25,43278,18100,43427.02
D,^GSPC,growing,29,4/11/25,43278,18100,44763.78
D,^GSPC,growing,30,4/11/25,43278,18100,42451.3
D,^GSPC,growing,31,4/11/25,43278,18100,43427.25
D,^GSPC,growing,32,4/11/25,43278,18100,46598.29
D,^GSPC,growing,33,4/11/25,43278,18100,43973.57
D,^GSPC,growing,34,4/11/25,43278,18100,40970.6
D,^GSPC,growing,35,4/11/25,43278,18100,42920.74
D,^GSPC,growing,36,4/11/25,43278,18100,42909.22
D,^GSPC,growing,37,4/11/25,43278,18100,44760.88
D,^GSPC,growing,38,4/11/25,43278,18100,43448.32
D,^GSPC,growing,39,4/11/25,43278,18100,44747.36
D,^GSPC,growing,40,4/11/25,43278,18100,42511.81
D,^GSPC,growing,41,4/11/25,43278,18100,43644.44
D,^GSPC,growing,42,4/11/25,43278,18100,44149.51
D,^GSPC,growing,43,4/11/25,43278,18100,45362.46
D,^GSPC,growing,44,4/11/25,43278,18100,44760.21
D,^GSPC,growing,45,4/11/25,43278,18100,44908.29
D,^GSPC,growing,46,4/11/25,43278,18100,44532.62
D,^GSPC,growing,47,4/11/25,43278,18100,41814.64
D,^GSPC,growing,48,4/11/25,43278,18100,43064.39
D,^GSPC,growing,49,4/11/25,43278,18100,42697.57
D,^GSPC,growing,50,4/11/25,43278,18100,43238.86
D,^GSPC,growing,51,4/11/25,43278,18100,39667.81
D,^GSPC,growing,52,4/11/25,43278,18100,45649.5
D,^GSPC,growing,53,4/11/25,43278,18100,42559.46
D,^GSPC,growing,54,4/11/25,43278,18100,41085.48
D,^GSPC,growing,55,4/11/25,43278,18100,42325.18
D,^GSPC,growing,56,4/11/25,43278,18100,44039.78
D,^GSPC,growing,57,4/11/25,43278,18100,44397.9
D,^GSPC,growing,58,4/11/25,43278,18100,45274.6
D,^GSPC,growing,59,4/11/25,43278,18100,43906.12
D,^GSPC,growing,60,4/11/25,43278,18100,42577.64
D,^GSPC,growing,61,4/11/25,43278,18100,42496.54
D,^GSPC,growing,62,4/11/25,43278,18100,43288.24
D,^GSPC,growing,63,4/11/25,43278,18100,43519.39
D,^GSPC,growing,64,4/11/25,43278,18100,45668.99
D,^GSPC,growing,65,4/11/25,43278,18100,41750.12
D,^GSPC,growing,66,4/11/25,43278,18100,43831.46
D,^GSPC,growing,67,4/11/25,43278,18100,44325.42
D,^GSPC,growing,68,4/11/25,43278,18100,41533.94
D,^GSPC,growing,69,4/11/25,43278,18100,42918.65
D,^GSPC,growing,70,4/11/25,43278,18100,44610.48
D,^GSPC,growing,71,4/11/25,43278,18100,41419.21
D,^GSPC,growing,72,4/11/25,43278,18100,44646.37
D,^GSPC,growing,73,4/11/25,43278,18100,42361.69
D,^GSPC,growing,74,4/11/25,43278,18100,42574.3
D,^GSPC,growing,75,4/11/25,43278,18100,41300.79
D,^GSPC,growing,76,4/11/25,43278,18100,42583.32
D,^GSPC,growing,77,4/11/25,43278,18100,44277.82
D,^GSPC,growing,78,4/11/25,43278,18100,43257.02
D,^GSPC,growing,79,4/11/25,43278,18100,43662.07
D,^GSPC,growing,80,4/11/25,43278,18100,43330.17
D,^GSPC,growing,81,4/11/25,43278,18100,42635.31
D,^GSPC,growing,82,4/11/25,43278,18100,45071.67
D,^GSPC,growing,83,4/11/25,43278,18100,42053.24
D,^GSPC,growing,84,4/11/25,43278,18100,43147.53
D,^GSPC,growing,85,4/11/25,43278,18100,44200.3
D,^GSPC,growing,86,4/11/25,43278,18100,42415.07
D,^GSPC,growing,87,4/11/25,43278,18100,44517.87
D,^GSPC,growing,88,4/11/25,43278,18100,41807.25
D,^GSPC,growing,89,4/11/25,43278,18100,41984.98
D,^GSPC,growing,90,4/11/25,43278,18100,42421.36
D,^GSPC,growing,91,4/11/25,43278,18100,40344.51
D,^GSPC,growing,92,4/11/25,43278,18100,42295.2
D,^GSPC,growing,93,4/11/25,43278,18100,44434.55
D,^GSPC,growing,94,4/11/25,43278,18100,43521.41
D,^GSPC,growing,95,4/11/25,43278,18100,42821.08
D,^GSPC,growing,96,4/11/25,43278,18100,43013.8
D,^GSPC,growing,97,4/11/25,43278,18100,46509.19
D,^GSPC,growing,98,4/11/25,43278,18100,43632.32
D,^GSPC,growing,99,4/11/25,43278,18100,42250.29
D,^GSPC,growing,100,4/11/25,43278,18100,44549.24
D,^GSPC,buythedip,1,4/11/25,1418.93,300,41972.41
D,^GSPC,buythedip,2,4/11/25,1418.93,300,42822.76
D,^GSPC,buythedip,3,4/11/25,1418.93,300,41552.49
D,^GSPC,buythedip,4,4/11/25,1418.93,300,44473.75
D,^GSPC,buythedip,5,4/11/25,1418.93,300,43723.49
D,^GSPC,buythedip,6,4/11/25,1418.93,300,41170
D,^GSPC,buythedip,7,4/11/25,1418.93,300,43140.79
D,^GSPC,buythedip,8,4/11/25,1418.93,300,43526.21
D,^GSPC,buythedip,9,4/11/25,1418.93,300,46075.46
D,^GSPC,buythedip,10,4/11/25,1418.93,300,41408.58
D,^GSPC,buythedip,11,4/11/25,1418.93,300,44730.35
D,^GSPC,buythedip,12,4/11/25,1418.93,300,42590.74
D,^GSPC,buythedip,13,4/11/25,1418.93,300,41751.66
D,^GSPC,buythedip,14,4/11/25,1418.93,300,43062.99
D,^GSPC,buythedip,15,4/11/25,1418.93,300,41772.71
D,^GSPC,buythedip,16,4/11/25,1418.93,300,44135.16
D,^GSPC,buythedip,17,4/11/25,1418.93,300,41351.87
D,^GSPC,buythedip,18,4/11/25,1418.93,300,40223.59
D,^GSPC,buythedip,19,4/11/25,1418.93,300,42692.54
D,^GSPC,buythedip,20,4/11/25,1418.93,300,47153.15
D,^GSPC,buythedip,21,4/11/25,1418.93,300,43695.24
D,^GSPC,buythedip,22,4/11/25,1418.93,300,44668.37
D,^GSPC,buythedip,23,4/11/25,1418.93,300,43373.6
D,^GSPC,buythedip,24,4/11/25,1418.93,300,42785.96
D,^GSPC,buythedip,25,4/11/25,1418.93,300,43378.26
D,^GSPC,buythedip,26,4/11/25,1418.93,300,47334.07
D,^GSPC,buythedip,27,4/11/25,1418.93,300,44337.3
D,^GSPC,buythedip,28,4/11/25,1418.93,300,43427.02
D,^GSPC,buythedip,29,4/11/25,1418.93,300,44763.78
D,^GSPC,buythedip,30,4/11/25,1418.93,300,42451.3
D,^GSPC,buythedip,31,4/11/25,1418.93,300,43427.25
D,^GSPC,buythedip,32,4/11/25,1418.93,300,46598.29
D,^GSPC,buythedip,33,4/11/25,1418.93,300,43973.57
D,^GSPC,buythedip,34,4/11/25,1418.93,300,40970.6
D,^GSPC,buythedip,35,4/11/25,1418.93,300,42920.74
D,^GSPC,buythedip,36,4/11/25,1418.93,300,42909.22
D,^GSPC,buythedip,37,4/11/25,1418.93,300,44760.88
D,^GSPC,buythedip,38,4/11/25,1418.93,300,43448.32
D,^GSPC,buythedip,39,4/11/25,1418.93,300,44747.36
D,^GSPC,buythedip,40,4/11/25,1418.93,300,42511.81
D,^GSPC,buythedip,41,4/11/25,1418.93,300,43644.44
D,^GSPC,buythedip,42,4/11/25,1418.93,300,44149.51
D,^GSPC,buythedip,43,4/11/25,1418.93,300,45362.46
D,^GSPC,buythedip,44,4/11/25,1418.93,300,44760.21
D,^GSPC,buythedip,45,4/11/25,1418.93,300,44908.29
D,^GSPC,buythedip,46,4/11/25,1418.93,300,44532.62
D,^GSPC,buythedip,47,4/11/25,1418.93,300,41814.64
D,^GSPC,buythedip,48,4/11/25,1418.93,300,43064.39
D,^GSPC,buythedip,49,4/11/25,1418.93,300,42697.57
D,^GSPC,buythedip,50,4/11/25,1418.93,300,43238.86
D,^GSPC,buythedip,51,4/11/25,1418.93,300,39667.81
D,^GSPC,buythedip,52,4/11/25,1418.93,300,45649.5
D,^GSPC,buythedip,53,4/11/25,1418.93,300,42559.46
D,^GSPC,buythedip,54,4/11/25,1418.93,300,41085.48
D,^GSPC,buythedip,55,4/11/25,1418.93,300,42325.18
D,^GSPC,buythedip,56,4/11/25,1418.93,300,44039.78
D,^GSPC,buythedip,57,4/11/25,1418.93,300,44397.9
D,^GSPC,buythedip,58,4/11/25,1418.93,300,45274.6
D,^GSPC,buythedip,59,4/11/25,1418.93,300,43906.12
D,^GSPC,buythedip,60,4/11/25,1418.93,300,42577.64
D,^GSPC,buythedip,61,4/11/25,1418.93,300,42496.54
D,^GSPC,buythedip,62,4/11/25,1418.93,300,43288.24
D,^GSPC,buythedip,63,4/11/25,1418.93,300,43519.39
D,^GSPC,buythedip,64,4/11/25,1418.93,300,45668.99
D,^GSPC,buythedip,65,4/11/25,1418.93,300,41750.12
D,^GSPC,buythedip,66,4/11/25,1418.93,300,43831.46
D,^GSPC,buythedip,67,4/11/25,1418.93,300,44325.42
D,^GSPC,buythedip,68,4/11/25,1418.93,300,41533.94
D,^GSPC,buythedip,69,4/11/25,1418.93,300,42918.65
D,^GSPC,buythedip,70,4/11/25,1418.93,300,44610.48
D,^GSPC,buythedip,71,4/11/25,1418.93,300,41419.21
D,^GSPC,buythedip,72,4/11/25,1418.93,300,44646.37
D,^GSPC,buythedip,73,4/11/25,1418.93,300,42361.69
D,^GSPC,buythedip,74,4/11/25,1418.93,300,42574.3
D,^GSPC,buythedip,75,4/11/25,1418.93,300,41300.79
D,^GSPC,buythedip,76,4/11/25,1418.93,300,42583.32
D,^GSPC,buythedip,77,4/11/25,1418.93,300,44277.82
D,^GSPC,buythedip,78,4/11/25,1418.93,300,43257.02
D,^GSPC,buythedip,79,4/11/25,1418.93,300,43662.07
D,^GSPC,buythedip,80,4/11/25,1418.93,300,43330.17
D,^GSPC,buythedip,81,4/11/25,1418.93,300,42635.31
D,^GSPC,buythedip,82,4/11/25,1418.93,300,45071.67
D,^GSPC,buythedip,83,4/11/25,1418.93,300,42053.24
D,^GSPC,buythedip,84,4/11/25,1418.93,300,43147.53
D,^GSPC,buythedip,85,4/11/25,1418.93,300,44200.3
D,^GSPC,buythedip,86,4/11/25,1418.93,300,42415.07
D,^GSPC,buythedip,87,4/11/25,1418.93,300,44517.87
D,^GSPC,buythedip,88,4/11/25,1418.93,300,41807.25
D,^GSPC,buythedip,89,4/11/25,1418.93,300,41984.98
D,^GSPC,buythedip,90,4/11/25,1418.93,300,42421.36
D,^GSPC,buythedip,91,4/11/25,1418.93,300,40344.51
D,^GSPC,buythedip,92,4/11/25,1418.93,300,42295.2
D,^GSPC,buythedip,93,4/11/25,1418.93,300,44434.55
D,^GSPC,buythedip,94,4/11/25,1418.93,300,43521.41
D,^GSPC,buythedip,95,4/11/25,1418.93,300,42821.08
D,^GSPC,buythedip,96,4/11/25,1418.93,300,43013.8
D,^GSPC,buythedip,97,4/11/25,1418.93,300,46509.19
D,^GSPC,buythedip,98,4/11/25,1418.93,300,43632.32
D,^GSPC,buythedip,99,4/11/25,1418.93,300,42250.29
D,^GSPC,buythedip,100,4/11/25,1418.93,300,44549.24
D,^GSPC,0.98buythedip,1,4/11/25,35023,23900,41972.41
D,^GSPC,0.98buythedip,2,4/11/25,35023,23900,42822.76
D,^GSPC,0.98buythedip,3,4/11/25,35023,23900,41552.49
D,^GSPC,0.98buythedip,4,4/11/25,35023,23900,44473.75
D,^GSPC,0.98buythedip,5,4/11/25,35023,23900,43723.49
D,^GSPC,0.98buythedip,6,4/11/25,35023,23900,41170
D,^GSPC,0.98buythedip,7,4/11/25,35023,23900,43140.79
D,^GSPC,0.98buythedip,8,4/11/25,35023,23900,43526.21
D,^GSPC,0.98buythedip,9,4/11/25,35023,23900,46075.46
D,^GSPC,0.98buythedip,10,4/11/25,35023,23900,41408.58
D,^GSPC,0.98buythedip,11,4/11/25,35023,23900,44730.35
D,^GSPC,0.98buythedip,12,4/11/25,35023,23900,42590.74
D,^GSPC,0.98buythedip,13,4/11/25,35023,23900,41751.66
D,^GSPC,0.98buythedip,14,4/11/25,35023,23900,43062.99
D,^GSPC,0.98buythedip,15,4/11/25,35023,23900,41772.71
D,^GSPC,0.98buythedip,16,4/11/25,35023,23900,44135.16
D,^GSPC,0.98buythedip,17,4/11/25,35023,23900,41351.87
D,^GSPC,0.98buythedip,18,4/11/25,35023,23900,40223.59
D,^GSPC,0.98buythedip,19,4/11/25,35023,23900,42692.54
D,^GSPC,0.98buythedip,20,4/11/25,35023,23900,47153.15
D,^GSPC,0.98buythedip,21,4/11/25,35023,23900,43695.24
D,^GSPC,0.98buythedip,22,4/11/25,35023,23900,44668.37
D,^GSPC,0.98buythedip,23,4/11/25,35023,23900,43373.6
D,^GSPC,0.98buythedip,24,4/11/25,35023,23900,42785.96
D,^GSPC,0.98buythedip,25,4/11/25,35023,23900,43378.26
D,^GSPC,0.98buythedip,26,4/11/25,35023,23900,47334.07
D,^GSPC,0.98buythedip,27,4/11/25,35023,23900,44337.3
D,^GSPC,0.98buythedip,28,4/11/25,35023,23900,43427.02
D,^GSPC,0.98buythedip,29,4/11/25,35023,23900,44763.78
D,^GSPC,0.98buythedip,30,4/11/25,35023,23900,42451.3
D,^GSPC,0.98buythedip,31,4/11/25,35023,23900,43427.25
D,^GSPC,0.98buythedip,32,4/11/25,35023,23900,46598.29
D,^GSPC,0.98buythedip,33,4/11/25,35023,23900,43973.57
D,^GSPC,0.98buythedip,34,4/11/25,35023,23900,40970.6
D,^GSPC,0.98buythedip,35,4/11/25,35023,23900,42920.74
D,^GSPC,0.98buythedip,36,4/11/25,35023,23900,42909.22
D,^GSPC,0.98buythedip,37,4/11/25,35023,23900,44760.88
D,^GSPC,0.98buythedip,38,4/11/25,35023,23900,43448.32
D,^GSPC,0.98buythedip,39,4/11/25,35023,23900,44747.36
D,^GSPC,0.98buythedip,40,4/11/25,35023,23900,42511.81
D,^GSPC,0.98buythedip,41,4/11/25,35023,23900,43644.44
D,^GSPC,0.98buythedip,42,4/11/25,35023,23900,44149.51
D,^GSPC,0.98buythedip,43,4/11/25,35023,23900,45362.46
D,^GSPC,0.98buythedip,44,4/11/25,35023,23900,44760.21
D,^GSPC,0.98buythedip,45,4/11/25,35023,23900,44908.29
D,^GSPC,0.98buythedip,46,4/11/25,35023,23900,44532.62
D,^GSPC,0.98buythedip,47,4/11/25,35023,23900,41814.64
D,^GSPC,0.98buythedip,48,4/11/25,35023,23900,43064.39
D,^GSPC,0.98buythedip,49,4/11/25,35023,23900,42697.57
D,^GSPC,0.98buythedip,50,4/11/25,35023,23900,43238.86
D,^GSPC,0.98buythedip,51,4/11/25,35023,23900,39667.81
D,^GSPC,0.98buythedip,52,4/11/25,35023,23900,45649.5
D,^GSPC,0.98buythedip,53,4/11/25,35023,23900,42559.46
D,^GSPC,0.98buythedip,54,4/11/25,35023,23900,41085.48
D,^GSPC,0.98buythedip,55,4/11/25,35023,23900,42325.18
D,^GSPC,0.98buythedip,56,4/11/25,35023,23900,44039.78
D,^GSPC,0.98buythedip,57,4/11/25,35023,23900,44397.9
D,^GSPC,0.98buythedip,58,4/11/25,35023,23900,45274.6
D,^GSPC,0.98buythedip,59,4/11/25,35023,23900,43906.12
D,^GSPC,0.98buythedip,60,4/11/25,35023,23900,42577.64
D,^GSPC,0.98buythedip,61,4/11/25,35023,23900,42496.54
D,^GSPC,0.98buythedip,62,4/11/25,35023,23900,43288.24
D,^GSPC,0.98buythedip,63,4/11/25,35023,23900,43519.39
D,^GSPC,0.98buythedip,64,4/11/25,35023,23900,45668.99
D,^GSPC,0.98buythedip,65,4/11/25,35023,23900,41750.12
D,^GSPC,0.98buythedip,66,4/11/25,35023,23900,43831.46
D,^GSPC,0.98buythedip,67,4/11/25,35023,23900,44325.42
D,^GSPC,0.98buythedip,68,4/11/25,35023,23900,41533.94
D,^GSPC,0.98buythedip,69,4/11/25,35023,23900,42918.65
D,^GSPC,0.98buythedip,70,4/11/25,35023,23900,44610.48
D,^GSPC,0.98buythedip,71,4/11/25,35023,23900,41419.21
D,^GSPC,0.98buythedip,72,4/11/25,35023,23900,44646.37
D,^GSPC,0.98buythedip,73,4/11/25,35023,23900,42361.69
D,^GSPC,0.98buythedip,74,4/11/25,35023,23900,42574.3
D,^GSPC,0.98buythedip,75,4/11/25,35023,23900,41300.79
D,^GSPC,0.98buythedip,76,4/11/25,35023,23900,42583.32
D,^GSPC,0.98buythedip,77,4/11/25,35023,23900,44277.82
D,^GSPC,0.98buythedip,78,4/11/25,35023,23900,43257.02
D,^GSPC,0.98buythedip,79,4/11/25,35023,23900,43662.07
D,^GSPC,0.98buythedip,80,4/11/25,35023,23900,43330.17
D,^GSPC,0.98buythedip,81,4/11/25,35023,23900,42635.31
D,^GSPC,0.98buythedip,82,4/11/25,35023,23900,45071.67
D,^GSPC,0.98buythedip,83,4/11/25,35023,23900,42053.24
D,^GSPC,0.98buythedip,84,4/11/25,35023,23900,43147.53
D,^GSPC,0.98buythedip,85,4/11/25,35023,23900,44200.3
D,^GSPC,0.98buythedip,86,4/11/25,35023,23900,42415.07
D,^GSPC,0.98buythedip,87,4/11/25,35023,23900,44517.87
D,^GSPC,0.98buythedip,88,4/11/25,35023,23900,41807.25
D,^GSPC,0.98buythedip,89,4/11/25,35023,23900,41984.98
D,^GSPC,0.98buythedip,90,4/11/25,35023,23900,42421.36
D,^GSPC,0.98buythedip,91,4/11/25,35023,23900,40344.51
D,^GSPC,0.98buythedip,92,4/11/25,35023,23900,42295.2
D,^GSPC,0.98buythedip,93,4/11/25,35023,23900,44434.55
D,^GSPC,0.98buythedip,94,4/11/25,35023,23900,43521.41
D,^GSPC,0.98buythedip,95,4/11/25,35023,23900,42821.08
D,^GSPC,0.98buythedip,96,4/11/25,35023,23900,43013.8
D,^GSPC,0.98buythedip,97,4/11/25,35023,23900,46509.19
D,^GSPC,0.98buythedip,98,4/11/25,35023,23900,43632.32
D,^GSPC,0.98buythedip,99,4/11/25,35023,23900,42250.29
D,^GSPC,0.98buythedip,100,4/11/25,35023,23900,44549.24
D,^GSPC,complexbuythedip,1,4/11/25,43335.46,18200,41972.41
D,^GSPC,complexbuythedip,2,4/11/25,43335.46,18200,42822.76
D,^GSPC,complexbuythedip,3,4/11/25,43335.46,18200,41552.49
D,^GSPC,complexbuythedip,4,4/11/25,43335.46,18200,44473.75
D,^GSPC,complexbuythedip,5,4/11/25,43335.46,18200,43723.49
D,^GSPC,complexbuythedip,6,4/11/25,43335.46,18200,41170
D,^GSPC,complexbuythedip,7,4/11/25,43335.46,18200,43140.79
D,^GSPC,complexbuythedip,8,4/11/25,43335.46,18200,43526.21
D,^GSPC,complexbuythedip,9,4/11/25,43335.46,18200,46075.46
D,^GSPC,complexbuythedip,10,4/11/25,43335.46,18200,41408.58
D,^GSPC,complexbuythedip,11,4/11/25,43335.46,18200,44730.35
D,^GSPC,complexbuythedip,12,4/11/25,43335.46,18200,42590.74
D,^GSPC,complexbuythedip,13,4/11/25,43335.46,18200,41751.66
D,^GSPC,complexbuythedip,14,4/11/25,43335.46,18200,43062.99
D,^GSPC,complexbuythedip,15,4/11/25,43335.46,18200,41772.71
D,^GSPC,complexbuythedip,16,4/11/25,43335.46,18200,44135.16
D,^GSPC,complexbuythedip,17,4/11/25,43335.46,18200,41351.87
D,^GSPC,complexbuythedip,18,4/11/25,43335.46,18200,40223.59
D,^GSPC,complexbuythedip,19,4/11/25,43335.46,18200,42692.54
D,^GSPC,complexbuythedip,20,4/11/25,43335.46,18200,47153.15
D,^GSPC,complexbuythedip,21,4/11/25,43335.46,18200,43695.24
D,^GSPC,complexbuythedip,22,4/11/25,43335.46,18200,44668.37
D,^GSPC,complexbuythedip,23,4/11/25,43335.46,18200,43373.6
D,^GSPC,complexbuythedip,24,4/11/25,43335.46,18200,42785.96
D,^GSPC,complexbuythedip,25,4/11/25,43335.46,18200,43378.26
D,^GSPC,complexbuythedip,26,4/11/25,43335.46,18200,47334.07
D,^GSPC,complexbuythedip,27,4/11/25,43335.46,18200,44337.3
D,^GSPC,complexbuythedip,28,4/11/25,43335.46,18200,43427.02
D,^GSPC,complexbuythedip,29,4/11/25,43335.46,18200,44763.78
D,^GSPC,complexbuythedip,30,4/11/25,43335.46,18200,42451.3
D,^GSPC,complexbuythedip,31,4/11/25,43335.46,18200,43427.25
D,^GSPC,complexbuythedip,32,4/11/25,43335.46,18200,46598.29
D,^GSPC,complexbuythedip,33,4/11/25,43335.46,18200,43973.57
D,^GSPC,complexbuythedip,34,4/11/25,43335.46,18200,40970.6
D,^GSPC,complexbuythedip,35,4/11/25,43335.46,18200,42920.74
D,^GSPC,complexbuythedip,36,4/11/25,43335.46,18200,42909.22
D,^GSPC,complexbuythedip,37,4/11/25,43335.46,18200,44760.88
D,^GSPC,complexbuythedip,38,4/11/25,43335.46,18200,43448.32
D,^GSPC,complexbuythedip,39,4/11/25,43335.46,18200,44747.36
D,^GSPC,complexbuythedip,40,4/11/25,43335.46,18200,42511.81
D,^GSPC,complexbuythedip,41,4/11/25,43335.46,18200,43644.44
D,^GSPC,complexbuythedip,42,4/11/25,43335.46,18200,44149.51
D,^GSPC,complexbuythedip,43,4/11/25,43335.46,18200,45362.46
D,^GSPC,complexbuythedip,44,4/11/25,43335.46,18200,44760.21
D,^GSPC,complexbuythedip,45,4/11/25,43335.46,18200,44908.29
D,^GSPC,complexbuythedip,46,4/11/25,43335.46,18200,44532.62
D,^GSPC,complexbuythedip,47,4/11/25,43335.46,18200,41814.64
D,^GSPC,complexbuythedip,48,4/11/25,43335.46,18200,43064.39
D,^GSPC,complexbuythedip,49,4/11/25,43335.46,18200,42697.57
D,^GSPC,complexbuythedip,50,4/11/25,43335.46,18200,43238.86
D,^GSPC,complexbuythedip,51,4/11/25,43335.46,18200,39667.81
D,^GSPC,complexbuythedip,52,4/11/25,43335.46,18200,45649.5
D,^GSPC,complexbuythedip,53,4/11/25,43335.46,18200,42559.46
D,^GSPC,complexbuythedip,54,4/11/25,43335.46,18200,41085.48
D,^GSPC,complexbuythedip,55,4/11/25,43335.46,18200,42325.18
D,^GSPC,complexbuythedip,56,4/11/25,43335.46,18200,44039.78
D,^GSPC,complexbuythedip,57,4/11/25,43335.46,18200,44397.9
D,^GSPC,complexbuythedip,58,4/11/25,43335.46,18200,45274.6
D,^GSPC,complexbuythedip,59,4/11/25,43335.46,18200,43906.12
D,^GSPC,complexbuythedip,60,4/11/25,43335.46,18200,42577.64
D,^GSPC,complexbuythedip,61,4/11/25,43335.46,18200,42496.54
D,^GSPC,complexbuythedip,62,4/11/25,43335.46,18200,43288.24
D,^GSPC,complexbuythedip,63,4/11/25,43335.46,18200,43519.39
D,^GSPC,complexbuythedip,64,4/11/25,43335.46,18200,45668.99
D,^GSPC,complexbuythedip,65,4/11/25,43335.46,18200,41750.12
D,^GSPC,complexbuythedip,66,4/11/25,43335.46,18200,43831.46
D,^GSPC,complexbuythedip,67,4/11/25,43335.46,18200,44325.42
D,^GSPC,complexbuythedip,68,4/11/25,43335.46,18200,41533.94
D,^GSPC,complexbuythedip,69,4/11/25,43335.46,18200,42918.65
D,^GSPC,complexbuythedip,70,4/11/25,43335.46,18200,44610.48
D,^GSPC,complexbuythedip,71,4/11/25,43335.46,18200,41419.21
D,^GSPC,complexbuythedip,72,4/11/25,43335.46,18200,44646.37
D,^GSPC,complexbuythedip,73,4/11/25,43335.46,18200,42361.69
D,^GSPC,complexbuythedip,74,4/11/25,43335.46,18200,42574.3
D,^GSPC,complexbuythedip,75,4/11/25,43335.46,18200,41300.79
D,^GSPC,complexbuythedip,76,4/11/25,43335.46,18200,42583.32
D,^GSPC,complexbuythedip,77,4/11/25,43335.46,18200,44277.82
D,^GSPC,complexbuythedip,78,4/11/25,43335.46,18200,43257.02
D,^GSPC,complexbuythedip,79,4/11/25,43335.46,18200,43662.07
D,^GSPC,complexbuythedip,80,4/11/25,43335.46,18200,43330.17
D,^GSPC,complexbuythedip,81,4/11/25,43335.46,18200,42635.31
D,^GSPC,complexbuythedip,82,4/11/25,43335.46,18200,45071.67
D,^GSPC,complexbuythedip,83,4/11/25,43335.46,18200,42053.24
D,^GSPC,complexbuythedip,84,4/11/25,43335.46,18200,43147.53
D,^GSPC,complexbuythedip,85,4/11/25,43335.46,18200,44200.3
D,^GSPC,complexbuythedip,86,4/11/25,43335.46,18200,42415.07
D,^GSPC,complexbuythedip,87,4/11/25,43335.46,18200,44517.87
D,^GSPC,complexbuythedip,88,4/11/25,43335.46,18200,41807.25
D,^GSPC,complexbuythedip,89,4/11/25,43335.46,18200,41984.98
D,^GSPC,complexbuythedip,90,4/11/25,43335.46,18200,42421.36
D,^GSPC,complexbuythedip,91,4/11/25,43335.46,18200,40344.51
D,^GSPC,complexbuythedip,92,4/11/25,43335.46,18200,42295.2
D,^GSPC,complexbuythedip,93,4/11/25,43335.46,18200,44434.55
D,^GSPC,complexbuythedip,94,4/11/25,43335.46,18200,43521.41
D,^GSPC,complexbuythedip,95,4/11/25,43335.46,18200,42821.08
D,^GSPC,complexbuythedip,96,4/11/25,43335.46,18200,43013.8
D,^GSPC,complexbuythedip,97,4/11/25,43335.46,18200,46509.19
D,^GSPC,complexbuythedip,98,4/11/25,43335.46,18200,43632.32
D,^GSPC,complexbuythedip,99,4/11/25,43335.46,18200,42250.29
D,^GSPC,complexbuythedip,100,4/11/25,43335.46,18200,44549.24