Scenario,Asset,Strategy,Seed,Final Date,Final Value,Total Invested,Random Value
A,^GSPC,first,1,4/11/25,2684.99,2500,2646.13
A,^GSPC,first,2,4/11/25,2684.99,2500,2666.6
A,^GSPC,first,3,4/11/25,2684.99,2500,2608.15
A,^GSPC,first,4,4/11/25,2684.99,2500,2793.15
A,^GSPC,first,5,4/11/25,2684.99,2500,2670.39
A,^GSPC,first,6,4/11/25,2684.99,2500,2675.61
A,^GSPC,first,7,4/11/25,2684.99,2500,2735.55
A,^GSPC,first,8,4/11/25,2684.99,2500,2665.74
A,^GSPC,first,9,4/11/25,2684.99,2500,2654.89
A,^GSPC,first,10,4/11/25,2684.99,2500,2653.06
A,^GSPC,first,11,4/11/25,2684.99,2500,2618.05
A,^GSPC,first,12,4/11/25,2684.99,2500,2575.47
A,^GSPC,first,13,4/11/25,2684.99,2500,2777.62
A,^GSPC,first,14,4/11/25,2684.99,2500,2713.31
A,^GSPC,first,15,4/11/25,2684.99,2500,2797.73
A,^GSPC,first,16,4/11/25,2684.99,2500,2700.95
A,^GSPC,first,17,4/11/25,2684.99,2500,2717.15
A,^GSPC,first,18,4/11/25,2684.99,2500,2764.18
A,^GSPC,first,19,4/11/25,2684.99,2500,2739.65
A,^GSPC,first,20,4/11/25,2684.99,2500,2690.84
A,^GSPC,first,21,4/11/25,2684.99,2500,2682.4
A,^GSPC,first,22,4/11/25,2684.99,2500,2747.3
A,^GSPC,first,23,4/11/25,2684.99,2500,2698.62
A,^GSPC,first,24,4/11/25,2684.99,2500,2736.67
A,^GSPC,first,25,4/11/25,2684.99,2500,2693.03
A,^GSPC,first,26,4/11/25,2684.99,2500,2718.9
A,^GSPC,first,27,4/11/25,2684.99,2500,2726.54
A,^GSPC,first,28,4/11/25,2684.99,2500,2772.47
A,^GSPC,first,29,4/11/25,2684.99,2500,2649.39
A,^GSPC,first,30,4/11/25,2684.99,2500,2716.8
A,^GSPC,first,31,4/11/25,2684.99,2500,2783.52
A,^GSPC,first,32,4/11/25,2684.99,2500,2722.86
A,^GSPC,first,33,4/11/25,2684.99,2500,2613.88
A,^GSPC,first,34,4/11/25,2684.99,2500,2711.45
A,^GSPC,first,35,4/11/25,2684.99,2500,2692.41
A,^GSPC,first,36,4/11/25,2684.99,2500,2670.77
A,^GSPC,first,37,4/11/25,2684.99,2500,2614.26
A,^GSPC,first,38,4/11/25,2684.99,2500,2642.83
A,^GSPC,first,39,4/11/25,2684.99,2500,2729.48
A,^GSPC,first,40,4/11/25,2684.99,2500,2726.87
A,^GSPC,first,41,4/11/25,2684.99,2500,2758.09
A,^GSPC,first,42,4/11/25,2684.99,2500,2800.44
A,^GSPC,first,43,4/11/25,2684.99,2500,2622.42
A,^GSPC,first,44,4/11/25,2684.99,2500,2667.57
A,^GSPC,first,45,4/11/25,2684.99,2500,2813.09
A,^GSPC,first,46,4/11/25,2684.99,2500,2733.57
A,^GSPC,first,47,4/11/25,2684.99,2500,2616.72
A,^GSPC,first,48,4/11/25,2684.99,2500,2688.75
A,^GSPC,first,49,4/11/25,2684.99,2500,2686.21
A,^GSPC,first,50,4/11/25,2684.99,2500,2612.36
A,^GSPC,first,51,4/11/25,2684.99,2500,2617.71
A,^GSPC,first,52,4/11/25,2684.99,2500,2731.71
A,^GSPC,first,53,4/11/25,2684.99,2500,2719.09
A,^GSPC,first,54,4/11/25,2684.99,2500,2583.99
A,^GSPC,first,55,4/11/25,2684.99,2500,2693.08
A,^GSPC,first,56,4/11/25,2684.99,2500,2653.66
A,^GSPC,first,57,4/11/25,2684.99,2500,2580.71
A,^GSPC,first,58,4/11/25,2684.99,2500,2663.37
A,^GSPC,first,59,4/11/25,2684.99,2500,2740.05
A,^GSPC,first,60,4/11/25,2684.99,2500,2774.43
A,^GSPC,first,61,4/11/25,2684.99,2500,2703.53
A,^GSPC,first,62,4/11/25,2684.99,2500,2733.53
A,^GSPC,first,63,4/11/25,2684.99,2500,2729.68
A,^GSPC,first,64,4/11/25,2684.99,2500,2766.49
A,^GSPC,first,65,4/11/25,2684.99,2500,2648.17
A,^GSPC,first,66,4/11/25,2684.99,2500,2704.51
A,^GSPC,first,67,4/11/25,2684.99,2500,2719.02
A,^GSPC,first,68,4/11/25,2684.99,2500,2617.92
A,^GSPC,first,69,4/11/25,2684.99,2500,2566.28
A,^GSPC,first,70,4/11/25,2684.99,2500,2767.21
A,^GSPC,first,71,4/11/25,2684.99,2500,2734.78
A,^GSPC,first,72,4/11/25,2684.99,2500,2685.41
A,^GSPC,first,73,4/11/25,2684.99,2500,2663.36
A,^GSPC,first,74,4/11/25,2684.99,2500,2736.13
A,^GSPC,first,75,4/11/25,2684.99,2500,2558.11
A,^GSPC,first,76,4/11/25,2684.99,2500,2757.28
A,^GSPC,first,77,4/11/25,2684.99,2500,2739.04
A,^GSPC,first,78,4/11/25,2684.99,2500,2704.61
A,^GSPC,first,79,4/11/25,2684.99,2500,2727.67
A,^GSPC,first,80,4/11/25,2684.99,2500,2619.18
A,^GSPC,first,81,4/11/25,2684.99,2500,2711.91
A,^GSPC,first,82,4/11/25,2684.99,2500,2742.24
A,^GSPC,first,83,4/11/25,2684.99,2500,2795.44
A,^GSPC,first,84,4/11/25,2684.99,2500,2600.88
A,^GSPC,first,85,4/11/25,2684.99,2500,2631.13
A,^GSPC,first,86,4/11/25,2684.99,2500,2719.22
A,^GSPC,first,87,4/11/25,2684.99,2500,2724.04
A,^GSPC,first,88,4/11/25,2684.99,2500,2732.7
A,^GSPC,first,89,4/11/25,2684.99,2500,2708.19
A,^GSPC,first,90,4/11/25,2684.99,2500,2611.65
A,^GSPC,first,91,4/11/25,2684.99,2500,2619.24
A,^GSPC,first,92,4/11/25,2684.99,2500,2670.1
A,^GSPC,first,93,4/11/25,2684.99,2500,2661.64
A,^GSPC,first,94,4/11/25,2684.99,2500,2680.82
A,^GSPC,first,95,4/11/25,2684.99,2500,2668.12
A,^GSPC,first,96,4/11/25,2684.99,2500,2743.63
A,^GSPC,first,97,4/11/25,2684.99,2500,2751.76
A,^GSPC,first,98,4/11/25,2684.99,2500,2663.55
A,^GSPC,first,99,4/11/25,2684.99,2500,2646.25
A,^GSPC,first,100,4/11/25,2684.99,2500,2734.56
A,^GSPC,losing,1,4/11/25,2800.51,2600,2646.13
A,^GSPC,losing,2,4/11/25,2800.51,2600,2666.6
A,^GSPC,losing,3,4/11/25,2800.51,2600,2608.15
A,^GSPC,losing,4,4/11/25,2800.51,2600,2793.15
A,^GSPC,losing,5,4/11/25,2800.51,2600,2670.39
A,^GSPC,losing,6,4/11/25,2800.51,2600,2675.61
A,^GSPC,losing,7,4/11/25,2800.51,2600,2735.55
A,^GSPC,losing,8,4/11/25,2800.51,2600,2665.74
A,^GSPC,losing,9,4/11/25,2800.51,2600,2654.89
A,^GSPC,losing,10,4/11/25,2800.51,2600,2653.06
A,^GSPC,losing,11,4/11/25,2800.51,2600,2618.05
A,^GSPC,losing,12,4/11/25,2800.51,2600,2575.47
A,^GSPC,losing,13,4/11/25,2800.51,2600,2777.62
A,^GSPC,losing,14,4/11/25,2800.51,2600,2713.31
A,^GSPC,losing,15,4/11/25,2800.51,2600,2797.73
A,^GSPC,losing,16,4/11/25,2800.51,2600,2700.95
A,^GSPC,losing,17,4/11/25,2800.51,2600,2717.15
A,^GSPC,losing,18,4/11/25,2800.51,2600,2764.18
A,^GSPC,losing,19,4/11/25,2800.51,2600,2739.65
A,^GSPC,losing,20,4/11/25,2800.51,2600,2690.84
A,^GSPC,losing,21,4/11/25,2800.51,2600,2682.4
A,^GSPC,losing,22,4/11/25,2800.51,2600,2747.3
A,^GSPC,losing,23,4/11/25,2800.51,2600,2698.62
A,^GSPC,losing,24,4/11/25,2800.51,2600,2736.67
A,^GSPC,losing,25,4/11/25,2800.51,2600,2693.03
A,^GSPC,losing,26,4/11/25,2800.51,2600,2718.9
A,^GSPC,losing,27,4/11/25,2800.51,2600,2726.54
A,^GSPC,losing,28,4/11/25,2800.51,2600,2772.47
A,^GSPC,losing,29,4/11/25,2800.51,2600,2649.39
A,^GSPC,losing,30,4/11/25,2800.51,2600,2716.8
A,^GSPC,losing,31,4/11/25,2800.51,2600,2783.52
A,^GSPC,losing,32,4/11/25,2800.51,2600,2722.86
A,^GSPC,losing,33,4/11/25,2800.51,2600,2613.88
A,^GSPC,losing,34,4/11/25,2800.51,2600,2711.45
A,^GSPC,losing,35,4/11/25,2800.51,2600,2692.41
A,^GSPC,losing,36,4/11/25,2800.51,2600,2670.77
A,^GSPC,losing,37,4/11/25,2800.51,2600,2614.26
A,^GSPC,losing,38,4/11/25,2800.51,2600,2642.83
A,^GSPC,losing,39,4/11/25,2800.51,2600,2729.48
A,^GSPC,losing,40,4/11/25,2800.51,2600,2726.87
A,^GSPC,losing,41,4/11/25,2800.51,2600,2758.09
A,^GSPC,losing,42,4/11/25,2800.51,2600,2800.44
A,^GSPC,losing,43,4/11/25,2800.51,2600,2622.42
A,^GSPC,losing,44,4/11/25,2800.51,2600,2667.57
A,^GSPC,losing,45,4/11/25,2800.51,2600,2813.09
A,^GSPC,losing,46,4/11/25,2800.51,2600,2733.57
A,^GSPC,losing,47,4/11/25,2800.51,2600,2616.72
A,^GSPC,losing,48,4/11/25,2800.51,2600,2688.75
A,^GSPC,losing,49,4/11/25,2800.51,2600,2686.21
A,^GSPC,losing,50,4/11/25,2800.51,2600,2612.36
A,^GSPC,losing,51,4/11/25,2800.51,2600,2617.71
A,^GSPC,losing,52,4/11/25,2800.51,2600,2731.71
A,^GSPC,losing,53,4/11/25,2800.51,2600,2719.09
A,^GSPC,losing,54,4/11/25,2800.51,2600,2583.99
A,^GSPC,losing,55,4/11/25,2800.51,2600,2693.08
A,^GSPC,losing,56,4/11/25,2800.51,2600,2653.66
A,^GSPC,losing,57,4/11/25,2800.51,2600,2580.71
A,^GSPC,losing,58,4/11/25,2800.51,2600,2663.37
A,^GSPC,losing,59,4/11/25,2800.51,2600,2740.05
A,^GSPC,losing,60,4/11/25,2800.51,2600,2774.43
A,^GSPC,losing,61,4/11/25,2800.51,2600,2703.53
A,^GSPC,losing,62,4/11/25,2800.51,2600,2733.53
A,^GSPC,losing,63,4/11/25,2800.51,2600,2729.68
A,^GSPC,losing,64,4/11/25,2800.51,2600,2766.49
A,^GSPC,losing,65,4/11/25,2800.51,2600,2648.17
A,^GSPC,losing,66,4/11/25,2800.51,2600,2704.51
A,^GSPC,losing,67,4/11/25,2800.51,2600,2719.02
A,^GSPC,losing,68,4/11/25,2800.51,2600,2617.92
A,^GSPC,losing,69,4/11/25,2800.51,2600,2566.28
A,^GSPC,losing,70,4/11/25,2800.51,2600,2767.21
A,^GSPC,losing,71,4/11/25,2800.51,2600,2734.78
A,^GSPC,losing,72,4/11/25,2800.51,2600,2685.41
A,^GSPC,losing,73,4/11/25,2800.51,2600,2663.36
A,^GSPC,losing,74,4/11/25,2800.51,2600,2736.13
A,^GSPC,losing,75,4/11/25,2800.51,2600,2558.11
A,^GSPC,losing,76,4/11/25,2800.51,2600,2757.28
A,^GSPC,losing,77,4/11/25,2800.51,2600,2739.04
A,^GSPC,losing,78,4/11/25,2800.51,2600,2704.61
A,^GSPC,losing,79,4/11/25,2800.51,2600,2727.67
A,^GSPC,losing,80,4/11/25,2800.51,2600,2619.18
A,^GSPC,losing,81,4/11/25,2800.51,2600,2711.91
A,^GSPC,losing,82,4/11/25,2800.51,2600,2742.24
A,^GSPC,losing,83,4/11/25,2800.51,2600,2795.44
A,^GSPC,losing,84,4/11/25,2800.51,2600,2600.88
A,^GSPC,losing,85,4/11/25,2800.51,2600,2631.13
A,^GSPC,losing,86,4/11/25,2800.51,2600,2719.22
A,^GSPC,losing,87,4/11/25,2800.51,2600,2724.04
A,^GSPC,losing,88,4/11/25,2800.51,2600,2732.7
A,^GSPC,losing,89,4/11/25,2800.51,2600,2708.19
A,^GSPC,losing,90,4/11/25,2800.51,2600,2611.65
A,^GSPC,losing,91,4/11/25,2800.51,2600,2619.24
A,^GSPC,losing,92,4/11/25,2800.51,2600,2670.1
A,^GSPC,losing,93,4/11/25,2800.51,2600,2661.64
A,^GSPC,losing,94,4/11/25,2800.51,2600,2680.82
A,^GSPC,losing,95,4/11/25,2800.51,2600,2668.12
A,^GSPC,losing,96,4/11/25,2800.51,2600,2743.63
A,^GSPC,losing,97,4/11/25,2800.51,2600,2751.76
A,^GSPC,losing,98,4/11/25,2800.51,2600,2663.55
A,^GSPC,losing,99,4/11/25,2800.51,2600,2646.25
A,^GSPC,losing,100,4/11/25,2800.51,2600,2734.56
A,^GSPC,growing,1,4/11/25,2702.64,2500,2646.13
A,^GSPC,growing,2,4/11/25,2702.64,2500,2666.6
A,^GSPC,growing,3,4/11/25,2702.64,2500,2608.15
A,^GSPC,growing,4,4/11/25,2702.64,2500,2793.15
A,^GSPC,growing,5,4/11/25,2702.64,2500,2670.39
A,^GSPC,growing,6,4/11/25,2702.64,2500,2675.61
A,^GSPC,growing,7,4/11/25,2702.64,2500,2735.55
A,^GSPC,growing,8,4/11/25,2702.64,2500,2665.74
A,^GSPC,growing,9,4/11/25,2702.64,2500,2654.89
A,^GSPC,growing,10,4/11/25,2702.64,2500,2653.06
A,^GSPC,growing,11,4/11/25,2702.64,2500,2618.05
A,^GSPC,growing,12,4/11/25,2702.64,2500,2575.47
A,^GSPC,growing,13,4/11/25,2702.64,2500,2777.62
A,^GSPC,growing,14,4/11/25,2702.64,2500,2713.31
A,^GSPC,growing,15,4/11/25,2702.64,2500,2797.73
A,^GSPC,growing,16,4/11/25,2702.64,2500,2700.95
A,^GSPC,growing,17,4/11/25,2702.64,2500,2717.15
A,^GSPC,growing,18,4/11/25,2702.64,2500,2764.18
A,^GSPC,growing,19,4/11/25,2702.64,2500,2739.65
A,^GSPC,growing,20,4/11/25,2702.64,2500,2690.84
A,^GSPC,growing,21,4/11/25,2702.64,2500,2682.4
A,^GSPC,growing,22,4/11/25,2702.64,2500,2747.3
A,^GSPC,growing,23,4/11/25,2702.64,2500,2698.62
A,^GSPC,growing,24,4/11/25,2702.64,2500,2736.67
A,^GSPC,growing,25,4/11/25,2702.64,2500,2693.03
A,^GSPC,growing,26,4/11/25,2702.64,2500,2718.9
A,^GSPC,growing,27,4/11/25,2702.64,2500,2726.54
A,^GSPC,growing,28,4/11/25,2702.64,2500,2772.47
A,^GSPC,growing,29,4/11/25,2702.64,2500,2649.39
A,^GSPC,growing,30,4/11/25,2702.64,2500,2716.8
A,^GSPC,growing,31,4/11/25,2702.64,2500,2783.52
A,^GSPC,growing,32,4/11/25,2702.64,2500,2722.86
A,^GSPC,growing,33,4/11/25,2702.64,2500,2613.88
A,^GSPC,growing,34,4/11/25,2702.64,2500,2711.45
A,^GSPC,growing,35,4/11/25,2702.64,2500,2692.41
A,^GSPC,growing,36,4/11/25,2702.64,2500,2670.77
A,^GSPC,growing,37,4/11/25,2702.64,2500,2614.26
A,^GSPC,growing,38,4/11/25,2702.64,2500,2642.83
A,^GSPC,growing,39,4/11/25,2702.64,2500,2729.48
A,^GSPC,growing,40,4/11/25,2702.64,2500,2726.87
A,^GSPC,growing,41,4/11/25,2702.64,2500,2758.09
A,^GSPC,growing,42,4/11/25,2702.64,2500,2800.44
A,^GSPC,growing,43,4/11/25,2702.64,2500,2622.42
A,^GSPC,growing,44,4/11/25,2702.64,2500,2667.57
A,^GSPC,growing,45,4/11/25,2702.64,2500,2813.09
A,^GSPC,growing,46,4/11/25,2702.64,2500,2733.57
A,^GSPC,growing,47,4/11/25,2702.64,2500,2616.72
A,^GSPC,growing,48,4/11/25,2702.64,2500,2688.75
A,^GSPC,growing,49,4/11/25,2702.64,2500,2686.21
A,^GSPC,growing,50,4/11/25,2702.64,2500,2612.36
A,^GSPC,growing,51,4/11/25,2702.64,2500,2617.71
A,^GSPC,growing,52,4/11/25,2702.64,2500,2731.71
A,^GSPC,growing,53,4/11/25,2702.64,2500,2719.09
A,^GSPC,growing,54,4/11/25,2702.64,2500,2583.99
A,^GSPC,growing,55,4/11/25,2702.64,2500,2693.08
A,^GSPC,growing,56,4/11/25,2702.64,2500,2653.66
A,^GSPC,growing,57,4/11/25,2702.64,2500,2580.71
A,^GSPC,growing,58,4/11/25,2702.64,2500,2663.37
A,^GSPC,growing,59,4/11/25,2702.64,2500,2740.05
A,^GSPC,growing,60,4/11/25,2702.64,2500,2774.43
A,^GSPC,growing,61,4/11/25,2702.64,2500,2703.53
A,^GSPC,growing,62,4/11/25,2702.64,2500,2733.53
A,^GSPC,growing,63,4/11/25,2702.64,2500,2729.68
A,^GSPC,growing,64,4/11/25,2702.64,2500,2766.49
A,^GSPC,growing,65,4/11/25,2702.64,2500,2648.17
A,^GSPC,growing,66,4/11/25,2702.64,2500,2704.51
A,^GSPC,growing,67,4/11/25,2702.64,2500,2719.02
A,^GSPC,growing,68,4/11/25,2702.64,2500,2617.92
A,^GSPC,growing,69,4/11/25,2702.64,2500,2566.28
A,^GSPC,growing,70,4/11/25,2702.64,2500,2767.21
A,^GSPC,growing,71,4/11/25,2702.64,2500,2734.78
A,^GSPC,growing,72,4/11/25,2702.64,2500,2685.41
A,^GSPC,growing,73,4/11/25,2702.64,2500,2663.36
A,^GSPC,growing,74,4/11/25,2702.64,2500,2736.13
A,^GSPC,growing,75,4/11/25,2702.64,2500,2558.11
A,^GSPC,growing,76,4/11/25,2702.64,2500,2757.28
A,^GSPC,growing,77,4/11/25,2702.64,2500,2739.04
A,^GSPC,growing,78,4/11/25,2702.64,2500,2704.61
A,^GSPC,growing,79,4/11/25,2702.64,2500,2727.67
A,^GSPC,growing,80,4/11/25,2702.64,2500,2619.18
A,^GSPC,growing,81,4/11/25,2702.64,2500,2711.91
A,^GSPC,growing,82,4/11/25,2702.64,2500,2742.24
A,^GSPC,growing,83,4/11/25,2702.64,2500,2795.44
A,^GSPC,growing,84,4/11/25,2702.64,2500,2600.88
A,^GSPC,growing,85,4/11/25,2702.64,2500,2631.13
A,^GSPC,growing,86,4/11/25,2702.64,2500,2719.22
A,^GSPC,growing,87,4/11/25,2702.64,2500,2724.04
A,^GSPC,growing,88,4/11/25,2702.64,2500,2732.7
A,^GSPC,growing,89,4/11/25,2702.64,2500,2708.19
A,^GSPC,growing,90,4/11/25,2702.64,2500,2611.65
A,^GSPC,growing,91,4/11/25,2702.64,2500,2619.24
A,^GSPC,growing,92,4/11/25,2702.64,2500,2670.1
A,^GSPC,growing,93,4/11/25,2702.64,2500,2661.64
A,^GSPC,growing,94,4/11/25,2702.64,2500,2680.82
A,^GSPC,growing,95,4/11/25,2702.64,2500,2668.12
A,^GSPC,growing,96,4/11/25,2702.64,2500,2743.63
A,^GSPC,growing,97,4/11/25,2702.64,2500,2751.76
A,^GSPC,growing,98,4/11/25,2702.64,2500,2663.55
A,^GSPC,growing,99,4/11/25,2702.64,2500,2646.25
A,^GSPC,growing,100,4/11/25,2702.64,2500,2734.56
A,^GSPC,buythedip,1,4/11/25,129.62,100,2646.13
A,^GSPC,buythedip,2,4/11/25,129.62,100,2666.6
A,^GSPC,buythedip,3,4/11/25,129.62,100,2608.15
A,^GSPC,buythedip,4,4/11/25,129.62,100,2793.15
A,^GSPC,buythedip,5,4/11/25,129.62,100,2670.39
A,^GSPC,buythedip,6,4/11/25,129.62,100,2675.61
A,^GSPC,buythedip,7,4/11/25,129.62,100,2735.55
A,^GSPC,buythedip,8,4/11/25,129.62,100,2665.74
A,^GSPC,buythedip,9,4/11/25,129.62,100,2654.89
A,^GSPC,buythedip,10,4/11/25,129.62,100,2653.06
A,^GSPC,buythedip,11,4/11/25,129.62,100,2618.05
A,^GSPC,buythedip,12,4/11/25,129.62,100,2575.47
A,^GSPC,buythedip,13,4/11/25,129.62,100,2777.62
A,^GSPC,buythedip,14,4/11/25,129.62,100,2713.31
A,^GSPC,buythedip,15,4/11/25,129.62,100,2797.73
A,^GSPC,buythedip,16,4/11/25,129.62,100,2700.95
A,^GSPC,buythedip,17,4/11/25,129.62,100,2717.15
A,^GSPC,buythedip,18,4/11/25,129.62,100,2764.18
A,^GSPC,buythedip,19,4/11/25,129.62,100,2739.65
A,^GSPC,buythedip,20,4/11/25,129.62,100,2690.84
A,^GSPC,buythedip,21,4/11/25,129.62,100,2682.4
A,^GSPC,buythedip,22,4/11/25,129.62,100,2747.3
A,^GSPC,buythedip,23,4/11/25,129.62,100,2698.62
A,^GSPC,buythedip,24,4/11/25,129.62,100,2736.67
A,^GSPC,buythedip,25,4/11/25,129.62,100,2693.03
A,^GSPC,buythedip,26,4/11/25,129.62,100,2718.9
A,^GSPC,buythedip,27,4/11/25,129.62,100,2726.54
A,^GSPC,buythedip,28,4/11/25,129.62,100,2772.47
A,^GSPC,buythedip,29,4/11/25,129.62,100,2649.39
A,^GSPC,buythedip,30,4/11/25,129.62,100,2716.8
A,^GSPC,buythedip,31,4/11/25,129.62,100,2783.52
A,^GSPC,buythedip,32,4/11/25,129.62,100,2722.86
A,^GSPC,buythedip,33,4/11/25,129.62,100,2613.88
A,^GSPC,buythedip,34,4/11/25,129.62,100,2711.45
A,^GSPC,buythedip,35,4/11/25,129.62,100,2692.41
A,^GSPC,buythedip,36,4/11/25,129.62,100,2670.77
A,^GSPC,buythedip,37,4/11/25,129.62,100,2614.26
A,^GSPC,buythedip,38,4/11/25,129.62,100,2642.83
A,^GSPC,buythedip,39,4/11/25,129.62,100,2729.48
A,^GSPC,buythedip,40,4/11/25,129.62,100,2726.87
A,^GSPC,buythedip,41,4/11/25,129.62,100,2758.09
A,^GSPC,buythedip,42,4/11/25,129.62,100,2800.44
A,^GSPC,buythedip,43,4/11/25,129.62,100,2622.42
A,^GSPC,buythedip,44,4/11/25,129.62,100,2667.57
A,^GSPC,buythedip,45,4/11/25,129.62,100,2813.09
A,^GSPC,buythedip,46,4/11/25,129.62,100,2733.57
A,^GSPC,buythedip,47,4/11/25,129.62,100,2616.72
A,^GSPC,buythedip,48,4/11/25,129.62,100,2688.75
A,^GSPC,buythedip,49,4/11/25,129.62,100,2686.21
A,^GSPC,buythedip,50,4/11/25,129.62,100,2612.36
A,^GSPC,buythedip,51,4/11/25,129.62,100,2617.71
A,^GSPC,buythedip,52,4/11/25,129.62,100,2731.71
A,^GSPC,buythedip,53,4/11/25,129.62,100,2719.09
A,^GSPC,buythedip,54,4/11/25,129.62,100,2583.99
A,^GSPC,buythedip,55,4/11/25,129.62,100,2693.08
A,^GSPC,buythedip,56,4/11/25,129.62,100,2653.66
A,^GSPC,buythedip,57,4/11/25,129.62,100,2580.71
A,^GSPC,buythedip,58,4/11/25,129.62,100,2663.37
A,^GSPC,buythedip,59,4/11/25,129.62,100,2740.05
A,^GSPC,buythedip,60,4/11/25,129.62,100,2774.43
A,^GSPC,buythedip,61,4/11/25,129.62,100,2703.53
A,^GSPC,buythedip,62,4/11/25,129.62,100,2733.53
A,^GSPC,buythedip,63,4/11/25,129.62,100,2729.68
A,^GSPC,buythedip,64,4/11/25,129.62,100,2766.49
A,^GSPC,buythedip,65,4/11/25,129.62,100,2648.17
A,^GSPC,buythedip,66,4/11/25,129.62,100,2704.51
A,^GSPC,buythedip,67,4/11/25,129.62,100,2719.02
A,^GSPC,buythedip,68,4/11/25,129.62,100,2617.92
A,^GSPC,buythedip,69,4/11/25,129.62,100,2566.28
A,^GSPC,buythedip,70,4/11/25,129.62,100,2767.21
A,^GSPC,buythedip,71,4/11/25,129.62,100,2734.78
A,^GSPC,buythedip,72,4/11/25,129.62,100,2685.41
A,^GSPC,buythedip,73,4/11/25,129.62,100,2663.36
A,^GSPC,buythedip,74,4/11/25,129.62,100,2736.13
A,^GSPC,buythedip,75,4/11/25,129.62,100,2558.11
A,^GSPC,buythedip,76,4/11/25,129.62,100,2757.28
A,^GSPC,buythedip,77,4/11/25,129.62,100,2739.04
A,^GSPC,buythedip,78,4/11/25,129.62,100,2704.61
A,^GSPC,buythedip,79,4/11/25,129.62,100,2727.67
A,^GSPC,buythedip,80,4/11/25,129.62,100,2619.18
A,^GSPC,buythedip,81,4/11/25,129.62,100,2711.91
A,^GSPC,buythedip,82,4/11/25,129.62,100,2742.24
A,^GSPC,buythedip,83,4/11/25,129.62,100,2795.44
A,^GSPC,buythedip,84,4/11/25,129.62,100,2600.88
A,^GSPC,buythedip,85,4/11/25,129.62,100,2631.13
A,^GSPC,buythedip,86,4/11/25,129.62,100,2719.22
A,^GSPC,buythedip,87,4/11/25,129.62,100,2724.04
A,^GSPC,buythedip,88,4/11/25,129.62,100,2732.7
A,^GSPC,buythedip,89,4/11/25,129.62,100,2708.19
A,^GSPC,buythedip,90,4/11/25,129.62,100,2611.65
A,^GSPC,buythedip,91,4/11/25,129.62,100,2619.24
A,^GSPC,buythedip,92,4/11/25,129.62,100,2670.1
A,^GSPC,buythedip,93,4/11/25,129.62,100,2661.64
A,^GSPC,buythedip,94,4/11/25,129.62,100,2680.82
A,^GSPC,buythedip,95,4/11/25,129.62,100,2668.12
A,^GSPC,buythedip,96,4/11/25,129.62,100,2743.63
A,^GSPC,buythedip,97,4/11/25,129.62,100,2751.76
A,^GSPC,buythedip,98,4/11/25,129.62,100,2663.55
A,^GSPC,buythedip,99,4/11/25,129.62,100,2646.25
A,^GSPC,buythedip,100,4/11/25,129.62,100,2734.56
A,^GSPC,0.98buythedip,1,4/11/25,2522.62,4100,2646.13
A,^GSPC,0.98buythedip,2,4/11/25,2522.62,4100,2666.6
A,^GSPC,0.98buythedip,3,4/11/25,2522.62,4100,2608.15
A,^GSPC,0.98buythedip,4,4/11/25,2522.62,4100,2793.15
A,^GSPC,0.98buythedip,5,4/11/25,2522.62,4100,2670.39
A,^GSPC,0.98buythedip,6,4/11/25,2522.62,4100,2675.61
A,^GSPC,0.98buythedip,7,4/11/25,2522.62,4100,2735.55
A,^GSPC,0.98buythedip,8,4/11/25,2522.62,4100,2665.74
A,^GSPC,0.98buythedip,9,4/11/25,2522.62,4100,2654.89
A,^GSPC,0.98buythedip,10,4/11/25,2522.62,4100,2653.06
A,^GSPC,0.98buythedip,11,4/11/25,2522.62,4100,2618.05
A,^GSPC,0.98buythedip,12,4/11/25,2522.62,4100,2575.47
A,^GSPC,0.98buythedip,13,4/11/25,2522.62,4100,2777.62
A,^GSPC,0.98buythedip,14,4/11/25,2522.62,4100,2713.31
A,^GSPC,0.98buythedip,15,4/11/25,2522.62,4100,2797.73
A,^GSPC,0.98buythedip,16,4/11/25,2522.62,4100,2700.95
A,^GSPC,0.98buythedip,17,4/11/25,2522.62,4100,2717.15
A,^GSPC,0.98buythedip,18,4/11/25,2522.62,4100,2764.18
A,^GSPC,0.98buythedip,19,4/11/25,2522.62,4100,2739.65
A,^GSPC,0.98buythedip,20,4/11/25,2522.62,4100,2690.84
A,^GSPC,0.98buythedip,21,4/11/25,2522.62,4100,2682.4
A,^GSPC,0.98buythedip,22,4/11/25,2522.62,4100,2747.3
A,^GSPC,0.98buythedip,23,4/11/25,2522.62,4100,2698.62
A,^GSPC,0.98buythedip,24,4/11/25,2522.62,4100,2736.67
A,^GSPC,0.98buythedip,25,4/11/25,2522.62,4100,2693.03
A,^GSPC,0.98buythedip,26,4/11/25,2522.62,4100,2718.9
A,^GSPC,0.98buythedip,27,4/11/25,2522.62,4100,2726.54
A,^GSPC,0.98buythedip,28,4/11/25,2522.62,4100,2772.47
A,^GSPC,0.98buythedip,29,4/11/25,2522.62,4100,2649.39
A,^GSPC,0.98buythedip,30,4/11/25,2522.62,4100,2716.8
A,^GSPC,0.98buythedip,31,4/11/25,2522.62,4100,2783.52
A,^GSPC,0.98buythedip,32,4/11/25,2522.62,4100,2722.86
A,^GSPC,0.98buythedip,33,4/11/25,2522.62,4100,2613.88
A,^GSPC,0.98buythedip,34,4/11/25,2522.62,4100,2711.45
A,^GSPC,0.98buythedip,35,4/11/25,2522.62,4100,2692.41
A,^GSPC,0.98buythedip,36,4/11/25,2522.62,4100,2670.77
A,^GSPC,0.98buythedip,37,4/11/25,2522.62,4100,2614.26
A,^GSPC,0.98buythedip,38,4/11/25,2522.62,4100,2642.83
A,^GSPC,0.98buythedip,39,4/11/25,2522.62,4100,2729.48
A,^GSPC,0.98buythedip,40,4/11/25,2522.62,4100,2726.87
A,^GSPC,0.98buythedip,41,4/11/25,2522.62,4100,2758.09
A,^GSPC,0.98buythedip,42,4/11/25,2522.62,4100,2800.44
A,^GSPC,0.98buythedip,43,4/11/25,2522.62,4100,2622.42
A,^GSPC,0.98buythedip,44,4/11/25,2522.62,4100,2667.57
A,^GSPC,0.98buythedip,45,4/11/25,2522.62,4100,2813.09
A,^GSPC,0.98buythedip,46,4/11/25,2522.62,4100,2733.57
A,^GSPC,0.98buythedip,47,4/11/25,2522.62,4100,2616.72
A,^GSPC,0.98buythedip,48,4/11/25,2522.62,4100,2688.75
A,^GSPC,0.98buythedip,49,4/11/25,2522.62,4100,2686.21
A,^GSPC,0.98buythedip,50,4/11/25,2522.62,4100,2612.36
A,^GSPC,0.98buythedip,51,4/11/25,2522.62,4100,2617.71
A,^GSPC,0.98buythedip,52,4/11/25,2522.62,4100,2731.71
A,^GSPC,0.98buythedip,53,4/11/25,2522.62,4100,2719.09
A,^GSPC,0.98buythedip,54,4/11/25,2522.62,4100,2583.99
A,^GSPC,0.98buythedip,55,4/11/25,2522.62,4100,2693.08
A,^GSPC,0.98buythedip,56,4/11/25,2522.62,4100,2653.66
A,^GSPC,0.98buythedip,57,4/11/25,2522.62,4100,2580.71
A,^GSPC,0.98buythedip,58,4/11/25,2522.62,4100,2663.37
A,^GSPC,0.98buythedip,59,4/11/25,2522.62,4100,2740.05
A,^GSPC,0.98buythedip,60,4/11/25,2522.62,4100,2774.43
A,^GSPC,0.98buythedip,61,4/11/25,2522.62,4100,2703.53
A,^GSPC,0.98buythedip,62,4/11/25,2522.62,4100,2733.53
A,^GSPC,0.98buythedip,63,4/11/25,2522.62,4100,2729.68
A,^GSPC,0.98buythedip,64,4/11/25,2522.62,4100,2766.49
A,^GSPC,0.98buythedip,65,4/11/25,2522.62,4100,2648.17
A,^GSPC,0.98buythedip,66,4/11/25,2522.62,4100,2704.51
A,^GSPC,0.98buythedip,67,4/11/25,2522.62,4100,2719.02
A,^GSPC,0.98buythedip,68,4/11/25,2522.62,4100,2617.92
A,^GSPC,0.98buythedip,69,4/11/25,2522.62,4100,2566.28
A,^GSPC,0.98buythedip,70,4/11/25,2522.62,4100,2767.21
A,^GSPC,0.98buythedip,71,4/11/25,2522.62,4100,2734.78
A,^GSPC,0.98buythedip,72,4/11/25,2522.62,4100,2685.41
A,^GSPC,0.98buythedip,73,4/11/25,2522.62,4100,2663.36
A,^GSPC,0.98buythedip,74,4/11/25,2522.62,4100,2736.13
A,^GSPC,0.98buythedip,75,4/11/25,2522.62,4100,2558.11
A,^GSPC,0.98buythedip,76,4/11/25,2522.62,4100,2757.28
A,^GSPC,0.98buythedip,77,4/11/25,2522.62,4100,2739.04
A,^GSPC,0.98buythedip,78,4/11/25,2522.62,4100,2704.61
A,^GSPC,0.98buythedip,79,4/11/25,2522.62,4100,2727.67
A,^GSPC,0.98buythedip,80,4/11/25,2522.62,4100,2619.18
A,^GSPC,0.98buythedip,81,4/11/25,2522.62,4100,2711.91
A,^GSPC,0.98buythedip,82,4/11/25,2522.62,4100,2742.24
A,^GSPC,0.98buythedip,83,4/11/25,2522.62,4100,2795.44
A,^GSPC,0.98buythedip,84,4/11/25,2522.62,4100,2600.88
A,^GSPC,0.98buythedip,85,4/11/25,2522.62,4100,2631.13
A,^GSPC,0.98buythedip,86,4/11/25,2522.62,4100,2719.22
A,^GSPC,0.98buythedip,87,4/11/25,2522.62,4100,2724.04
A,^GSPC,0.98buythedip,88,4/11/25,2522.62,4100,2732.7
A,^GSPC,0.98buythedip,89,4/11/25,2522.62,4100,2708.19
A,^GSPC,0.98buythedip,90,4/11/25,2522.62,4100,2611.65
A,^GSPC,0.98buythedip,91,4/11/25,2522.62,4100,2619.24
A,^GSPC,0.98buythedip,92,4/11/25,2522.62,4100,2670.1
A,^GSPC,0.98buythedip,93,4/11/25,2522.62,4100,2661.64
A,^GSPC,0.98buythedip,94,4/11/25,2522.62,4100,2680.82
A,^GSPC,0.98buythedip,95,4/11/25,2522.62,4100,2668.12
A,^GSPC,0.98buythedip,96,4/11/25,2522.62,4100,2743.63
A,^GSPC,0.98buythedip,97,4/11/25,2522.62,4100,2751.76
A,^GSPC,0.98buythedip,98,4/11/25,2522.62,4100,2663.55
A,^GSPC,0.98buythedip,99,4/11/25,2522.62,4100,2646.25
A,^GSPC,0.98buythedip,100,4/11/25,2522.62,4100,2734.56
A,^GSPC,complexbuythedip,1,4/11/25,2797.04,2600,2646.13
A,^GSPC,complexbuythedip,2,4/11/25,2797.04,2600,2666.6
A,^GSPC,complexbuythedip,3,4/11/25,2797.04,2600,2608.15
A,^GSPC,complexbuythedip,4,4/11/25,2797.04,2600,2793.15
A,^GSPC,complexbuythedip,5,4/11/25,2797.04,2600,2670.39
A,^GSPC,complexbuythedip,6,4/11/25,2797.04,2600,2675.61
A,^GSPC,complexbuythedip,7,4/11/25,2797.04,2600,2735.55
A,^GSPC,complexbuythedip,8,4/11/25,2797.04,2600,2665.74
A,^GSPC,complexbuythedip,9,4/11/25,2797.04,2600,2654.89
A,^GSPC,complexbuythedip,10,4/11/25,2797.04,2600,2653.06
A,^GSPC,complexbuythedip,11,4/11/25,2797.04,2600,2618.05
A,^GSPC,complexbuythedip,12,4/11/25,2797.04,2600,2575.47
A,^GSPC,complexbuythedip,13,4/11/25,2797.04,2600,2777.62
A,^GSPC,complexbuythedip,14,4/11/25,2797.04,2600,2713.31
A,^GSPC,complexbuythedip,15,4/11/25,2797.04,2600,2797.73
A,^GSPC,complexbuythedip,16,4/11/25,2797.04,2600,2700.95
A,^GSPC,complexbuythedip,17,4/11/25,2797.04,2600,2717.15
A,^GSPC,complexbuythedip,18,4/11/25,2797.04,2600,2764.18
A,^GSPC,complexbuythedip,19,4/11/25,2797.04,2600,2739.65
A,^GSPC,complexbuythedip,20,4/11/25,2797.04,2600,2690.84
A,^GSPC,complexbuythedip,21,4/11/25,2797.04,2600,2682.4
A,^GSPC,complexbuythedip,22,4/11/25,2797.04,2600,2747.3
A,^GSPC,complexbuythedip,23,4/11/25,2797.04,2600,2698.62
A,^GSPC,complexbuythedip,24,4/11/25,2797.04,2600,2736.67
A,^GSPC,complexbuythedip,25,4/11/25,2797.04,2600,2693.03
A,^GSPC,complexbuythedip,26,4/11/25,2797.04,2600,2718.9
A,^GSPC,complexbuythedip,27,4/11/25,2797.04,2600,2726.54
A,^GSPC,complexbuythedip,28,4/11/25,2797.04,2600,2772.47
A,^GSPC,complexbuythedip,29,4/11/25,2797.04,2600,2649.39
A,^GSPC,complexbuythedip,30,4/11/25,2797.04,2600,2716.8
A,^GSPC,complexbuythedip,31,4/11/25,2797.04,2600,2783.52
A,^GSPC,complexbuythedip,32,4/11/25,2797.04,2600,2722.86
A,^GSPC,complexbuythedip,33,4/11/25,2797.04,2600,2613.88
A,^GSPC,complexbuythedip,34,4/11/25,2797.04,2600,2711.45
A,^GSPC,complexbuythedip,35,4/11/25,2797.04,2600,2692.41
A,^GSPC,complexbuythedip,36,4/11/25,2797.04,2600,2670.77
A,^GSPC,complexbuythedip,37,4/11/25,2797.04,2600,2614.26
A,^GSPC,complexbuythedip,38,4/11/25,2797.04,2600,2642.83
A,^GSPC,complexbuythedip,39,4/11/25,2797.04,2600,2729.48
A,^GSPC,complexbuythedip,40,4/11/25,2797.04,2600,2726.87
A,^GSPC,complexbuythedip,41,4/11/25,2797.04,2600,2758.09
A,^GSPC,complexbuythedip,42,4/11/25,2797.04,2600,2800.44
A,^GSPC,complexbuythedip,43,4/11/25,2797.04,2600,2622.42
A,^GSPC,complexbuythedip,44,4/11/25,2797.04,2600,2667.57
A,^GSPC,complexbuythedip,45,4/11/25,2797.04,2600,2813.09
A,^GSPC,complexbuythedip,46,4/11/25,2797.04,2600,2733.57
A,^GSPC,complexbuythedip,47,4/11/25,2797.04,2600,2616.72
A,^GSPC,complexbuythedip,48,4/11/25,2797.04,2600,2688.75
A,^GSPC,complexbuythedip,49,4/11/25,2797.04,2600,2686.21
A,^GSPC,complexbuythedip,50,4/11/25,2797.04,2600,2612.36
A,^GSPC,complexbuythedip,51,4/11/25,2797.04,2600,2617.71
A,^GSPC,complexbuythedip,52,4/11/25,2797.04,2600,2731.71
A,^GSPC,complexbuythedip,53,4/11/25,2797.04,2600,2719.09
A,^GSPC,complexbuythedip,54,4/11/25,2797.04,2600,2583.99
A,^GSPC,complexbuythedip,55,4/11/25,2797.04,2600,2693.08
A,^GSPC,complexbuythedip,56,4/11/25,2797.04,2600,2653.66
A,^GSPC,complexbuythedip,57,4/11/25,2797.04,2600,2580.71
A,^GSPC,complexbuythedip,58,4/11/25,2797.04,2600,2663.37
A,^GSPC,complexbuythedip,59,4/11/25,2797.04,2600,2740.05
A,^GSPC,complexbuythedip,60,4/11/25,2797.04,2600,2774.43
A,^GSPC,complexbuythedip,61,4/11/25,2797.04,2600,2703.53
A,^GSPC,complexbuythedip,62,4/11/25,2797.04,2600,2733.53
A,^GSPC,complexbuythedip,63,4/11/25,2797.04,2600,2729.68
A,^GSPC,complexbuythedip,64,4/11/25,2797.04,2600,2766.49
A,^GSPC,complexbuythedip,65,4/11/25,2797.04,2600,2648.17
A,^GSPC,complexbuythedip,66,4/11/25,2797.04,2600,2704.51
A,^GSPC,complexbuythedip,67,4/11/25,2797.04,2600,2719.02
A,^GSPC,complexbuythedip,68,4/11/25,2797.04,2600,2617.92
A,^GSPC,complexbuythedip,69,4/11/25,2797.04,2600,2566.28
A,^GSPC,complexbuythedip,70,4/11/25,2797.04,2600,2767.21
A,^GSPC,complexbuythedip,71,4/11/25,2797.04,2600,2734.78
A,^GSPC,complexbuythedip,72,4/11/25,2797.04,2600,2685.41
A,^GSPC,complexbuythedip,73,4/11/25,2797.04,2600,2663.36
A,^GSPC,complexbuythedip,74,4/11/25,2797.04,2600,2736.13
A,^GSPC,complexbuythedip,75,4/11/25,2797.04,2600,2558.11
A,^GSPC,complexbuythedip,76,4/11/25,2797.04,2600,2757.28
A,^GSPC,complexbuythedip,77,4/11/25,2797.04,2600,2739.04
A,^GSPC,complexbuythedip,78,4/11/25,2797.04,2600,2704.61
A,^GSPC,complexbuythedip,79,4/11/25,2797.04,2600,2727.67
A,^GSPC,complexbuythedip,80,4/11/25,2797.04,2600,2619.18
A,^GSPC,complexbuythedip,81,4/11/25,2797.04,2600,2711.91
A,^GSPC,complexbuythedip,82,4/11/25,2797.04,2600,2742.24
A,^GSPC,complexbuythedip,83,4/11/25,2797.04,2600,2795.44
A,^GSPC,complexbuythedip,84,4/11/25,2797.04,2600,2600.88
A,^GSPC,complexbuythedip,85,4/11/25,2797.04,2600,2631.13
A,^GSPC,complexbuythedip,86,4/11/25,2797.04,2600,2719.22
A,^GSPC,complexbuythedip,87,4/11/25,2797.04,2600,2724.04
A,^GSPC,complexbuythedip,88,4/11/25,2797.04,2600,2732.7
A,^GSPC,complexbuythedip,89,4/11/25,2797.04,2600,2708.19
A,^GSPC,complexbuythedip,90,4/11/25,2797.04,2600,2611.65
A,^GSPC,complexbuythedip,91,4/11/25,2797.04,2600,2619.24
A,^GSPC,complexbuythedip,92,4/11/25,2797.04,2600,2670.1
A,^GSPC,complexbuythedip,93,4/11/25,2797.04,2600,2661.64
A,^GSPC,complexbuythedip,94,4/11/25,2797.04,2600,2680.82
A,^GSPC,complexbuythedip,95,4/11/25,2797.04,2600,2668.12
A,^GSPC,complexbuythedip,96,4/11/25,2797.04,2600,2743.63
A,^GSPC,complexbuythedip,97,4/11/25,2797.04,2600,2751.76
A,^GSPC,complexbuythedip,98,4/11/25,2797.04,2600,2663.55
A,^GSPC,complexbuythedip,99,4/11/25,2797.04,2600,2646.25
A,^GSPC,complexbuythedip,100,4/11/25,2797.04,2600,2734.56
B,^GSPC,first,1,4/11/25,8980.89,8000,8883.75
B,^GSPC,first,2,4/11/25,8980.89,8000,8934.91
B,^GSPC,first,3,4/11/25,8980.89,8000,8788.8
B,^GSPC,first,4,4/11/25,8980.89,8000,9251.29
B,^GSPC,first,5,4/11/25,8980.89,8000,8944.39
B,^GSPC,first,6,4/11/25,8980.89,8000,8957.45
B,^GSPC,first,7,4/11/25,8980.89,8000,9107.29
B,^GSPC,first,8,4/11/25,8980.89,8000,8932.77
B,^GSPC,first,9,4/11/25,8980.89,8000,8905.65
B,^GSPC,first,10,4/11/25,8980.89,8000,8901.07
B,^GSPC,first,11,4/11/25,8980.89,8000,8813.55
B,^GSPC,first,12,4/11/25,8980.89,8000,8707.09
B,^GSPC,first,13,4/11/25,8980.89,8000,9212.45
B,^GSPC,first,14,4/11/25,8980.89,8000,9051.69
B,^GSPC,first,15,4/11/25,8980.89,8000,9262.75
B,^GSPC,first,16,4/11/25,8980.89,8000,9020.8
B,^GSPC,first,17,4/11/25,8980.89,8000,9061.3
B,^GSPC,first,18,4/11/25,8980.89,8000,9178.86
B,^GSPC,first,19,4/11/25,8980.89,8000,9117.54
B,^GSPC,first,20,4/11/25,8980.89,8000,8995.51
B,^GSPC,first,21,4/11/25,8980.89,8000,8974.42
B,^GSPC,first,22,4/11/25,8980.89,8000,9136.68
B,^GSPC,first,23,4/11/25,8980.89,8000,9014.96
B,^GSPC,first,24,4/11/25,8980.89,8000,9110.08
B,^GSPC,first,25,4/11/25,8980.89,8000,9000.99
B,^GSPC,first,26,4/11/25,8980.89,8000,9065.65
B,^GSPC,first,27,4/11/25,8980.89,8000,9084.77
B,^GSPC,first,28,4/11/25,8980.89,8000,9199.58
B,^GSPC,first,29,4/11/25,8980.89,8000,8891.88
B,^GSPC,first,30,4/11/25,8980.89,8000,9060.41
B,^GSPC,first,31,4/11/25,8980.89,8000,9227.22
B,^GSPC,first,32,4/11/25,8980.89,8000,9075.57
B,^GSPC,first,33,4/11/25,8980.89,8000,8803.11
B,^GSPC,first,34,4/11/25,8980.89,8000,9047.03
B,^GSPC,first,35,4/11/25,8980.89,8000,8999.45
B,^GSPC,first,36,4/11/25,8980.89,8000,8945.34
B,^GSPC,first,37,4/11/25,8980.89,8000,8804.05
B,^GSPC,first,38,4/11/25,8980.89,8000,8875.49
B,^GSPC,first,39,4/11/25,8980.89,8000,9092.13
B,^GSPC,first,40,4/11/25,8980.89,8000,9085.6
B,^GSPC,first,41,4/11/25,8980.89,8000,9163.64
B,^GSPC,first,42,4/11/25,8980.89,8000,9269.5
B,^GSPC,first,43,4/11/25,8980.89,8000,8824.46
B,^GSPC,first,44,4/11/25,8980.89,8000,8937.34
B,^GSPC,first,45,4/11/25,8980.89,8000,9301.14
B,^GSPC,first,46,4/11/25,8980.89,8000,9102.33
B,^GSPC,first,47,4/11/25,8980.89,8000,8810.2
B,^GSPC,first,48,4/11/25,8980.89,8000,8990.29
B,^GSPC,first,49,4/11/25,8980.89,8000,8983.94
B,^GSPC,first,50,4/11/25,8980.89,8000,8799.31
B,^GSPC,first,51,4/11/25,8980.89,8000,8812.69
B,^GSPC,first,52,4/11/25,8980.89,8000,9097.68
B,^GSPC,first,53,4/11/25,8980.89,8000,9066.13
B,^GSPC,first,54,4/11/25,8980.89,8000,8728.38
B,^GSPC,first,55,4/11/25,8980.89,8000,9001.11
B,^GSPC,first,56,4/11/25,8980.89,8000,8902.56
B,^GSPC,first,57,4/11/25,8980.89,8000,8720.19
B,^GSPC,first,58,4/11/25,8980.89,8000,8926.85
B,^GSPC,first,59,4/11/25,8980.89,8000,9118.54
B,^GSPC,first,60,4/11/25,8980.89,8000,9204.5
B,^GSPC,first,61,4/11/25,8980.89,8000,9027.24
B,^GSPC,first,62,4/11/25,8980.89,8000,9102.23
B,^GSPC,first,63,4/11/25,8980.89,8000,9092.62
B,^GSPC,first,64,4/11/25,8980.89,8000,9184.65
B,^GSPC,first,65,4/11/25,8980.89,8000,8888.83
B,^GSPC,first,66,4/11/25,8980.89,8000,9029.69
B,^GSPC,first,67,4/11/25,8980.89,8000,9065.96
B,^GSPC,first,68,4/11/25,8980.89,8000,8813.21
B,^GSPC,first,69,4/11/25,8980.89,8000,8684.11
B,^GSPC,first,70,4/11/25,8980.89,8000,9186.43
B,^GSPC,first,71,4/11/25,8980.89,8000,9105.35
B,^GSPC,first,72,4/11/25,8980.89,8000,8981.93
B,^GSPC,first,73,4/11/25,8980.89,8000,8926.81
B,^GSPC,first,74,4/11/25,8980.89,8000,9108.74
B,^GSPC,first,75,4/11/25,8980.89,8000,8663.69
B,^GSPC,first,76,4/11/25,8980.89,8000,9161.62
B,^GSPC,first,77,4/11/25,8980.89,8000,9116.01
B,^GSPC,first,78,4/11/25,8980.89,8000,9029.93
B,^GSPC,first,79,4/11/25,8980.89,8000,9087.6
B,^GSPC,first,80,4/11/25,8980.89,8000,8816.36
B,^GSPC,first,81,4/11/25,8980.89,8000,9048.2
B,^GSPC,first,82,4/11/25,8980.89,8000,9124.01
B,^GSPC,first,83,4/11/25,8980.89,8000,9257.02
B,^GSPC,first,84,4/11/25,8980.89,8000,8770.62
B,^GSPC,first,85,4/11/25,8980.89,8000,8846.24
B,^GSPC,first,86,4/11/25,8980.89,8000,9066.47
B,^GSPC,first,87,4/11/25,8980.89,8000,9078.52
B,^GSPC,first,88,4/11/25,8980.89,8000,9100.17
B,^GSPC,first,89,4/11/25,8980.89,8000,9038.9
B,^GSPC,first,90,4/11/25,8980.89,8000,8797.53
B,^GSPC,first,91,4/11/25,8980.89,8000,8816.51
B,^GSPC,first,92,4/11/25,8980.89,8000,8943.67
B,^GSPC,first,93,4/11/25,8980.89,8000,8922.52
B,^GSPC,first,94,4/11/25,8980.89,8000,8970.47
B,^GSPC,first,95,4/11/25,8980.89,8000,8938.71
B,^GSPC,first,96,4/11/25,8980.89,8000,9127.5
B,^GSPC,first,97,4/11/25,8980.89,8000,9147.81
B,^GSPC,first,98,4/11/25,8980.89,8000,8927.28
B,^GSPC,first,99,4/11/25,8980.89,8000,8884.05
B,^GSPC,first,100,4/11/25,8980.89,8000,9104.81
B,^GSPC,losing,1,4/11/25,9269.68,8250,8883.75
B,^GSPC,losing,2,4/11/25,9269.68,8250,8934.91
B,^GSPC,losing,3,4/11/25,9269.68,8250,8788.8
B,^GSPC,losing,4,4/11/25,9269.68,8250,9251.29
B,^GSPC,losing,5,4/11/25,9269.68,8250,8944.39
B,^GSPC,losing,6,4/11/25,9269.68,8250,8957.45
B,^GSPC,losing,7,4/11/25,9269.68,8250,9107.29
B,^GSPC,losing,8,4/11/25,9269.68,8250,8932.77
B,^GSPC,losing,9,4/11/25,9269.68,8250,8905.65
B,^GSPC,losing,10,4/11/25,9269.68,8250,8901.07
B,^GSPC,losing,11,4/11/25,9269.68,8250,8813.55
B,^GSPC,losing,12,4/11/25,9269.68,8250,8707.09
B,^GSPC,losing,13,4/11/25,9269.68,8250,9212.45
B,^GSPC,losing,14,4/11/25,9269.68,8250,9051.69
B,^GSPC,losing,15,4/11/25,9269.68,8250,9262.75
B,^GSPC,losing,16,4/11/25,9269.68,8250,9020.8
B,^GSPC,losing,17,4/11/25,9269.68,8250,9061.3
B,^GSPC,losing,18,4/11/25,9269.68,8250,9178.86
B,^GSPC,losing,19,4/11/25,9269.68,8250,9117.54
B,^GSPC,losing,20,4/11/25,9269.68,8250,8995.51
B,^GSPC,losing,21,4/11/25,9269.68,8250,8974.42
B,^GSPC,losing,22,4/11/25,9269.68,8250,9136.68
B,^GSPC,losing,23,4/11/25,9269.68,8250,9014.96
B,^GSPC,losing,24,4/11/25,9269.68,8250,9110.08
B,^GSPC,losing,25,4/11/25,9269.68,8250,9000.99
B,^GSPC,losing,26,4/11/25,9269.68,8250,9065.65
B,^GSPC,losing,27,4/11/25,9269.68,8250,9084.77
B,^GSPC,losing,28,4/11/25,9269.68,8250,9199.58
B,^GSPC,losing,29,4/11/25,9269.68,8250,8891.88
B,^GSPC,losing,30,4/11/25,9269.68,8250,9060.41
B,^GSPC,losing,31,4/11/25,9269.68,8250,9227.22
B,^GSPC,losing,32,4/11/25,9269.68,8250,9075.57
B,^GSPC,losing,33,4/11/25,9269.68,8250,8803.11
B,^GSPC,losing,34,4/11/25,9269.68,8250,9047.03
B,^GSPC,losing,35,4/11/25,9269.68,8250,8999.45
B,^GSPC,losing,36,4/11/25,9269.68,8250,8945.34
B,^GSPC,losing,37,4/11/25,9269.68,8250,8804.05
B,^GSPC,losing,38,4/11/25,9269.68,8250,8875.49
B,^GSPC,losing,39,4/11/25,9269.68,8250,9092.13
B,^GSPC,losing,40,4/11/25,9269.68,8250,9085.6
B,^GSPC,losing,41,4/11/25,9269.68,8250,9163.64
B,^GSPC,losing,42,4/11/25,9269.68,8250,9269.5
B,^GSPC,losing,43,4/11/25,9269.68,8250,8824.46
B,^GSPC,losing,44,4/11/25,9269.68,8250,8937.34
B,^GSPC,losing,45,4/11/25,9269.68,8250,9301.14
B,^GSPC,losing,46,4/11/25,9269.68,8250,9102.33
B,^GSPC,losing,47,4/11/25,9269.68,8250,8810.2
B,^GSPC,losing,48,4/11/25,9269.68,8250,8990.29
B,^GSPC,losing,49,4/11/25,9269.68,8250,8983.94
B,^GSPC,losing,50,4/11/25,9269.68,8250,8799.31
B,^GSPC,losing,51,4/11/25,9269.68,8250,8812.69
B,^GSPC,losing,52,4/11/25,9269.68,8250,9097.68
B,^GSPC,losing,53,4/11/25,9269.68,8250,9066.13
B,^GSPC,losing,54,4/11/25,9269.68,8250,8728.38
B,^GSPC,losing,55,4/11/25,9269.68,8250,9001.11
B,^GSPC,losing,56,4/11/25,9269.68,8250,8902.56
B,^GSPC,losing,57,4/11/25,9269.68,8250,8720.19
B,^GSPC,losing,58,4/11/25,9269.68,8250,8926.85
B,^GSPC,losing,59,4/11/25,9269.68,8250,9118.54
B,^GSPC,losing,60,4/11/25,9269.68,8250,9204.5
B,^GSPC,losing,61,4/11/25,9269.68,8250,9027.24
B,^GSPC,losing,62,4/11/25,9269.68,8250,9102.23
B,^GSPC,losing,63,4/11/25,9269.68,8250,9092.62
B,^GSPC,losing,64,4/11/25,9269.68,8250,9184.65
B,^GSPC,losing,65,4/11/25,9269.68,8250,8888.83
B,^GSPC,losing,66,4/11/25,9269.68,8250,9029.69
B,^GSPC,losing,67,4/11/25,9269.68,8250,9065.96
B,^GSPC,losing,68,4/11/25,9269.68,8250,8813.21
B,^GSPC,losing,69,4/11/25,9269.68,8250,8684.11
B,^GSPC,losing,70,4/11/25,9269.68,8250,9186.43
B,^GSPC,losing,71,4/11/25,9269.68,8250,9105.35
B,^GSPC,losing,72,4/11/25,9269.68,8250,8981.93
B,^GSPC,losing,73,4/11/25,9269.68,8250,8926.81
B,^GSPC,losing,74,4/11/25,9269.68,8250,9108.74
B,^GSPC,losing,75,4/11/25,9269.68,8250,8663.69
B,^GSPC,losing,76,4/11/25,9269.68,8250,9161.62
B,^GSPC,losing,77,4/11/25,9269.68,8250,9116.01
B,^GSPC,losing,78,4/11/25,9269.68,8250,9029.93
B,^GSPC,losing,79,4/11/25,9269.68,8250,9087.6
B,^GSPC,losing,80,4/11/25,9269.68,8250,8816.36
B,^GSPC,losing,81,4/11/25,9269.68,8250,9048.2
B,^GSPC,losing,82,4/11/25,9269.68,8250,9124.01
B,^GSPC,losing,83,4/11/25,9269.68,8250,9257.02
B,^GSPC,losing,84,4/11/25,9269.68,8250,8770.62
B,^GSPC,losing,85,4/11/25,9269.68,8250,8846.24
B,^GSPC,losing,86,4/11/25,9269.68,8250,9066.47
B,^GSPC,losing,87,4/11/25,9269.68,8250,9078.52
B,^GSPC,losing,88,4/11/25,9269.68,8250,9100.17
B,^GSPC,losing,89,4/11/25,9269.68,8250,9038.9
B,^GSPC,losing,90,4/11/25,9269.68,8250,8797.53
B,^GSPC,losing,91,4/11/25,9269.68,8250,8816.51
B,^GSPC,losing,92,4/11/25,9269.68,8250,8943.67
B,^GSPC,losing,93,4/11/25,9269.68,8250,8922.52
B,^GSPC,losing,94,4/11/25,9269.68,8250,8970.47
B,^GSPC,losing,95,4/11/25,9269.68,8250,8938.71
B,^GSPC,losing,96,4/11/25,9269.68,8250,9127.5
B,^GSPC,losing,97,4/11/25,9269.68,8250,9147.81
B,^GSPC,losing,98,4/11/25,9269.68,8250,8927.28
B,^GSPC,losing,99,4/11/25,9269.68,8250,8884.05
B,^GSPC,losing,100,4/11/25,9269.68,8250,9104.81
B,^GSPC,growing,1,4/11/25,9025.03,8000,8883.75
B,^GSPC,growing,2,4/11/25,9025.03,8000,8934.91
B,^GSPC,growing,3,4/11/25,9025.03,8000,8788.8
B,^GSPC,growing,4,4/11/25,9025.03,8000,9251.29
B,^GSPC,growing,5,4/11/25,9025.03,8000,8944.39
B,^GSPC,growing,6,4/11/25,9025.03,8000,8957.45
B,^GSPC,growing,7,4/11/25,9025.03,8000,9107.29
B,^GSPC,growing,8,4/11/25,9025.03,8000,8932.77
B,^GSPC,growing,9,4/11/25,9025.03,8000,8905.65
B,^GSPC,growing,10,4/11/25,9025.03,8000,8901.07
B,^GSPC,growing,11,4/11/25,9025.03,8000,8813.55
B,^GSPC,growing,12,4/11/25,9025.03,8000,8707.09
B,^GSPC,growing,13,4/11/25,9025.03,8000,9212.45
B,^GSPC,growing,14,4/11/25,9025.03,8000,9051.69
B,^GSPC,growing,15,4/11/25,9025.03,8000,9262.75
B,^GSPC,growing,16,4/11/25,9025.03,8000,9020.8
B,^GSPC,growing,17,4/11/25,9025.03,8000,9061.3
B,^GSPC,growing,18,4/11/25,9025.03,8000,9178.86
B,^GSPC,growing,19,4/11/25,9025.03,8000,9117.54
B,^GSPC,growing,20,4/11/25,9025.03,8000,8995.51
B,^GSPC,growing,21,4/11/25,9025.03,8000,8974.42
B,^GSPC,growing,22,4/11/25,9025.03,8000,9136.68
B,^GSPC,growing,23,4/11/25,9025.03,8000,9014.96
B,^GSPC,growing,24,4/11/25,9025.03,8000,9110.08
B,^GSPC,growing,25,4/11/25,9025.03,8000,9000.99
B,^GSPC,growing,26,4/11/25,9025.03,8000,9065.65
B,^GSPC,growing,27,4/11/25,9025.03,8000,9084.77
B,^GSPC,growing,28,4/11/25,9025.03,8000,9199.58
B,^GSPC,growing,29,4/11/25,9025.03,8000,8891.88
B,^GSPC,growing,30,4/11/25,9025.03,8000,9060.41
B,^GSPC,growing,31,4/11/25,9025.03,8000,9227.22
B,^GSPC,growing,32,4/11/25,9025.03,8000,9075.57
B,^GSPC,growing,33,4/11/25,9025.03,8000,8803.11
B,^GSPC,growing,34,4/11/25,9025.03,8000,9047.03
B,^GSPC,growing,35,4/11/25,9025.03,8000,8999.45
B,^GSPC,growing,36,4/11/25,9025.03,8000,8945.34
B,^GSPC,growing,37,4/11/25,9025.03,8000,8804.05
B,^GSPC,growing,38,4/11/25,9025.03,8000,8875.49
B,^GSPC,growing,39,4/11/25,9025.03,8000,9092.13
B,^GSPC,growing,40,4/11/25,9025.03,8000,9085.6
B,^GSPC,growing,41,4/11/25,9025.03,8000,9163.64
B,^GSPC,growing,42,4/11/25,9025.03,8000,9269.5
B,^GSPC,growing,43,4/11/25,9025.03,8000,8824.46
B,^GSPC,growing,44,4/11/25,9025.03,8000,8937.34
B,^GSPC,growing,45,4/11/25,9025.03,8000,9301.14
B,^GSPC,growing,46,4/11/25,9025.03,8000,9102.33
B,^GSPC,growing,47,4/11/25,9025.03,8000,8810.2
B,^GSPC,growing,48,4/11/25,9025.03,8000,8990.29
B,^GSPC,growing,49,4/11/25,9025.03,8000,8983.94
B,^GSPC,growing,50,4/11/25,9025.03,8000,8799.31
B,^GSPC,growing,51,4/11/25,9025.03,8000,8812.69
B,^GSPC,growing,52,4/11/25,9025.03,8000,9097.68
B,^GSPC,growing,53,4/11/25,9025.03,8000,9066.13
B,^GSPC,growing,54,4/11/25,9025.03,8000,8728.38
B,^GSPC,growing,55,4/11/25,9025.03,8000,9001.11
B,^GSPC,growing,56,4/11/25,9025.03,8000,8902.56
B,^GSPC,growing,57,4/11/25,9025.03,8000,8720.19
B,^GSPC,growing,58,4/11/25,9025.03,8000,8926.85
B,^GSPC,growing,59,4/11/25,9025.03,8000,9118.54
B,^GSPC,growing,60,4/11/25,9025.03,8000,9204.5
B,^GSPC,growing,61,4/11/25,9025.03,8000,9027.24
B,^GSPC,growing,62,4/11/25,9025.03,8000,9102.23
B,^GSPC,growing,63,4/11/25,9025.03,8000,9092.62
B,^GSPC,growing,64,4/11/25,9025.03,8000,9184.65
B,^GSPC,growing,65,4/11/25,9025.03,8000,8888.83
B,^GSPC,growing,66,4/11/25,9025.03,8000,9029.69
B,^GSPC,growing,67,4/11/25,9025.03,8000,9065.96
B,^GSPC,growing,68,4/11/25,9025.03,8000,8813.21
B,^GSPC,growing,69,4/11/25,9025.03,8000,8684.11
B,^GSPC,growing,70,4/11/25,9025.03,8000,9186.43
B,^GSPC,growing,71,4/11/25,9025.03,8000,9105.35
B,^GSPC,growing,72,4/11/25,9025.03,8000,8981.93
B,^GSPC,growing,73,4/11/25,9025.03,8000,8926.81
B,^GSPC,growing,74,4/11/25,9025.03,8000,9108.74
B,^GSPC,growing,75,4/11/25,9025.03,8000,8663.69
B,^GSPC,growing,76,4/11/25,9025.03,8000,9161.62
B,^GSPC,growing,77,4/11/25,9025.03,8000,9116.01
B,^GSPC,growing,78,4/11/25,9025.03,8000,9029.93
B,^GSPC,growing,79,4/11/25,9025.03,8000,9087.6
B,^GSPC,growing,80,4/11/25,9025.03,8000,8816.36
B,^GSPC,growing,81,4/11/25,9025.03,8000,9048.2
B,^GSPC,growing,82,4/11/25,9025.03,8000,9124.01
B,^GSPC,growing,83,4/11/25,9025.03,8000,9257.02
B,^GSPC,growing,84,4/11/25,9025.03,8000,8770.62
B,^GSPC,growing,85,4/11/25,9025.03,8000,8846.24
B,^GSPC,growing,86,4/11/25,9025.03,8000,9066.47
B,^GSPC,growing,87,4/11/25,9025.03,8000,9078.52
B,^GSPC,growing,88,4/11/25,9025.03,8000,9100.17
B,^GSPC,growing,89,4/11/25,9025.03,8000,9038.9
B,^GSPC,growing,90,4/11/25,9025.03,8000,8797.53
B,^GSPC,growing,91,4/11/25,9025.03,8000,8816.51
B,^GSPC,growing,92,4/11/25,9025.03,8000,8943.67
B,^GSPC,growing,93,4/11/25,9025.03,8000,8922.52
B,^GSPC,growing,94,4/11/25,9025.03,8000,8970.47
B,^GSPC,growing,95,4/11/25,9025.03,8000,8938.71
B,^GSPC,growing,96,4/11/25,9025.03,8000,9127.5
B,^GSPC,growing,97,4/11/25,9025.03,8000,9147.81
B,^GSPC,growing,98,4/11/25,9025.03,8000,8927.28
B,^GSPC,growing,99,4/11/25,9025.03,8000,8884.05
B,^GSPC,growing,100,4/11/25,9025.03,8000,9104.81
B,^GSPC,buythedip,1,4/11/25,2592.47,2000,8883.75
B,^GSPC,buythedip,2,4/11/25,2592.47,2000,8934.91
B,^GSPC,buythedip,3,4/11/25,2592.47,2000,8788.8
B,^GSPC,buythedip,4,4/11/25,2592.47,2000,9251.29
B,^GSPC,buythedip,5,4/11/25,2592.47,2000,8944.39
B,^GSPC,buythedip,6,4/11/25,2592.47,2000,8957.45
B,^GSPC,buythedip,7,4/11/25,2592.47,2000,9107.29
B,^GSPC,buythedip,8,4/11/25,2592.47,2000,8932.77
B,^GSPC,buythedip,9,4/11/25,2592.47,2000,8905.65
B,^GSPC,buythedip,10,4/11/25,2592.47,2000,8901.07
B,^GSPC,buythedip,11,4/11/25,2592.47,2000,8813.55
B,^GSPC,buythedip,12,4/11/25,2592.47,2000,8707.09
B,^GSPC,buythedip,13,4/11/25,2592.47,2000,9212.45
B,^GSPC,buythedip,14,4/11/25,2592.47,2000,9051.69
B,^GSPC,buythedip,15,4/11/25,2592.47,2000,9262.75
B,^GSPC,buythedip,16,4/11/25,2592.47,2000,9020.8
B,^GSPC,buythedip,17,4/11/25,2592.47,2000,9061.3
B,^GSPC,buythedip,18,4/11/25,2592.47,2000,9178.86
B,^GSPC,buythedip,19,4/11/25,2592.47,2000,9117.54
B,^GSPC,buythedip,20,4/11/25,2592.47,2000,8995.51
B,^GSPC,buythedip,21,4/11/25,2592.47,2000,8974.42
B,^GSPC,buythedip,22,4/11/25,2592.47,2000,9136.68
B,^GSPC,buythedip,23,4/11/25,2592.47,2000,9014.96
B,^GSPC,buythedip,24,4/11/25,2592.47,2000,9110.08
B,^GSPC,buythedip,25,4/11/25,2592.47,2000,9000.99
B,^GSPC,buythedip,26,4/11/25,2592.47,2000,9065.65
B,^GSPC,buythedip,27,4/11/25,2592.47,2000,9084.77
B,^GSPC,buythedip,28,4/11/25,2592.47,2000,9199.58
B,^GSPC,buythedip,29,4/11/25,2592.47,2000,8891.88
B,^GSPC,buythedip,30,4/11/25,2592.47,2000,9060.41
B,^GSPC,buythedip,31,4/11/25,2592.47,2000,9227.22
B,^GSPC,buythedip,32,4/11/25,2592.47,2000,9075.57
B,^GSPC,buythedip,33,4/11/25,2592.47,2000,8803.11
B,^GSPC,buythedip,34,4/11/25,2592.47,2000,9047.03
B,^GSPC,buythedip,35,4/11/25,2592.47,2000,8999.45
B,^GSPC,buythedip,36,4/11/25,2592.47,2000,8945.34
B,^GSPC,buythedip,37,4/11/25,2592.47,2000,8804.05
B,^GSPC,buythedip,38,4/11/25,2592.47,2000,8875.49
B,^GSPC,buythedip,39,4/11/25,2592.47,2000,9092.13
B,^GSPC,buythedip,40,4/11/25,2592.47,2000,9085.6
B,^GSPC,buythedip,41,4/11/25,2592.47,2000,9163.64
B,^GSPC,buythedip,42,4/11/25,2592.47,2000,9269.5
B,^GSPC,buythedip,43,4/11/25,2592.47,2000,8824.46
B,^GSPC,buythedip,44,4/11/25,2592.47,2000,8937.34
B,^GSPC,buythedip,45,4/11/25,2592.47,2000,9301.14
B,^GSPC,buythedip,46,4/11/25,2592.47,2000,9102.33
B,^GSPC,buythedip,47,4/11/25,2592.47,2000,8810.2
B,^GSPC,buythedip,48,4/11/25,2592.47,2000,8990.29
B,^GSPC,buythedip,49,4/11/25,2592.47,2000,8983.94
B,^GSPC,buythedip,50,4/11/25,2592.47,2000,8799.31
B,^GSPC,buythedip,51,4/11/25,2592.47,2000,8812.69
B,^GSPC,buythedip,52,4/11/25,2592.47,2000,9097.68
B,^GSPC,buythedip,53,4/11/25,2592.47,2000,9066.13
B,^GSPC,buythedip,54,4/11/25,2592.47,2000,8728.38
B,^GSPC,buythedip,55,4/11/25,2592.47,2000,9001.11
B,^GSPC,buythedip,56,4/11/25,2592.47,2000,8902.56
B,^GSPC,buythedip,57,4/11/25,2592.47,2000,8720.19
B,^GSPC,buythedip,58,4/11/25,2592.47,2000,8926.85
B,^GSPC,buythedip,59,4/11/25,2592.47,2000,9118.54
B,^GSPC,buythedip,60,4/11/25,2592.47,2000,9204.5
B,^GSPC,buythedip,61,4/11/25,2592.47,2000,9027.24
B,^GSPC,buythedip,62,4/11/25,2592.47,2000,9102.23
B,^GSPC,buythedip,63,4/11/25,2592.47,2000,9092.62
B,^GSPC,buythedip,64,4/11/25,2592.47,2000,9184.65
B,^GSPC,buythedip,65,4/11/25,2592.47,2000,8888.83
B,^GSPC,buythedip,66,4/11/25,2592.47,2000,9029.69
B,^GSPC,buythedip,67,4/11/25,2592.47,2000,9065.96
B,^GSPC,buythedip,68,4/11/25,2592.47,2000,8813.21
B,^GSPC,buythedip,69,4/11/25,2592.47,2000,8684.11
B,^GSPC,buythedip,70,4/11/25,2592.47,2000,9186.43
B,^GSPC,buythedip,71,4/11/25,2592.47,2000,9105.35
B,^GSPC,buythedip,72,4/11/25,2592.47,2000,8981.93
B,^GSPC,buythedip,73,4/11/25,2592.47,2000,8926.81
B,^GSPC,buythedip,74,4/11/25,2592.47,2000,9108.74
B,^GSPC,buythedip,75,4/11/25,2592.47,2000,8663.69
B,^GSPC,buythedip,76,4/11/25,2592.47,2000,9161.62
B,^GSPC,buythedip,77,4/11/25,2592.47,2000,9116.01
B,^GSPC,buythedip,78,4/11/25,2592.47,2000,9029.93
B,^GSPC,buythedip,79,4/11/25,2592.47,2000,9087.6
B,^GSPC,buythedip,80,4/11/25,2592.47,2000,8816.36
B,^GSPC,buythedip,81,4/11/25,2592.47,2000,9048.2
B,^GSPC,buythedip,82,4/11/25,2592.47,2000,9124.01
B,^GSPC,buythedip,83,4/11/25,2592.47,2000,9257.02
B,^GSPC,buythedip,84,4/11/25,2592.47,2000,8770.62
B,^GSPC,buythedip,85,4/11/25,2592.47,2000,8846.24
B,^GSPC,buythedip,86,4/11/25,2592.47,2000,9066.47
B,^GSPC,buythedip,87,4/11/25,2592.47,2000,9078.52
B,^GSPC,buythedip,88,4/11/25,2592.47,2000,9100.17
B,^GSPC,buythedip,89,4/11/25,2592.47,2000,9038.9
B,^GSPC,buythedip,90,4/11/25,2592.47,2000,8797.53
B,^GSPC,buythedip,91,4/11/25,2592.47,2000,8816.51
B,^GSPC,buythedip,92,4/11/25,2592.47,2000,8943.67
B,^GSPC,buythedip,93,4/11/25,2592.47,2000,8922.52
B,^GSPC,buythedip,94,4/11/25,2592.47,2000,8970.47
B,^GSPC,buythedip,95,4/11/25,2592.47,2000,8938.71
B,^GSPC,buythedip,96,4/11/25,2592.47,2000,9127.5
B,^GSPC,buythedip,97,4/11/25,2592.47,2000,9147.81
B,^GSPC,buythedip,98,4/11/25,2592.47,2000,8927.28
B,^GSPC,buythedip,99,4/11/25,2592.47,2000,8884.05
B,^GSPC,buythedip,100,4/11/25,2592.47,2000,9104.81
B,^GSPC,0.98buythedip,1,4/11/25,8574.98,12000,8883.75
B,^GSPC,0.98buythedip,2,4/11/25,8574.98,12000,8934.91
B,^GSPC,0.98buythedip,3,4/11/25,8574.98,12000,8788.8
B,^GSPC,0.98buythedip,4,4/11/25,8574.98,12000,9251.29
B,^GSPC,0.98buythedip,5,4/11/25,8574.98,12000,8944.39
B,^GSPC,0.98buythedip,6,4/11/25,8574.98,12000,8957.45
B,^GSPC,0.98buythedip,7,4/11/25,8574.98,12000,9107.29
B,^GSPC,0.98buythedip,8,4/11/25,8574.98,12000,8932.77
B,^GSPC,0.98buythedip,9,4/11/25,8574.98,12000,8905.65
B,^GSPC,0.98buythedip,10,4/11/25,8574.98,12000,8901.07
B,^GSPC,0.98buythedip,11,4/11/25,8574.98,12000,8813.55
B,^GSPC,0.98buythedip,12,4/11/25,8574.98,12000,8707.09
B,^GSPC,0.98buythedip,13,4/11/25,8574.98,12000,9212.45
B,^GSPC,0.98buythedip,14,4/11/25,8574.98,12000,9051.69
B,^GSPC,0.98buythedip,15,4/11/25,8574.98,12000,9262.75
B,^GSPC,0.98buythedip,16,4/11/25,8574.98,12000,9020.8
B,^GSPC,0.98buythedip,17,4/11/25,8574.98,12000,9061.3
B,^GSPC,0.98buythedip,18,4/11/25,8574.98,12000,9178.86
B,^GSPC,0.98buythedip,19,4/11/25,8574.98,12000,9117.54
B,^GSPC,0.98buythedip,20,4/11/25,8574.98,12000,8995.51
B,^GSPC,0.98buythedip,21,4/11/25,8574.98,12000,8974.42
B,^GSPC,0.98buythedip,22,4/11/25,8574.98,12000,9136.68
B,^GSPC,0.98buythedip,23,4/11/25,8574.98,12000,9014.96
B,^GSPC,0.98buythedip,24,4/11/25,8574.98,12000,9110.08
B,^GSPC,0.98buythedip,25,4/11/25,8574.98,12000,9000.99
B,^GSPC,0.98buythedip,26,4/11/25,8574.98,12000,9065.65
B,^GSPC,0.98buythedip,27,4/11/25,8574.98,12000,9084.77
B,^GSPC,0.98buythedip,28,4/11/25,8574.98,12000,9199.58
B,^GSPC,0.98buythedip,29,4/11/25,8574.98,12000,8891.88
B,^GSPC,0.98buythedip,30,4/11/25,8574.98,12000,9060.41
B,^GSPC,0.98buythedip,31,4/11/25,8574.98,12000,9227.22
B,^GSPC,0.98buythedip,32,4/11/25,8574.98,12000,9075.57
B,^GSPC,0.98buythedip,33,4/11/25,8574.98,12000,8803.11
B,^GSPC,0.98buythedip,34,4/11/25,8574.98,12000,9047.03
B,^GSPC,0.98buythedip,35,4/11/25,8574.98,12000,8999.45
B,^GSPC,0.98buythedip,36,4/11/25,8574.98,12000,8945.34
B,^GSPC,0.98buythedip,37,4/11/25,8574.98,12000,8804.05
B,^GSPC,0.98buythedip,38,4/11/25,8574.98,12000,8875.49
B,^GSPC,0.98buythedip,39,4/11/25,8574.98,12000,9092.13
B,^GSPC,0.98buythedip,40,4/11/25,8574.98,12000,9085.6
B,^GSPC,0.98buythedip,41,4/11/25,8574.98,12000,9163.64
B,^GSPC,0.98buythedip,42,4/11/25,8574.98,12000,9269.5
B,^GSPC,0.98buythedip,43,4/11/25,8574.98,12000,8824.46
B,^GSPC,0.98buythedip,44,4/11/25,8574.98,12000,8937.34
B,^GSPC,0.98buythedip,45,4/11/25,8574.98,12000,9301.14
B,^GSPC,0.98buythedip,46,4/11/25,8574.98,12000,9102.33
B,^GSPC,0.98buythedip,47,4/11/25,8574.98,12000,8810.2
B,^GSPC,0.98buythedip,48,4/11/25,8574.98,12000,8990.29
B,^GSPC,0.98buythedip,49,4/11/25,8574.98,12000,8983.94
B,^GSPC,0.98buythedip,50,4/11/25,8574.98,12000,8799.31
B,^GSPC,0.98buythedip,51,4/11/25,8574.98,12000,8812.69
B,^GSPC,0.98buythedip,52,4/11/25,8574.98,12000,9097.68
B,^GSPC,0.98buythedip,53,4/11/25,8574.98,12000,9066.13
B,^GSPC,0.98buythedip,54,4/11/25,8574.98,12000,8728.38
B,^GSPC,0.98buythedip,55,4/11/25,8574.98,12000,9001.11
B,^GSPC,0.98buythedip,56,4/11/25,8574.98,12000,8902.56
B,^GSPC,0.98buythedip,57,4/11/25,8574.98,12000,8720.19
B,^GSPC,0.98buythedip,58,4/11/25,8574.98,12000,8926.85
B,^GSPC,0.98buythedip,59,4/11/25,8574.98,12000,9118.54
B,^GSPC,0.98buythedip,60,4/11/25,8574.98,12000,9204.5
B,^GSPC,0.98buythedip,61,4/11/25,8574.98,12000,9027.24
B,^GSPC,0.98buythedip,62,4/11/25,8574.98,12000,9102.23
B,^GSPC,0.98buythedip,63,4/11/25,8574.98,12000,9092.62
B,^GSPC,0.98buythedip,64,4/11/25,8574.98,12000,9184.65
B,^GSPC,0.98buythedip,65,4/11/25,8574.98,12000,8888.83
B,^GSPC,0.98buythedip,66,4/11/25,8574.98,12000,9029.69
B,^GSPC,0.98buythedip,67,4/11/25,8574.98,12000,9065.96
B,^GSPC,0.98buythedip,68,4/11/25,8574.98,12000,8813.21
B,^GSPC,0.98buythedip,69,4/11/25,8574.98,12000,8684.11
B,^GSPC,0.98buythedip,70,4/11/25,8574.98,12000,9186.43
B,^GSPC,0.98buythedip,71,4/11/25,8574.98,12000,9105.35
B,^GSPC,0.98buythedip,72,4/11/25,8574.98,12000,8981.93
B,^GSPC,0.98buythedip,73,4/11/25,8574.98,12000,8926.81
B,^GSPC,0.98buythedip,74,4/11/25,8574.98,12000,9108.74
B,^GSPC,0.98buythedip,75,4/11/25,8574.98,12000,8663.69
B,^GSPC,0.98buythedip,76,4/11/25,8574.98,12000,9161.62
B,^GSPC,0.98buythedip,77,4/11/25,8574.98,12000,9116.01
B,^GSPC,0.98buythedip,78,4/11/25,8574.98,12000,9029.93
B,^GSPC,0.98buythedip,79,4/11/25,8574.98,12000,9087.6
B,^GSPC,0.98buythedip,80,4/11/25,8574.98,12000,8816.36
B,^GSPC,0.98buythedip,81,4/11/25,8574.98,12000,9048.2
B,^GSPC,0.98buythedip,82,4/11/25,8574.98,12000,9124.01
B,^GSPC,0.98buythedip,83,4/11/25,8574.98,12000,9257.02
B,^GSPC,0.98buythedip,84,4/11/25,8574.98,12000,8770.62
B,^GSPC,0.98buythedip,85,4/11/25,8574.98,12000,8846.24
B,^GSPC,0.98buythedip,86,4/11/25,8574.98,12000,9066.47
B,^GSPC,0.98buythedip,87,4/11/25,8574.98,12000,9078.52
B,^GSPC,0.98buythedip,88,4/11/25,8574.98,12000,9100.17
B,^GSPC,0.98buythedip,89,4/11/25,8574.98,12000,9038.9
B,^GSPC,0.98buythedip,90,4/11/25,8574.98,12000,8797.53
B,^GSPC,0.98buythedip,91,4/11/25,8574.98,12000,8816.51
B,^GSPC,0.98buythedip,92,4/11/25,8574.98,12000,8943.67
B,^GSPC,0.98buythedip,93,4/11/25,8574.98,12000,8922.52
B,^GSPC,0.98buythedip,94,4/11/25,8574.98,12000,8970.47
B,^GSPC,0.98buythedip,95,4/11/25,8574.98,12000,8938.71
B,^GSPC,0.98buythedip,96,4/11/25,8574.98,12000,9127.5
B,^GSPC,0.98buythedip,97,4/11/25,8574.98,12000,9147.81
B,^GSPC,0.98buythedip,98,4/11/25,8574.98,12000,8927.28
B,^GSPC,0.98buythedip,99,4/11/25,8574.98,12000,8884.05
B,^GSPC,0.98buythedip,100,4/11/25,8574.98,12000,9104.81
B,^GSPC,complexbuythedip,1,4/11/25,9261.02,8250,8883.75
B,^GSPC,complexbuythedip,2,4/11/25,9261.02,8250,8934.91
B,^GSPC,complexbuythedip,3,4/11/25,9261.02,8250,8788.8
B,^GSPC,complexbuythedip,4,4/11/25,9261.02,8250,9251.29
B,^GSPC,complexbuythedip,5,4/11/25,9261.02,8250,8944.39
B,^GSPC,complexbuythedip,6,4/11/25,9261.02,8250,8957.45
B,^GSPC,complexbuythedip,7,4/11/25,9261.02,8250,9107.29
B,^GSPC,complexbuythedip,8,4/11/25,9261.02,8250,8932.77
B,^GSPC,complexbuythedip,9,4/11/25,9261.02,8250,8905.65
B,^GSPC,complexbuythedip,10,4/11/25,9261.02,8250,8901.07
B,^GSPC,complexbuythedip,11,4/11/25,9261.02,8250,8813.55
B,^GSPC,complexbuythedip,12,4/11/25,9261.02,8250,8707.09
B,^GSPC,complexbuythedip,13,4/11/25,9261.02,8250,9212.45
B,^GSPC,complexbuythedip,14,4/11/25,9261.02,8250,9051.69
B,^GSPC,complexbuythedip,15,4/11/25,9261.02,8250,9262.75
B,^GSPC,complexbuythedip,16,4/11/25,9261.02,8250,9020.8
B,^GSPC,complexbuythedip,17,4/11/25,9261.02,8250,9061.3
B,^GSPC,complexbuythedip,18,4/11/25,9261.02,8250,9178.86
B,^GSPC,complexbuythedip,19,4/11/25,9261.02,8250,9117.54
B,^GSPC,complexbuythedip,20,4/11/25,9261.02,8250,8995.51
B,^GSPC,complexbuythedip,21,4/11/25,9261.02,8250,8974.42
B,^GSPC,complexbuythedip,22,4/11/25,9261.02,8250,9136.68
B,^GSPC,complexbuythedip,23,4/11/25,9261.02,8250,9014.96
B,^GSPC,complexbuythedip,24,4/11/25,9261.02,8250,9110.08
B,^GSPC,complexbuythedip,25,4/11/25,9261.02,8250,9000.99
B,^GSPC,complexbuythedip,26,4/11/25,9261.02,8250,9065.65
B,^GSPC,complexbuythedip,27,4/11/25,9261.02,8250,9084.77
B,^GSPC,complexbuythedip,28,4/11/25,9261.02,8250,9199.58
B,^GSPC,complexbuythedip,29,4/11/25,9261.02,8250,8891.88
B,^GSPC,complexbuythedip,30,4/11/25,9261.02,8250,9060.41
B,^GSPC,complexbuythedip,31,4/11/25,9261.02,8250,9227.22
B,^GSPC,complexbuythedip,32,4/11/25,9261.02,8250,9075.57
B,^GSPC,complexbuythedip,33,4/11/25,9261.02,8250,8803.11
B,^GSPC,complexbuythedip,34,4/11/25,9261.02,8250,9047.03
B,^GSPC,complexbuythedip,35,4/11/25,9261.02,8250,8999.45
B,^GSPC,complexbuythedip,36,4/11/25,9261.02,8250,8945.34
B,^GSPC,complexbuythedip,37,4/11/25,9261.02,8250,8804.05
B,^GSPC,complexbuythedip,38,4/11/25,9261.02,8250,8875.49
B,^GSPC,complexbuythedip,39,4/11/25,9261.02,8250,9092.13
B,^GSPC,complexbuythedip,40,4/11/25,9261.02,8250,9085.6
B,^GSPC,complexbuythedip,41,4/11/25,9261.02,8250,9163.64
B,^GSPC,complexbuythedip,42,4/11/25,9261.02,8250,9269.5
B,^GSPC,complexbuythedip,43,4/11/25,9261.02,8250,8824.46
B,^GSPC,complexbuythedip,44,4/11/25,9261.02,8250,8937.34
B,^GSPC,complexbuythedip,45,4/11/25,9261.02,8250,9301.14
B,^GSPC,complexbuythedip,46,4/11/25,9261.02,8250,9102.33
B,^GSPC,complexbuythedip,47,4/11/25,9261.02,8250,8810.2
B,^GSPC,complexbuythedip,48,4/11/25,9261.02,8250,8990.29
B,^GSPC,complexbuythedip,49,4/11/25,9261.02,8250,8983.94
B,^GSPC,complexbuythedip,50,4/11/25,9261.02,8250,8799.31
B,^GSPC,complexbuythedip,51,4/11/25,9261.02,8250,8812.69
B,^GSPC,complexbuythedip,52,4/11/25,9261.02,8250,9097.68
B,^GSPC,complexbuythedip,53,4/11/25,9261.02,8250,9066.13
B,^GSPC,complexbuythedip,54,4/11/25,9261.02,8250,8728.38
B,^GSPC,complexbuythedip,55,4/11/25,9261.02,8250,9001.11
B,^GSPC,complexbuythedip,56,4/11/25,9261.02,8250,8902.56
B,^GSPC,complexbuythedip,57,4/11/25,9261.02,8250,8720.19
B,^GSPC,complexbuythedip,58,4/11/25,9261.02,8250,8926.85
B,^GSPC,complexbuythedip,59,4/11/25,9261.02,8250,9118.54
B,^GSPC,complexbuythedip,60,4/11/25,9261.02,8250,9204.5
B,^GSPC,complexbuythedip,61,4/11/25,9261.02,8250,9027.24
B,^GSPC,complexbuythedip,62,4/11/25,9261.02,8250,9102.23
B,^GSPC,complexbuythedip,63,4/11/25,9261.02,8250,9092.62
B,^GSPC,complexbuythedip,64,4/11/25,9261.02,8250,9184.65
B,^GSPC,complexbuythedip,65,4/11/25,9261.02,8250,8888.83
B,^GSPC,complexbuythedip,66,4/11/25,9261.02,8250,9029.69
B,^GSPC,complexbuythedip,67,4/11/25,9261.02,8250,9065.96
B,^GSPC,complexbuythedip,68,4/11/25,9261.02,8250,8813.21
B,^GSPC,complexbuythedip,69,4/11/25,9261.02,8250,8684.11
B,^GSPC,complexbuythedip,70,4/11/25,9261.02,8250,9186.43
B,^GSPC,complexbuythedip,71,4/11/25,9261.02,8250,9105.35
B,^GSPC,complexbuythedip,72,4/11/25,9261.02,8250,8981.93
B,^GSPC,complexbuythedip,73,4/11/25,9261.02,8250,8926.81
B,^GSPC,complexbuythedip,74,4/11/25,9261.02,8250,9108.74
B,^GSPC,complexbuythedip,75,4/11/25,9261.02,8250,8663.69
B,^GSPC,complexbuythedip,76,4/11/25,9261.02,8250,9161.62
B,^GSPC,complexbuythedip,77,4/11/25,9261.02,8250,9116.01
B,^GSPC,complexbuythedip,78,4/11/25,9261.02,8250,9029.93
B,^GSPC,complexbuythedip,79,4/11/25,9261.02,8250,9087.6
B,^GSPC,complexbuythedip,80,4/11/25,9261.02,8250,8816.36
B,^GSPC,complexbuythedip,81,4/11/25,9261.02,8250,9048.2
B,^GSPC,complexbuythedip,82,4/11/25,9261.02,8250,9124.01
B,^GSPC,complexbuythedip,83,4/11/25,9261.02,8250,9257.02
B,^GSPC,complexbuythedip,84,4/11/25,9261.02,8250,8770.62
B,^GSPC,complexbuythedip,85,4/11/25,9261.02,8250,8846.24
B,^GSPC,complexbuythedip,86,4/11/25,9261.02,8250,9066.47
B,^GSPC,complexbuythedip,87,4/11/25,9261.02,8250,9078.52
B,^GSPC,complexbuythedip,88,4/11/25,9261.02,8250,9100.17
B,^GSPC,complexbuythedip,89,4/11/25,9261.02,8250,9038.9
B,^GSPC,complexbuythedip,90,4/11/25,9261.02,8250,8797.53
B,^GSPC,complexbuythedip,91,4/11/25,9261.02,8250,8816.51
B,^GSPC,complexbuythedip,92,4/11/25,9261.02,8250,8943.67
B,^GSPC,complexbuythedip,93,4/11/25,9261.02,8250,8922.52
B,^GSPC,complexbuythedip,94,4/11/25,9261.02,8250,8970.47
B,^GSPC,complexbuythedip,95,4/11/25,9261.02,8250,8938.71
B,^GSPC,complexbuythedip,96,4/11/25,9261.02,8250,9127.5
B,^GSPC,complexbuythedip,97,4/11/25,9261.02,8250,9147.81
B,^GSPC,complexbuythedip,98,4/11/25,9261.02,8250,8927.28
B,^GSPC,complexbuythedip,99,4/11/25,9261.02,8250,8884.05
B,^GSPC,complexbuythedip,100,4/11/25,9261.02,8250,9104.81
C,^GSPC,first,1,4/11/25,115269.78,47000,112683.8
C,^GSPC,first,2,4/11/25,115269.78,47000,114809.66
C,^GSPC,first,3,4/11/25,115269.78,47000,111634
C,^GSPC,first,4,4/11/25,115269.78,47000,118937.13
C,^GSPC,first,5,4/11/25,115269.78,47000,117061.48
C,^GSPC,first,6,4/11/25,115269.78,47000,110677.76
C,^GSPC,first,7,4/11/25,115269.78,47000,115604.75
C,^GSPC,first,8,4/11/25,115269.78,47000,116568.29
C,^GSPC,first,9,4/11/25,115269.78,47000,122941.42
C,^GSPC,first,10,4/11/25,115269.78,47000,111274.2
C,^GSPC,first,11,4/11/25,115269.78,47000,119578.63
C,^GSPC,first,12,4/11/25,115269.78,47000,114229.61
C,^GSPC,first,13,4/11/25,115269.78,47000,112131.92
C,^GSPC,first,14,4/11/25,115269.78,47000,115410.24
C,^GSPC,first,15,4/11/25,115269.78,47000,112184.53
C,^GSPC,first,16,4/11/25,115269.78,47000,118090.65
C,^GSPC,first,17,4/11/25,115269.78,47000,111132.45
C,^GSPC,first,18,4/11/25,115269.78,47000,108311.73
C,^GSPC,first,19,4/11/25,115269.78,47000,114484.1
C,^GSPC,first,20,4/11/25,115269.78,47000,125635.64
C,^GSPC,first,21,4/11/25,115269.78,47000,116990.86
C,^GSPC,first,22,4/11/25,115269.78,47000,119423.68
C,^GSPC,first,23,4/11/25,115269.78,47000,116186.75
C,^GSPC,first,24,4/11/25,115269.78,47000,114717.65
C,^GSPC,first,25,4/11/25,115269.78,47000,116198.41
C,^GSPC,first,26,4/11/25,115269.78,47000,126087.92
C,^GSPC,first,27,4/11/25,115269.78,47000,118596.01
C,^GSPC,first,28,4/11/25,115269.78,47000,116320.31
C,^GSPC,first,29,4/11/25,115269.78,47000,119662.22
C,^GSPC,first,30,4/11/25,115269.78,47000,113881
C,^GSPC,first,31,4/11/25,115269.78,47000,116320.88
C,^GSPC,first,32,4/11/25,115269.78,47000,124248.49
C,^GSPC,first,33,4/11/25,115269.78,47000,117686.69
C,^GSPC,first,34,4/11/25,115269.78,47000,110179.26
C,^GSPC,first,35,4/11/25,115269.78,47000,115054.61
C,^GSPC,first,36,4/11/25,115269.78,47000,115025.81
C,^GSPC,first,37,4/11/25,115269.78,47000,119654.95
C,^GSPC,first,38,4/11/25,115269.78,47000,116373.55
C,^GSPC,first,39,4/11/25,115269.78,47000,119621.16
C,^GSPC,first,40,4/11/25,115269.78,47000,114032.28
C,^GSPC,first,41,4/11/25,115269.78,47000,116863.86
C,^GSPC,first,42,4/11/25,115269.78,47000,118126.54
C,^GSPC,first,43,4/11/25,115269.78,47000,121158.92
C,^GSPC,first,44,4/11/25,115269.78,47000,119653.29
C,^GSPC,first,45,4/11/25,115269.78,47000,120023.49
C,^GSPC,first,46,4/11/25,115269.78,47000,119084.31
C,^GSPC,first,47,4/11/25,115269.78,47000,112289.35
C,^GSPC,first,48,4/11/25,115269.78,47000,115413.74
C,^GSPC,first,49,4/11/25,115269.78,47000,114496.69
C,^GSPC,first,50,4/11/25,115269.78,47000,115849.92
C,^GSPC,first,51,4/11/25,115269.78,47000,106922.3
C,^GSPC,first,52,4/11/25,115269.78,47000,121876.51
C,^GSPC,first,53,4/11/25,115269.78,47000,114151.42
C,^GSPC,first,54,4/11/25,115269.78,47000,110466.47
C,^GSPC,first,55,4/11/25,115269.78,47000,113565.71
C,^GSPC,first,56,4/11/25,115269.78,47000,117852.21
C,^GSPC,first,57,4/11/25,115269.78,47000,118747.51
C,^GSPC,first,58,4/11/25,115269.78,47000,120939.27
C,^GSPC,first,59,4/11/25,115269.78,47000,117518.06
C,^GSPC,first,60,4/11/25,115269.78,47000,114196.85
C,^GSPC,first,61,4/11/25,115269.78,47000,113994.11
C,^GSPC,first,62,4/11/25,115269.78,47000,115973.36
C,^GSPC,first,63,4/11/25,115269.78,47000,116551.24
C,^GSPC,first,64,4/11/25,115269.78,47000,121925.24
C,^GSPC,first,65,4/11/25,115269.78,47000,112128.06
C,^GSPC,first,66,4/11/25,115269.78,47000,117331.4
C,^GSPC,first,67,4/11/25,115269.78,47000,118566.31
C,^GSPC,first,68,4/11/25,115269.78,47000,111587.61
C,^GSPC,first,69,4/11/25,115269.78,47000,115049.38
C,^GSPC,first,70,4/11/25,115269.78,47000,119278.96
C,^GSPC,first,71,4/11/25,115269.78,47000,111300.78
C,^GSPC,first,72,4/11/25,115269.78,47000,119368.7
C,^GSPC,first,73,4/11/25,115269.78,47000,113657
C,^GSPC,first,74,4/11/25,115269.78,47000,114188.51
C,^GSPC,first,75,4/11/25,115269.78,47000,111004.74
C,^GSPC,first,76,4/11/25,115269.78,47000,114211.06
C,^GSPC,first,77,4/11/25,115269.78,47000,118447.3
C,^GSPC,first,78,4/11/25,115269.78,47000,115895.31
C,^GSPC,first,79,4/11/25,115269.78,47000,116907.93
C,^GSPC,first,80,4/11/25,115269.78,47000,116078.19
C,^GSPC,first,81,4/11/25,115269.78,47000,114341.03
C,^GSPC,first,82,4/11/25,115269.78,47000,120431.95
C,^GSPC,first,83,4/11/25,115269.78,47000,112885.85
C,^GSPC,first,84,4/11/25,115269.78,47000,115621.58
C,^GSPC,first,85,4/11/25,115269.78,47000,118253.51
C,^GSPC,first,86,4/11/25,115269.78,47000,113790.45
C,^GSPC,first,87,4/11/25,115269.78,47000,119047.44
C,^GSPC,first,88,4/11/25,115269.78,47000,112270.89
C,^GSPC,first,89,4/11/25,115269.78,47000,112715.22
C,^GSPC,first,90,4/11/25,115269.78,47000,113806.16
C,^GSPC,first,91,4/11/25,115269.78,47000,108614.04
C,^GSPC,first,92,4/11/25,115269.78,47000,113490.77
C,^GSPC,first,93,4/11/25,115269.78,47000,118839.12
C,^GSPC,first,94,4/11/25,115269.78,47000,116556.29
C,^GSPC,first,95,4/11/25,115269.78,47000,114805.46
C,^GSPC,first,96,4/11/25,115269.78,47000,115287.25
C,^GSPC,first,97,4/11/25,115269.78,47000,124025.73
C,^GSPC,first,98,4/11/25,115269.78,47000,116833.56
C,^GSPC,first,99,4/11/25,115269.78,47000,113378.49
C,^GSPC,first,100,4/11/25,115269.78,47000,119125.87
C,^GSPC,losing,1,4/11/25,115854.84,47250,112683.8
C,^GSPC,losing,2,4/11/25,115854.84,47250,114809.66
C,^GSPC,losing,3,4/11/25,115854.84,47250,111634
C,^GSPC,losing,4,4/11/25,115854.84,47250,118937.13
C,^GSPC,losing,5,4/11/25,115854.84,47250,117061.48
C,^GSPC,losing,6,4/11/25,115854.84,47250,110677.76
C,^GSPC,losing,7,4/11/25,115854.84,47250,115604.75
C,^GSPC,losing,8,4/11/25,115854.84,47250,116568.29
C,^GSPC,losing,9,4/11/25,115854.84,47250,122941.42
C,^GSPC,losing,10,4/11/25,115854.84,47250,111274.2
C,^GSPC,losing,11,4/11/25,115854.84,47250,119578.63
C,^GSPC,losing,12,4/11/25,115854.84,47250,114229.61
C,^GSPC,losing,13,4/11/25,115854.84,47250,112131.92
C,^GSPC,losing,14,4/11/25,115854.84,47250,115410.24
C,^GSPC,losing,15,4/11/25,115854.84,47250,112184.53
C,^GSPC,losing,16,4/11/25,115854.84,47250,118090.65
C,^GSPC,losing,17,4/11/25,115854.84,47250,111132.45
C,^GSPC,losing,18,4/11/25,115854.84,47250,108311.73
C,^GSPC,losing,19,4/11/25,115854.84,47250,114484.1
C,^GSPC,losing,20,4/11/25,115854.84,47250,125635.64
C,^GSPC,losing,21,4/11/25,115854.84,47250,116990.86
C,^GSPC,losing,22,4/11/25,115854.84,47250,119423.68
C,^GSPC,losing,23,4/11/25,115854.84,47250,116186.75
C,^GSPC,losing,24,4/11/25,115854.84,47250,114717.65
C,^GSPC,losing,25,4/11/25,115854.84,47250,116198.41
C,^GSPC,losing,26,4/11/25,115854.84,47250,126087.92
C,^GSPC,losing,27,4/11/25,115854.84,47250,118596.01
C,^GSPC,losing,28,4/11/25,115854.84,47250,116320.31
C,^GSPC,losing,29,4/11/25,115854.84,47250,119662.22
C,^GSPC,losing,30,4/11/25,115854.84,47250,113881
C,^GSPC,losing,31,4/11/25,115854.84,47250,116320.88
C,^GSPC,losing,32,4/11/25,115854.84,47250,124248.49
C,^GSPC,losing,33,4/11/25,115854.84,47250,117686.69
C,^GSPC,losing,34,4/11/25,115854.84,47250,110179.26
C,^GSPC,losing,35,4/11/25,115854.84,47250,115054.61
C,^GSPC,losing,36,4/11/25,115854.84,47250,115025.81
C,^GSPC,losing,37,4/11/25,115854.84,47250,119654.95
C,^GSPC,losing,38,4/11/25,115854.84,47250,116373.55
C,^GSPC,losing,39,4/11/25,115854.84,47250,119621.16
C,^GSPC,losing,40,4/11/25,115854.84,47250,114032.28
C,^GSPC,losing,41,4/11/25,115854.84,47250,116863.86
C,^GSPC,losing,42,4/11/25,115854.84,47250,118126.54
C,^GSPC,losing,43,4/11/25,115854.84,47250,121158.92
C,^GSPC,losing,44,4/11/25,115854.84,47250,119653.29
C,^GSPC,losing,45,4/11/25,115854.84,47250,120023.49
C,^GSPC,losing,46,4/11/25,115854.84,47250,119084.31
C,^GSPC,losing,47,4/11/25,115854.84,47250,112289.35
C,^GSPC,losing,48,4/11/25,115854.84,47250,115413.74
C,^GSPC,losing,49,4/11/25,115854.84,47250,114496.69
C,^GSPC,losing,50,4/11/25,115854.84,47250,115849.92
C,^GSPC,losing,51,4/11/25,115854.84,47250,106922.3
C,^GSPC,losing,52,4/11/25,115854.84,47250,121876.51
C,^GSPC,losing,53,4/11/25,115854.84,47250,114151.42
C,^GSPC,losing,54,4/11/25,115854.84,47250,110466.47
C,^GSPC,losing,55,4/11/25,115854.84,47250,113565.71
C,^GSPC,losing,56,4/11/25,115854.84,47250,117852.21
C,^GSPC,losing,57,4/11/25,115854.84,47250,118747.51
C,^GSPC,losing,58,4/11/25,115854.84,47250,120939.27
C,^GSPC,losing,59,4/11/25,115854.84,47250,117518.06
C,^GSPC,losing,60,4/11/25,115854.84,47250,114196.85
C,^GSPC,losing,61,4/11/25,115854.84,47250,113994.11
C,^GSPC,losing,62,4/11/25,115854.84,47250,115973.36
C,^GSPC,losing,63,4/11/25,115854.84,47250,116551.24
C,^GSPC,losing,64,4/11/25,115854.84,47250,121925.24
C,^GSPC,losing,65,4/11/25,115854.84,47250,112128.06
C,^GSPC,losing,66,4/11/25,115854.84,47250,117331.4
C,^GSPC,losing,67,4/11/25,115854.84,47250,118566.31
C,^GSPC,losing,68,4/11/25,115854.84,47250,111587.61
C,^GSPC,losing,69,4/11/25,115854.84,47250,115049.38
C,^GSPC,losing,70,4/11/25,115854.84,47250,119278.96
C,^GSPC,losing,71,4/11/25,115854.84,47250,111300.78
C,^GSPC,losing,72,4/11/25,115854.84,47250,119368.7
C,^GSPC,losing,73,4/11/25,115854.84,47250,113657
C,^GSPC,losing,74,4/11/25,115854.84,47250,114188.51
C,^GSPC,losing,75,4/11/25,115854.84,47250,111004.74
C,^GSPC,losing,76,4/11/25,115854.84,47250,114211.06
C,^GSPC,losing,77,4/11/25,115854.84,47250,118447.3
C,^GSPC,losing,78,4/11/25,115854.84,47250,115895.31
C,^GSPC,losing,79,4/11/25,115854.84,47250,116907.93
C,^GSPC,losing,80,4/11/25,115854.84,47250,116078.19
C,^GSPC,losing,81,4/11/25,115854.84,47250,114341.03
C,^GSPC,losing,82,4/11/25,115854.84,47250,120431.95
C,^GSPC,losing,83,4/11/25,115854.84,47250,112885.85
C,^GSPC,losing,84,4/11/25,115854.84,47250,115621.58
C,^GSPC,losing,85,4/11/25,115854.84,47250,118253.51
C,^GSPC,losing,86,4/11/25,115854.84,47250,113790.45
C,^GSPC,losing,87,4/11/25,115854.84,47250,119047.44
C,^GSPC,losing,88,4/11/25,115854.84,47250,112270.89
C,^GSPC,losing,89,4/11/25,115854.84,47250,112715.22
C,^GSPC,losing,90,4/11/25,115854.84,47250,113806.16
C,^GSPC,losing,91,4/11/25,115854.84,47250,108614.04
C,^GSPC,losing,92,4/11/25,115854.84,47250,113490.77
C,^GSPC,losing,93,4/11/25,115854.84,47250,118839.12
C,^GSPC,losing,94,4/11/25,115854.84,47250,116556.29
C,^GSPC,losing,95,4/11/25,115854.84,47250,114805.46
C,^GSPC,losing,96,4/11/25,115854.84,47250,115287.25
C,^GSPC,losing,97,4/11/25,115854.84,47250,124025.73
C,^GSPC,losing,98,4/11/25,115854.84,47250,116833.56
C,^GSPC,losing,99,4/11/25,115854.84,47250,113378.49
C,^GSPC,losing,100,4/11/25,115854.84,47250,119125.87
C,^GSPC,growing,1,4/11/25,115947.77,47000,112683.8
C,^GSPC,growing,2,4/11/25,115947.77,47000,114809.66
C,^GSPC,growing,3,4/11/25,115947.77,47000,111634
C,^GSPC,growing,4,4/11/25,115947.77,47000,118937.13
C,^GSPC,growing,5,4/11/25,115947.77,47000,117061.48
C,^GSPC,growing,6,4/11/25,115947.77,47000,110677.76
C,^GSPC,growing,7,4/11/25,115947.77,47000,115604.75
C,^GSPC,growing,8,4/11/25,115947.77,47000,116568.29
C,^GSPC,growing,9,4/11/25,115947.77,47000,122941.42
C,^GSPC,growing,10,4/11/25,115947.77,47000,111274.2
C,^GSPC,growing,11,4/11/25,115947.77,47000,119578.63
C,^GSPC,growing,12,4/11/25,115947.77,47000,114229.61
C,^GSPC,growing,13,4/11/25,115947.77,47000,112131.92
C,^GSPC,growing,14,4/11/25,115947.77,47000,115410.24
C,^GSPC,growing,15,4/11/25,115947.77,47000,112184.53
C,^GSPC,growing,16,4/11/25,115947.77,47000,118090.65
C,^GSPC,growing,17,4/11/25,115947.77,47000,111132.45
C,^GSPC,growing,18,4/11/25,115947.77,47000,108311.73
C,^GSPC,growing,19,4/11/25,115947.77,47000,114484.1
C,^GSPC,growing,20,4/11/25,115947.77,47000,125635.64
C,^GSPC,growing,21,4/11/25,115947.77,47000,116990.86
C,^GSPC,growing,22,4/11/25,115947.77,47000,119423.68
C,^GSPC,growing,23,4/11/25,115947.77,47000,116186.75
C,^GSPC,growing,24,4/11/25,115947.77,47000,114717.65
C,^GSPC,growing,25,4/11/25,115947.77,47000,116198.41
C,^GSPC,growing,26,4/11/25,115947.77,47000,126087.92
C,^GSPC,growing,27,4/11/25,115947.77,47000,118596.01
C,^GSPC,growing,28,4/11/25,115947.77,47000,116320.31
C,^GSPC,growing,29,4/11/25,115947.77,47000,119662.22
C,^GSPC,growing,30,4/11/25,115947.77,47000,113881
C,^GSPC,growing,31,4/11/25,115947.77,47000,116320.88
C,^GSPC,growing,32,4/11/25,115947.77,47000,124248.49
C,^GSPC,growing,33,4/11/25,115947.77,47000,117686.69
C,^GSPC,growing,34,4/11/25,115947.77,47000,110179.26
C,^GSPC,growing,35,4/11/25,115947.77,47000,115054.61
C,^GSPC,growing,36,4/11/25,115947.77,47000,115025.81
C,^GSPC,growing,37,4/11/25,115947.77,47000,119654.95
C,^GSPC,growing,38,4/11/25,115947.77,47000,116373.55
C,^GSPC,growing,39,4/11/25,115947.77,47000,119621.16
C,^GSPC,growing,40,4/11/25,115947.77,47000,114032.28
C,^GSPC,growing,41,4/11/25,115947.77,47000,116863.86
C,^GSPC,growing,42,4/11/25,115947.77,47000,118126.54
C,^GSPC,growing,43,4/11/25,115947.77,47000,121158.92
C,^GSPC,growing,44,4/11/25,115947.77,47000,119653.29
C,^GSPC,growing,45,4/11/25,115947.77,47000,120023.49
C,^GSPC,growing,46,4/11/25,115947.77,47000,119084.31
C,^GSPC,growing,47,4/11/25,115947.77,47000,112289.35
C,^GSPC,growing,48,4/11/25,115947.77,47000,115413.74
C,^GSPC,growing,49,4/11/25,115947.77,47000,114496.69
C,^GSPC,growing,50,4/11/25,115947.77,47000,115849.92
C,^GSPC,growing,51,4/11/25,115947.77,47000,106922.3
C,^GSPC,growing,52,4/11/25,115947.77,47000,121876.51
C,^GSPC,growing,53,4/11/25,115947.77,47000,114151.42
C,^GSPC,growing,54,4/11/25,115947.77,47000,110466.47
C,^GSPC,growing,55,4/11/25,115947.77,47000,113565.71
C,^GSPC,growing,56,4/11/25,115947.77,47000,117852.21
C,^GSPC,growing,57,4/11/25,115947.77,47000,118747.51
C,^GSPC,growing,58,4/11/25,115947.77,47000,120939.27
C,^GSPC,growing,59,4/11/25,115947.77,47000,117518.06
C,^GSPC,growing,60,4/11/25,115947.77,47000,114196.85
C,^GSPC,growing,61,4/11/25,115947.77,47000,113994.11
C,^GSPC,growing,62,4/11/25,115947.77,47000,115973.36
C,^GSPC,growing,63,4/11/25,115947.77,47000,116551.24
C,^GSPC,growing,64,4/11/25,115947.77,47000,121925.24
C,^GSPC,growing,65,4/11/25,115947.77,47000,112128.06
C,^GSPC,growing,66,4/11/25,115947.77,47000,117331.4
C,^GSPC,growing,67,4/11/25,115947.77,47000,118566.31
C,^GSPC,growing,68,4/11/25,115947.77,47000,111587.61
C,^GSPC,growing,69,4/11/25,115947.77,47000,115049.38
C,^GSPC,growing,70,4/11/25,115947.77,47000,119278.96
C,^GSPC,growing,71,4/11/25,115947.77,47000,111300.78
C,^GSPC,growing,72,4/11/25,115947.77,47000,119368.7
C,^GSPC,growing,73,4/11/25,115947.77,47000,113657
C,^GSPC,growing,74,4/11/25,115947.77,47000,114188.51
C,^GSPC,growing,75,4/11/25,115947.77,47000,111004.74
C,^GSPC,growing,76,4/11/25,115947.77,47000,114211.06
C,^GSPC,growing,77,4/11/25,115947.77,47000,118447.3
C,^GSPC,growing,78,4/11/25,115947.77,47000,115895.31
C,^GSPC,growing,79,4/11/25,115947.77,47000,116907.93
C,^GSPC,growing,80,4/11/25,115947.77,47000,116078.19
C,^GSPC,growing,81,4/11/25,115947.77,47000,114341.03
C,^GSPC,growing,82,4/11/25,115947.77,47000,120431.95
C,^GSPC,growing,83,4/11/25,115947.77,47000,112885.85
C,^GSPC,growing,84,4/11/25,115947.77,47000,115621.58
C,^GSPC,growing,85,4/11/25,115947.77,47000,118253.51
C,^GSPC,growing,86,4/11/25,115947.77,47000,113790.45
C,^GSPC,growing,87,4/11/25,115947.77,47000,119047.44
C,^GSPC,growing,88,4/11/25,115947.77,47000,112270.89
C,^GSPC,growing,89,4/11/25,115947.77,47000,112715.22
C,^GSPC,growing,90,4/11/25,115947.77,47000,113806.16
C,^GSPC,growing,91,4/11/25,115947.77,47000,108614.04
C,^GSPC,growing,92,4/11/25,115947.77,47000,113490.77
C,^GSPC,growing,93,4/11/25,115947.77,47000,118839.12
C,^GSPC,growing,94,4/11/25,115947.77,47000,116556.29
C,^GSPC,growing,95,4/11/25,115947.77,47000,114805.46
C,^GSPC,growing,96,4/11/25,115947.77,47000,115287.25
C,^GSPC,growing,97,4/11/25,115947.77,47000,124025.73
C,^GSPC,growing,98,4/11/25,115947.77,47000,116833.56
C,^GSPC,growing,99,4/11/25,115947.77,47000,113378.49
C,^GSPC,growing,100,4/11/25,115947.77,47000,119125.87
C,^GSPC,buythedip,1,4/11/25,11300.09,2500,112683.8
C,^GSPC,buythedip,2,4/11/25,11300.09,2500,114809.66
C,^GSPC,buythedip,3,4/11/25,11300.09,2500,111634
C,^GSPC,buythedip,4,4/11/25,11300.09,2500,118937.13
C,^GSPC,buythedip,5,4/11/25,11300.09,2500,117061.48
C,^GSPC,buythedip,6,4/11/25,11300.09,2500,110677.76
C,^GSPC,buythedip,7,4/11/25,11300.09,2500,115604.75
C,^GSPC,buythedip,8,4/11/25,11300.09,2500,116568.29
C,^GSPC,buythedip,9,4/11/25,11300.09,2500,122941.42
C,^GSPC,buythedip,10,4/11/25,11300.09,2500,111274.2
C,^GSPC,buythedip,11,4/11/25,11300.09,2500,119578.63
C,^GSPC,buythedip,12,4/11/25,11300.09,2500,114229.61
C,^GSPC,buythedip,13,4/11/25,11300.09,2500,112131.92
C,^GSPC,buythedip,14,4/11/25,11300.09,2500,115410.24
C,^GSPC,buythedip,15,4/11/25,11300.09,2500,112184.53
C,^GSPC,buythedip,16,4/11/25,11300.09,2500,118090.65
C,^GSPC,buythedip,17,4/11/25,11300.09,2500,111132.45
C,^GSPC,buythedip,18,4/11/25,11300.09,2500,108311.73
C,^GSPC,buythedip,19,4/11/25,11300.09,2500,114484.1
C,^GSPC,buythedip,20,4/11/25,11300.09,2500,125635.64
C,^GSPC,buythedip,21,4/11/25,11300.09,2500,116990.86
C,^GSPC,buythedip,22,4/11/25,11300.09,2500,119423.68
C,^GSPC,buythedip,23,4/11/25,11300.09,2500,116186.75
C,^GSPC,buythedip,24,4/11/25,11300.09,2500,114717.65
C,^GSPC,buythedip,25,4/11/25,11300.09,2500,116198.41
C,^GSPC,buythedip,26,4/11/25,11300.09,2500,126087.92
C,^GSPC,buythedip,27,4/11/25,11300.09,2500,118596.01
C,^GSPC,buythedip,28,4/11/25,11300.09,2500,116320.31
C,^GSPC,buythedip,29,4/11/25,11300.09,2500,119662.22
C,^GSPC,buythedip,30,4/11/25,11300.09,2500,113881
C,^GSPC,buythedip,31,4/11/25,11300.09,2500,116320.88
C,^GSPC,buythedip,32,4/11/25,11300.09,2500,124248.49
C,^GSPC,buythedip,33,4/11/25,11300.09,2500,117686.69
C,^GSPC,buythedip,34,4/11/25,11300.09,2500,110179.26
C,^GSPC,buythedip,35,4/11/25,11300.09,2500,115054.61
C,^GSPC,buythedip,36,4/11/25,11300.09,2500,115025.81
C,^GSPC,buythedip,37,4/11/25,11300.09,2500,119654.95
C,^GSPC,buythedip,38,4/11/25,11300.09,2500,116373.55
C,^GSPC,buythedip,39,4/11/25,11300.09,2500,119621.16
C,^GSPC,buythedip,40,4/11/25,11300.09,2500,114032.28
C,^GSPC,buythedip,41,4/11/25,11300.09,2500,116863.86
C,^GSPC,buythedip,42,4/11/25,11300.09,2500,118126.54
C,^GSPC,buythedip,43,4/11/25,11300.09,2500,121158.92
C,^GSPC,buythedip,44,4/11/25,11300.09,2500,119653.29
C,^GSPC,buythedip,45,4/11/25,11300.09,2500,120023.49
C,^GSPC,buythedip,46,4/11/25,11300.09,2500,119084.31
C,^GSPC,buythedip,47,4/11/25,11300.09,2500,112289.35
C,^GSPC,buythedip,48,4/11/25,11300.09,2500,115413.74
C,^GSPC,buythedip,49,4/11/25,11300.09,2500,114496.69
C,^GSPC,buythedip,50,4/11/25,11300.09,2500,115849.92
C,^GSPC,buythedip,51,4/11/25,11300.09,2500,106922.3
C,^GSPC,buythedip,52,4/11/25,11300.09,2500,121876.51
C,^GSPC,buythedip,53,4/11/25,11300.09,2500,114151.42
C,^GSPC,buythedip,54,4/11/25,11300.09,2500,110466.47
C,^GSPC,buythedip,55,4/11/25,11300.09,2500,113565.71
C,^GSPC,buythedip,56,4/11/25,11300.09,2500,117852.21
C,^GSPC,buythedip,57,4/11/25,11300.09,2500,118747.51
C,^GSPC,buythedip,58,4/11/25,11300.09,2500,120939.27
C,^GSPC,buythedip,59,4/11/25,11300.09,2500,117518.06
C,^GSPC,buythedip,60,4/11/25,11300.09,2500,114196.85
C,^GSPC,buythedip,61,4/11/25,11300.09,2500,113994.11
C,^GSPC,buythedip,62,4/11/25,11300.09,2500,115973.36
C,^GSPC,buythedip,63,4/11/25,11300.09,2500,116551.24
C,^GSPC,buythedip,64,4/11/25,11300.09,2500,121925.24
C,^GSPC,buythedip,65,4/11/25,11300.09,2500,112128.06
C,^GSPC,buythedip,66,4/11/25,11300.09,2500,117331.4
C,^GSPC,buythedip,67,4/11/25,11300.09,2500,118566.31
C,^GSPC,buythedip,68,4/11/25,11300.09,2500,111587.61
C,^GSPC,buythedip,69,4/11/25,11300.09,2500,115049.38
C,^GSPC,buythedip,70,4/11/25,11300.09,2500,119278.96
C,^GSPC,buythedip,71,4/11/25,11300.09,2500,111300.78
C,^GSPC,buythedip,72,4/11/25,11300.09,2500,119368.7
C,^GSPC,buythedip,73,4/11/25,11300.09,2500,113657
C,^GSPC,buythedip,74,4/11/25,11300.09,2500,114188.51
C,^GSPC,buythedip,75,4/11/25,11300.09,2500,111004.74
C,^GSPC,buythedip,76,4/11/25,11300.09,2500,114211.06
C,^GSPC,buythedip,77,4/11/25,11300.09,2500,118447.3
C,^GSPC,buythedip,78,4/11/25,11300.09,2500,115895.31
C,^GSPC,buythedip,79,4/11/25,11300.09,2500,116907.93
C,^GSPC,buythedip,80,4/11/25,11300.09,2500,116078.19
C,^GSPC,buythedip,81,4/11/25,11300.09,2500,114341.03
C,^GSPC,buythedip,82,4/11/25,11300.09,2500,120431.95
C,^GSPC,buythedip,83,4/11/25,11300.09,2500,112885.85
C,^GSPC,buythedip,84,4/11/25,11300.09,2500,115621.58
C,^GSPC,buythedip,85,4/11/25,11300.09,2500,118253.51
C,^GSPC,buythedip,86,4/11/25,11300.09,2500,113790.45
C,^GSPC,buythedip,87,4/11/25,11300.09,2500,119047.44
C,^GSPC,buythedip,88,4/11/25,11300.09,2500,112270.89
C,^GSPC,buythedip,89,4/11/25,11300.09,2500,112715.22
C,^GSPC,buythedip,90,4/11/25,11300.09,2500,113806.16
C,^GSPC,buythedip,91,4/11/25,11300.09,2500,108614.04
C,^GSPC,buythedip,92,4/11/25,11300.09,2500,113490.77
C,^GSPC,buythedip,93,4/11/25,11300.09,2500,118839.12
C,^GSPC,buythedip,94,4/11/25,11300.09,2500,116556.29
C,^GSPC,buythedip,95,4/11/25,11300.09,2500,114805.46
C,^GSPC,buythedip,96,4/11/25,11300.09,2500,115287.25
C,^GSPC,buythedip,97,4/11/25,11300.09,2500,124025.73
C,^GSPC,buythedip,98,4/11/25,11300.09,2500,116833.56
C,^GSPC,buythedip,99,4/11/25,11300.09,2500,113378.49
C,^GSPC,buythedip,100,4/11/25,11300.09,2500,119125.87
C,^GSPC,0.98buythedip,1,4/11/25,95310.25,61500,112683.8
C,^GSPC,0.98buythedip,2,4/11/25,95310.25,61500,114809.66
C,^GSPC,0.98buythedip,3,4/11/25,95310.25,61500,111634
C,^GSPC,0.98buythedip,4,4/11/25,95310.25,61500,118937.13
C,^GSPC,0.98buythedip,5,4/11/25,95310.25,61500,117061.48
C,^GSPC,0.98buythedip,6,4/11/25,95310.25,61500,110677.76
C,^GSPC,0.98buythedip,7,4/11/25,95310.25,61500,115604.75
C,^GSPC,0.98buythedip,8,4/11/25,95310.25,61500,116568.29
C,^GSPC,0.98buythedip,9,4/11/25,95310.25,61500,122941.42
C,^GSPC,0.98buythedip,10,4/11/25,95310.25,61500,111274.2
C,^GSPC,0.98buythedip,11,4/11/25,95310.25,61500,119578.63
C,^GSPC,0.98buythedip,12,4/11/25,95310.25,61500,114229.61
C,^GSPC,0.98buythedip,13,4/11/25,95310.25,61500,112131.92
C,^GSPC,0.98buythedip,14,4/11/25,95310.25,61500,115410.24
C,^GSPC,0.98buythedip,15,4/11/25,95310.25,61500,112184.53
C,^GSPC,0.98buythedip,16,4/11/25,95310.25,61500,118090.65
C,^GSPC,0.98buythedip,17,4/11/25,95310.25,61500,111132.45
C,^GSPC,0.98buythedip,18,4/11/25,95310.25,61500,108311.73
C,^GSPC,0.98buythedip,19,4/11/25,95310.25,61500,114484.1
C,^GSPC,0.98buythedip,20,4/11/25,95310.25,61500,125635.64
C,^GSPC,0.98buythedip,21,4/11/25,95310.25,61500,116990.86
C,^GSPC,0.98buythedip,22,4/11/25,95310.25,61500,119423.68
C,^GSPC,0.98buythedip,23,4/11/25,95310.25,61500,116186.75
C,^GSPC,0.98buythedip,24,4/11/25,95310.25,61500,114717.65
C,^GSPC,0.98buythedip,25,4/11/25,95310.25,61500,116198.41
C,^GSPC,0.98buythedip,26,4/11/25,95310.25,61500,126087.92
C,^GSPC,0.98buythedip,27,4/11/25,95310.25,61500,118596.01
C,^GSPC,0.98buythedip,28,4/11/25,95310.25,61500,116320.31
C,^GSPC,0.98buythedip,29,4/11/25,95310.25,61500,119662.22
C,^GSPC,0.98buythedip,30,4/11/25,95310.25,61500,113881
C,^GSPC,0.98buythedip,31,4/11/25,95310.25,61500,116320.88
C,^GSPC,0.98buythedip,32,4/11/25,95310.25,61500,124248.49
C,^GSPC,0.98buythedip,33,4/11/25,95310.25,61500,117686.69
C,^GSPC,0.98buythedip,34,4/11/25,95310.25,61500,110179.26
C,^GSPC,0.98buythedip,35,4/11/25,95310.25,61500,115054.61
C,^GSPC,0.98buythedip,36,4/11/25,95310.25,61500,115025.81
C,^GSPC,0.98buythedip,37,4/11/25,95310.25,61500,119654.95
C,^GSPC,0.98buythedip,38,4/11/25,95310.25,61500,116373.55
C,^GSPC,0.98buythedip,39,4/11/25,95310.25,61500,119621.16
C,^GSPC,0.98buythedip,40,4/11/25,95310.25,61500,114032.28
C,^GSPC,0.98buythedip,41,4/11/25,95310.25,61500,116863.86
C,^GSPC,0.98buythedip,42,4/11/25,95310.25,61500,118126.54
C,^GSPC,0.98buythedip,43,4/11/25,95310.25,61500,121158.92
C,^GSPC,0.98buythedip,44,4/11/25,95310.25,61500,119653.29
C,^GSPC,0.98buythedip,45,4/11/25,95310.25,61500,120023.49
C,^GSPC,0.98buythedip,46,4/11/25,95310.25,61500,119084.31
C,^GSPC,0.98buythedip,47,4/11/25,95310.25,61500,112289.35
C,^GSPC,0.98buythedip,48,4/11/25,95310.25,61500,115413.74
C,^GSPC,0.98buythedip,49,4/11/25,95310.25,61500,114496.69
C,^GSPC,0.98buythedip,50,4/11/25,95310.25,61500,115849.92
C,^GSPC,0.98buythedip,51,4/11/25,95310.25,61500,106922.3
C,^GSPC,0.98buythedip,52,4/11/25,95310.25,61500,121876.51
C,^GSPC,0.98buythedip,53,4/11/25,95310.25,61500,114151.42
C,^GSPC,0.98buythedip,54,4/11/25,95310.25,61500,110466.47
C,^GSPC,0.98buythedip,55,4/11/25,95310.25,61500,113565.71
C,^GSPC,0.98buythedip,56,4/11/25,95310.25,61500,117852.21
C,^GSPC,0.98buythedip,57,4/11/25,95310.25,61500,118747.51
C,^GSPC,0.98buythedip,58,4/11/25,95310.25,61500,120939.27
C,^GSPC,0.98buythedip,59,4/11/25,95310.25,61500,117518.06
C,^GSPC,0.98buythedip,60,4/11/25,95310.25,61500,114196.85
C,^GSPC,0.98buythedip,61,4/11/25,95310.25,61500,113994.11
C,^GSPC,0.98buythedip,62,4/11/25,95310.25,61500,115973.36
C,^GSPC,0.98buythedip,63,4/11/25,95310.25,61500,116551.24
C,^GSPC,0.98buythedip,64,4/11/25,95310.25,61500,121925.24
C,^GSPC,0.98buythedip,65,4/11/25,95310.25,61500,112128.06
C,^GSPC,0.98buythedip,66,4/11/25,95310.25,61500,117331.4
C,^GSPC,0.98buythedip,67,4/11/25,95310.25,61500,118566.31
C,^GSPC,0.98buythedip,68,4/11/25,95310.25,61500,111587.61
C,^GSPC,0.98buythedip,69,4/11/25,95310.25,61500,115049.38
C,^GSPC,0.98buythedip,70,4/11/25,95310.25,61500,119278.96
C,^GSPC,0.98buythedip,71,4/11/25,95310.25,61500,111300.78
C,^GSPC,0.98buythedip,72,4/11/25,95310.25,61500,119368.7
C,^GSPC,0.98buythedip,73,4/11/25,95310.25,61500,113657
C,^GSPC,0.98buythedip,74,4/11/25,95310.25,61500,114188.51
C,^GSPC,0.98buythedip,75,4/11/25,95310.25,61500,111004.74
C,^GSPC,0.98buythedip,76,4/11/25,95310.25,61500,114211.06
C,^GSPC,0.98buythedip,77,4/11/25,95310.25,61500,118447.3
C,^GSPC,0.98buythedip,78,4/11/25,95310.25,61500,115895.31
C,^GSPC,0.98buythedip,79,4/11/25,95310.25,61500,116907.93
C,^GSPC,0.98buythedip,80,4/11/25,95310.25,61500,116078.19
C,^GSPC,0.98buythedip,81,4/11/25,95310.25,61500,114341.03
C,^GSPC,0.98buythedip,82,4/11/25,95310.25,61500,120431.95
C,^GSPC,0.98buythedip,83,4/11/25,95310.25,61500,112885.85
C,^GSPC,0.98buythedip,84,4/11/25,95310.25,61500,115621.58
C,^GSPC,0.98buythedip,85,4/11/25,95310.25,61500,118253.51
C,^GSPC,0.98buythedip,86,4/11/25,95310.25,61500,113790.45
C,^GSPC,0.98buythedip,87,4/11/25,95310.25,61500,119047.44
C,^GSPC,0.98buythedip,88,4/11/25,95310.25,61500,112270.89
C,^GSPC,0.98buythedip,89,4/11/25,95310.25,61500,112715.22
C,^GSPC,0.98buythedip,90,4/11/25,95310.25,61500,113806.16
C,^GSPC,0.98buythedip,91,4/11/25,95310.25,61500,108614.04
C,^GSPC,0.98buythedip,92,4/11/25,95310.25,61500,113490.77
C,^GSPC,0.98buythedip,93,4/11/25,95310.25,61500,118839.12
C,^GSPC,0.98buythedip,94,4/11/25,95310.25,61500,116556.29
C,^GSPC,0.98buythedip,95,4/11/25,95310.25,61500,114805.46
C,^GSPC,0.98buythedip,96,4/11/25,95310.25,61500,115287.25
C,^GSPC,0.98buythedip,97,4/11/25,95310.25,61500,124025.73
C,^GSPC,0.98buythedip,98,4/11/25,95310.25,61500,116833.56
C,^GSPC,0.98buythedip,99,4/11/25,95310.25,61500,113378.49
C,^GSPC,0.98buythedip,100,4/11/25,95310.25,61500,119125.87
C,^GSPC,complexbuythedip,1,4/11/25,116091.41,47250,112683.8
C,^GSPC,complexbuythedip,2,4/11/25,116091.41,47250,114809.66
C,^GSPC,complexbuythedip,3,4/11/25,116091.41,47250,111634
C,^GSPC,complexbuythedip,4,4/11/25,116091.41,47250,118937.13
C,^GSPC,complexbuythedip,5,4/11/25,116091.41,47250,117061.48
C,^GSPC,complexbuythedip,6,4/11/25,116091.41,47250,110677.76
C,^GSPC,complexbuythedip,7,4/11/25,116091.41,47250,115604.75
C,^GSPC,complexbuythedip,8,4/11/25,116091.41,47250,116568.29
C,^GSPC,complexbuythedip,9,4/11/25,116091.41,47250,122941.42
C,^GSPC,complexbuythedip,10,4/11/25,116091.41,47250,111274.2
C,^GSPC,complexbuythedip,11,4/11/25,116091.41,47250,119578.63
C,^GSPC,complexbuythedip,12,4/11/25,116091.41,47250,114229.61
C,^GSPC,complexbuythedip,13,4/11/25,116091.41,47250,112131.92
C,^GSPC,complexbuythedip,14,4/11/25,116091.41,47250,115410.24
C,^GSPC,complexbuythedip,15,4/11/25,116091.41,47250,112184.53
C,^GSPC,complexbuythedip,16,4/11/25,116091.41,47250,118090.65
C,^GSPC,complexbuythedip,17,4/11/25,116091.41,47250,111132.45
C,^GSPC,complexbuythedip,18,4/11/25,116091.41,47250,108311.73
C,^GSPC,complexbuythedip,19,4/11/25,116091.41,47250,114484.1
C,^GSPC,complexbuythedip,20,4/11/25,116091.41,47250,125635.64
C,^GSPC,complexbuythedip,21,4/11/25,116091.41,47250,116990.86
C,^GSPC,complexbuythedip,22,4/11/25,116091.41,47250,119423.68
C,^GSPC,complexbuythedip,23,4/11/25,116091.41,47250,116186.75
C,^GSPC,complexbuythedip,24,4/11/25,116091.41,47250,114717.65
C,^GSPC,complexbuythedip,25,4/11/25,116091.41,47250,116198.41
C,^GSPC,complexbuythedip,26,4/11/25,116091.41,47250,126087.92
C,^GSPC,complexbuythedip,27,4/11/25,116091.41,47250,118596.01
C,^GSPC,complexbuythedip,28,4/11/25,116091.41,47250,116320.31
C,^GSPC,complexbuythedip,29,4/11/25,116091.41,47250,119662.22
C,^GSPC,complexbuythedip,30,4/11/25,116091.41,47250,113881
C,^GSPC,complexbuythedip,31,4/11/25,116091.41,47250,116320.88
C,^GSPC,complexbuythedip,32,4/11/25,116091.41,47250,124248.49
C,^GSPC,complexbuythedip,33,4/11/25,116091.41,47250,117686.69
C,^GSPC,complexbuythedip,34,4/11/25,116091.41,47250,110179.26
C,^GSPC,complexbuythedip,35,4/11/25,116091.41,47250,115054.61
C,^GSPC,complexbuythedip,36,4/11/25,116091.41,47250,115025.81
C,^GSPC,complexbuythedip,37,4/11/25,116091.41,47250,119654.95
C,^GSPC,complexbuythedip,38,4/11/25,116091.41,47250,116373.55
C,^GSPC,complexbuythedip,39,4/11/25,116091.41,47250,119621.16
C,^GSPC,complexbuythedip,40,4/11/25,116091.41,47250,114032.28
C,^GSPC,complexbuythedip,41,4/11/25,116091.41,47250,116863.86
C,^GSPC,complexbuythedip,42,4/11/25,116091.41,47250,118126.54
C,^GSPC,complexbuythedip,43,4/11/25,116091.41,47250,121158.92
C,^GSPC,complexbuythedip,44,4/11/25,116091.41,47250,119653.29
C,^GSPC,complexbuythedip,45,4/11/25,116091.41,47250,120023.49
C,^GSPC,complexbuythedip,46,4/11/25,116091.41,47250,119084.31
C,^GSPC,complexbuythedip,47,4/11/25,116091.41,47250,112289.35
C,^GSPC,complexbuythedip,48,4/11/25,116091.41,47250,115413.74
C,^GSPC,complexbuythedip,49,4/11/25,116091.41,47250,114496.69
C,^GSPC,complexbuythedip,50,4/11/25,116091.41,47250,115849.92
C,^GSPC,complexbuythedip,51,4/11/25,116091.41,47250,106922.3
C,^GSPC,complexbuythedip,52,4/11/25,116091.41,47250,121876.51
C,^GSPC,complexbuythedip,53,4/11/25,116091.41,47250,114151.42
C,^GSPC,complexbuythedip,54,4/11/25,116091.41,47250,110466.47
C,^GSPC,complexbuythedip,55,4/11/25,116091.41,47250,113565.71
C,^GSPC,complexbuythedip,56,4/11/25,116091.41,47250,117852.21
C,^GSPC,complexbuythedip,57,4/11/25,116091.41,47250,118747.51
C,^GSPC,complexbuythedip,58,4/11/25,116091.41,47250,120939.27
C,^GSPC,complexbuythedip,59,4/11/25,116091.41,47250,117518.06
C,^GSPC,complexbuythedip,60,4/11/25,116091.41,47250,114196.85
C,^GSPC,complexbuythedip,61,4/11/25,116091.41,47250,113994.11
C,^GSPC,complexbuythedip,62,4/11/25,116091.41,47250,115973.36
C,^GSPC,complexbuythedip,63,4/11/25,116091.41,47250,116551.24
C,^GSPC,complexbuythedip,64,4/11/25,116091.41,47250,121925.24
C,^GSPC,complexbuythedip,65,4/11/25,116091.41,47250,112128.06
C,^GSPC,complexbuythedip,66,4/11/25,116091.41,47250,117331.4
C,^GSPC,complexbuythedip,67,4/11/25,116091.41,47250,118566.31
C,^GSPC,complexbuythedip,68,4/11/25,116091.41,47250,111587.61
C,^GSPC,complexbuythedip,69,4/11/25,116091.41,47250,115049.38
C,^GSPC,complexbuythedip,70,4/11/25,116091.41,47250,119278.96
C,^GSPC,complexbuythedip,71,4/11/25,116091.41,47250,111300.78
C,^GSPC,complexbuythedip,72,4/11/25,116091.41,47250,119368.7
C,^GSPC,complexbuythedip,73,4/11/25,116091.41,47250,113657
C,^GSPC,complexbuythedip,74,4/11/25,116091.41,47250,114188.51
C,^GSPC,complexbuythedip,75,4/11/25,116091.41,47250,111004.74
C,^GSPC,complexbuythedip,76,4/11/25,116091.41,47250,114211.06
C,^GSPC,complexbuythedip,77,4/11/25,116091.41,47250,118447.3
C,^GSPC,complexbuythedip,78,4/11/25,116091.41,47250,115895.31
C,^GSPC,complexbuythedip,79,4/11/25,116091.41,47250,116907.93
C,^GSPC,complexbuythedip,80,4/11/25,116091.41,47250,116078.19
C,^GSPC,complexbuythedip,81,4/11/25,116091.41,47250,114341.03
C,^GSPC,complexbuythedip,82,4/11/25,116091.41,47250,120431.95
C,^GSPC,complexbuythedip,83,4/11/25,116091.41,47250,112885.85
C,^GSPC,complexbuythedip,84,4/11/25,116091.41,47250,115621.58
C,^GSPC,complexbuythedip,85,4/11/25,116091.41,47250,118253.51
C,^GSPC,complexbuythedip,86,4/11/25,116091.41,47250,113790.45
C,^GSPC,complexbuythedip,87,4/11/25,116091.41,47250,119047.44
C,^GSPC,complexbuythedip,88,4/11/25,116091.41,47250,112270.89
C,^GSPC,complexbuythedip,89,4/11/25,116091.41,47250,112715.22
C,^GSPC,complexbuythedip,90,4/11/25,116091.41,47250,113806.16
C,^GSPC,complexbuythedip,91,4/11/25,116091.41,47250,108614.04
C,^GSPC,complexbuythedip,92,4/11/25,116091.41,47250,113490.77
C,^GSPC,complexbuythedip,93,4/11/25,116091.41,47250,118839.12
C,^GSPC,complexbuythedip,94,4/11/25,116091.41,47250,116556.29
C,^GSPC,complexbuythedip,95,4/11/25,116091.41,47250,114805.46
C,^GSPC,complexbuythedip,96,4/11/25,116091.41,47250,115287.25
C,^GSPC,complexbuythedip,97,4/11/25,116091.41,47250,124025.73
C,^GSPC,complexbuythedip,98,4/11/25,116091.41,47250,116833.56
C,^GSPC,complexbuythedip,99,4/11/25,116091.41,47250,113378.49
C,^GSPC,complexbuythedip,100,4/11/25,116091.41,47250,119125.87
D,^GSPC,first,1,4/11/25,43006.81,18100,41972.41
D,^GSPC,first,2,4/11/25,43006.81,18100,42822.76
D,^GSPC,first,3,4/11/25,43006.81,18100,41552.49
D,^GSPC,first,4,4/11/25,43006.81,18100,44473.75
D,^GSPC,first,5,4/11/25,43006.81,18100,43723.49
D,^GSPC,first,6,4/11/25,43006.81,18100,41170
D,^GSPC,first,7,4/11/25,43006.81,18100,43140.79
D,^GSPC,first,8,4/11/25,43006.81,18100,43526.21
D,^GSPC,first,9,4/11/25,43006.81,18100,46075.46
D,^GSPC,first,10,4/11/25,43006.81,18100,41408.58
D,^GSPC,first,11,4/11/25,43006.81,18100,44730.35
D,^GSPC,first,12,4/11/25,43006.81,18100,42590.74
D,^GSPC,first,13,4/11/25,43006.81,18100,41751.66
D,^GSPC,first,14,4/11/25,43006.81,18100,43062.99
D,^GSPC,first,15,4/11/25,43006.81,18100,41772.71
D,^GSPC,first,16,4/11/25,43006.81,18100,44135.16
D,^GSPC,first,17,4/11/25,43006.81,18100,41351.87
D,^GSPC,first,18,4/11/25,43006.81,18100,40223.59
D,^GSPC,first,19,4/11/25,43006.81,18100,42692.54
D,^GSPC,first,20,4/11/25,43006.81,18100,47153.15
D,^GSPC,first,21,4/11/25,43006.81,18100,43695.24
D,^GSPC,first,22,4/11/25,43006.81,18100,44668.37
D,^GSPC,first,23,4/11/25,43006.81,18100,43373.6
D,^GSPC,first,24,4/11/25,43006.81,18100,42785.96
D,^GSPC,first,25,4/11/25,43006.81,18100,43378.26
D,^GSPC,first,26,4/11/25,43006.81,18100,47334.07
D,^GSPC,first,27,4/11/25,43006.81,18100,44337.3
D,^GSPC,first,28,4/11/25,43006.81,18100,43427.02
D,^GSPC,first,29,4/11/25,43006.81,18100,44763.78
D,^GSPC,first,30,4/11/25,43006.81,18100,42451.3
D,^GSPC,first,31,4/11/25,43006.81,18100,43427.25
D,^GSPC,first,32,4/11/25,43006.81,18100,46598.29
D,^GSPC,first,33,4/11/25,43006.81,18100,43973.57
D,^GSPC,first,34,4/11/25,43006.81,18100,40970.6
D,^GSPC,first,35,4/11/25,43006.81,18100,42920.74
D,^GSPC,first,36,4/11/25,43006.81,18100,42909.22
D,^GSPC,first,37,4/11/25,43006.81,18100,44760.88
D,^GSPC,first,38,4/11/25,43006.81,18100,43448.32
D,^GSPC,first,39,4/11/25,43006.81,18100,44747.36
D,^GSPC,first,40,4/11/25,43006.81,18100,42511.81
D,^GSPC,first,41,4/11/25,43006.81,18100,43644.44
D,^GSPC,first,42,4/11/25,43006.81,18100,44149.51
D,^GSPC,first,43,4/11/25,43006.81,18100,45362.46
D,^GSPC,first,44,4/11/25,43006.81,18100,44760.21
D,^GSPC,first,45,4/11/25,43006.81,18100,44908.29
D,^GSPC,first,46,4/11/25,43006.81,18100,44532.62
D,^GSPC,first,47,4/11/25,43006.81,18100,41814.64
D,^GSPC,first,48,4/11/25,43006.81,18100,43064.39
D,^GSPC,first,49,4/11/25,43006.81,18100,42697.57
D,^GSPC,first,50,4/11/25,43006.81,18100,43238.86
D,^GSPC,first,51,4/11/25,43006.81,18100,39667.81
D,^GSPC,first,52,4/11/25,43006.81,18100,45649.5
D,^GSPC,first,53,4/11/25,43006.81,18100,42559.46
D,^GSPC,first,54,4/11/25,43006.81,18100,41085.48
D,^GSPC,first,55,4/11/25,43006.81,18100,42325.18
D,^GSPC,first,56,4/11/25,43006.81,18100,44039.78
D,^GSPC,first,57,4/11/25,43006.81,18100,44397.9
D,^GSPC,first,58,4/11/25,43006.81,18100,45274.6
D,^GSPC,first,59,4/11/25,43006.81,18100,43906.12
D,^GSPC,first,60,4/11/25,43006.81,18100,42577.64
D,^GSPC,first,61,4/11/25,43006.81,18100,42496.54
D,^GSPC,first,62,4/11/25,43006.81,18100,43288.24
D,^GSPC,first,63,4/11/25,43006.81,18100,43519.39
D,^GSPC,first,64,4/11/25,43006.81,18100,45668.99
D,^GSPC,first,65,4/11/25,43006.81,18100,41750.12
D,^GSPC,first,66,4/11/25,43006.81,18100,43831.46
D,^GSPC,first,67,4/11/25,43006.81,18100,44325.42
D,^GSPC,first,68,4/11/25,43006.81,18100,41533.94
D,^GSPC,first,69,4/11/25,43006.81,18100,42918.65
D,^GSPC,first,70,4/11/25,43006.81,18100,44610.48
D,^GSPC,first,71,4/11/25,43006.81,18100,41419.21
D,^GSPC,first,72,4/11/25,43006.81,18100,44646.37
D,^GSPC,first,73,4/11/25,43006.81,18100,42361.69
D,^GSPC,first,74,4/11/25,43006.81,18100,42574.3
D,^GSPC,first,75,4/11/25,43006.81,18100,41300.79
D,^GSPC,first,76,4/11/25,43006.81,18100,42583.32
D,^GSPC,first,77,4/11/25,43006.81,18100,44277.82
D,^GSPC,first,78,4/11/25,43006.81,18100,43257.02
D,^GSPC,first,79,4/11/25,43006.81,18100,43662.07
D,^GSPC,first,80,4/11/25,43006.81,18100,43330.17
D,^GSPC,first,81,4/11/25,43006.81,18100,42635.31
D,^GSPC,first,82,4/11/25,43006.81,18100,45071.67
D,^GSPC,first,83,4/11/25,43006.81,18100,42053.24
D,^GSPC,first,84,4/11/25,43006.81,18100,43147.53
D,^GSPC,first,85,4/11/25,43006.81,18100,44200.3
D,^GSPC,first,86,4/11/25,43006.81,18100,42415.07
D,^GSPC,first,87,4/11/25,43006.81,18100,44517.87
D,^GSPC,first,88,4/11/25,43006.81,18100,41807.25
D,^GSPC,first,89,4/11/25,43006.81,18100,41984.98
D,^GSPC,first,90,4/11/25,43006.81,18100,42421.36
D,^GSPC,first,91,4/11/25,43006.81,18100,40344.51
D,^GSPC,first,92,4/11/25,43006.81,18100,42295.2
D,^GSPC,first,93,4/11/25,43006.81,18100,44434.55
D,^GSPC,first,94,4/11/25,43006.81,18100,43521.41
D,^GSPC,first,95,4/11/25,43006.81,18100,42821.08
D,^GSPC,first,96,4/11/25,43006.81,18100,43013.8
D,^GSPC,first,97,4/11/25,43006.81,18100,46509.19
D,^GSPC,first,98,4/11/25,43006.81,18100,43632.32
D,^GSPC,first,99,4/11/25,43006.81,18100,42250.29
D,^GSPC,first,100,4/11/25,43006.81,18100,44549.24
D,^GSPC,losing,1,4/11/25,43240.83,18200,41972.41
D,^GSPC,losing,2,4/11/25,43240.83,18200,42822.76
D,^GSPC,losing,3,4/11/25,43240.83,18200,41552.49
D,^GSPC,losing,4,4/11/25,43240.83,18200,44473.75
D,^GSPC,losing,5,4/11/25,43240.83,18200,43723.49
D,^GSPC,losing,6,4/11/25,43240.83,18200,41170
D,^GSPC,losing,7,4/11/25,43240.83,18200,43140.79
D,^GSPC,losing,8,4/11/25,43240.83,18200,43526.21
D,^GSPC,losing,9,4/11/25,43240.83,18200,46075.46
D,^GSPC,losing,10,4/11/25,43240.83,18200,41408.58
D,^GSPC,losing,11,4/11/25,43240.83,18200,44730.35
D,^GSPC,losing,12,4/11/25,43240.83,18200,42590.74
D,^GSPC,losing,13,4/11/25,43240.83,18200,41751.66
D,^GSPC,losing,14,4/11/25,43240.83,18200,43062.99
D,^GSPC,losing,15,4/11/25,43240.83,18200,41772.71
D,^GSPC,losing,16,4/11/25,43240.83,18200,44135.16
D,^GSPC,losing,17,4/11/25,43240.83,18200,41351.87
D,^GSPC,losing,18,4/11/25,43240.83,18200,40223.59
D,^GSPC,losing,19,4/11/25,43240.83,18200,42692.54
D,^GSPC,losing,20,4/11/25,43240.83,18200,47153.15
D,^GSPC,losing,21,4/11/25,43240.83,18200,43695.24
D,^GSPC,losing,22,4/11/25,43240.83,18200,44668.37
D,^GSPC,losing,23,4/11/25,43240.83,18200,43373.6
D,^GSPC,losing,24,4/11/25,43240.83,18200,42785.96
D,^GSPC,losing,25,4/11/25,43240.83,18200,43378.26
D,^GSPC,losing,26,4/11/25,43240.83,18200,47334.07
D,^GSPC,losing,27,4/11/25,43240.83,18200,44337.3
D,^GSPC,losing,28,4/11/25,43240.83,18200,43427.02
D,^GSPC,losing,29,4/11/25,43240.83,18200,44763.78
D,^GSPC,losing,30,4/11/25,43240.83,18200,42451.3
D,^GSPC,losing,31,4/11/25,43240.83,18200,43427.25
D,^GSPC,losing,32,4/11/25,43240.83,18200,46598.29
D,^GSPC,losing,33,4/11/25,43240.83,18200,43973.57
D,^GSPC,losing,34,4/11/25,43240.83,18200,40970.6
D,^GSPC,losing,35,4/11/25,43240.83,18200,42920.74
D,^GSPC,losing,36,4/11/25,43240.83,18200,42909.22
D,^GSPC,losing,37,4/11/25,43240.83,18200,44760.88
D,^GSPC,losing,38,4/11/25,43240.83,18200,43448.32
D,^GSPC,losing,39,4/11/25,43240.83,18200,44747.36
D,^GSPC,losing,40,4/11/25,43240.83,18200,42511.81
D,^GSPC,losing,41,4/11/25,43240.83,18200,43644.44
D,^GSPC,losing,42,4/11/25,43240.83,18200,44149.51
D,^GSPC,losing,43,4/11/25,43240.83,18200,45362.46
D,^GSPC,losing,44,4/11/25,43240.83,18200,44760.21
D,^GSPC,losing,45,4/11/25,43240.83,18200,44908.29
D,^GSPC,losing,46,4/11/25,43240.83,18200,44532.62
D,^GSPC,losing,47,4/11/25,43240.83,18200,41814.64
D,^GSPC,losing,48,4/11/25,43240.83,18200,43064.39
D,^GSPC,losing,49,4/11/25,43240.83,18200,42697.57
D,^GSPC,losing,50,4/11/25,43240.83,18200,43238.86
D,^GSPC,losing,51,4/11/25,43240.83,18200,39667.81
D,^GSPC,losing,52,4/11/25,43240.83,18200,45649.5
D,^GSPC,losing,53,4/11/25,43240.83,18200,42559.46
D,^GSPC,losing,54,4/11/25,43240.83,18200,41085.48
D,^GSPC,losing,55,4/11/25,43240.83,18200,42325.18
D,^GSPC,losing,56,4/11/25,43240.83,18200,44039.78
D,^GSPC,losing,57,4/11/25,43240.83,18200,44397.9
D,^GSPC,losing,58,4/11/25,43240.83,18200,45274.6
D,^GSPC,losing,59,4/11/25,43240.83,18200,43906.12
D,^GSPC,losing,60,4/11/25,43240.83,18200,42577.64
D,^GSPC,losing,61,4/11/25,43240.83,18200,42496.54
D,^GSPC,losing,62,4/11/25,43240.83,18200,43288.24
D,^GSPC,losing,63,4/11/25,43240.83,18200,43519.39
D,^GSPC,losing,64,4/11/25,43240.83,18200,45668.99
D,^GSPC,losing,65,4/11/25,43240.83,18200,41750.12
D,^GSPC,losing,66,4/11/25,43240.83,18200,43831.46
D,^GSPC,losing,67,4/11/25,43240.83,18200,44325.42
D,^GSPC,losing,68,4/11/25,43240.83,18200,41533.94
D,^GSPC,losing,69,4/11/25,43240.83,18200,42918.65
D,^GSPC,losing,70,4/11/25,43240.83,18200,44610.48
D,^GSPC,losing,71,4/11/25,43240.83,18200,41419.21
D,^GSPC,losing,72,4/11/25,43240.83,18200,44646.37
D,^GSPC,losing,73,4/11/25,43240.83,18200,42361.69
D,^GSPC,losing,74,4/11/25,43240.83,18200,42574.3
D,^GSPC,losing,75,4/11/25,43240.83,18200,41300.79
D,^GSPC,losing,76,4/11/25,43240.83,18200,42583.32
D,^GSPC,losing,77,4/11/25,43240.83,18200,44277.82
D,^GSPC,losing,78,4/11/25,43240.83,18200,43257.02
D,^GSPC,losing,79,4/11/25,43240.83,18200,43662.07
D,^GSPC,losing,80,4/11/25,43240.83,18200,43330.17
D,^GSPC,losing,81,4/11/25,43240.83,18200,42635.31
D,^GSPC,losing,82,4/11/25,43240.83,18200,45071.67
D,^GSPC,losing,83,4/11/25,43240.83,18200,42053.24
D,^GSPC,losing,84,4/11/25,43240.83,18200,43147.53
D,^GSPC,losing,85,4/11/25,43240.83,18200,44200.3
D,^GSPC,losing,86,4/11/25,43240.83,18200,42415.07
D,^GSPC,losing,87,4/11/25,43240.83,18200,44517.87
D,^GSPC,losing,88,4/11/25,43240.83,18200,41807.25
D,^GSPC,losing,89,4/11/25,43240.83,18200,41984.98
D,^GSPC,losing,90,4/11/25,43240.83,18200,42421.36
D,^GSPC,losing,91,4/11/25,43240.83,18200,40344.51
D,^GSPC,losing,92,4/11/25,43240.83,18200,42295.2
D,^GSPC,losing,93,4/11/25,43240.83,18200,44434.55
D,^GSPC,losing,94,4/11/25,43240.83,18200,43521.41
D,^GSPC,losing,95,4/11/25,43240.83,18200,42821.08
D,^GSPC,losing,96,4/11/25,43240.83,18200,43013.8
D,^GSPC,losing,97,4/11/25,43240.83,18200,46509.19
D,^GSPC,losing,98,4/11/25,43240.83,18200,43632.32
D,^GSPC,losing,99,4/11/25,43240.83,18200,42250.29
D,^GSPC,losing,100,4/11/25,43240.83,18200,44549.24
D,^GSPC,growing,1,4/11/25,43278,18100,41972.41
D,^GSPC,growing,2,4/11/25,43278,18100,42822.76
D,^GSPC,growing,3,4/11/25,43278,18100,41552.49
D,^GSPC,growing,4,4/11/25,43278,18100,44473.75
D,^GSPC,growing,5,4/11/25,43278,18100,43723.49
D,^GSPC,growing,6,4/11/25,43278,18100,41170
D,^GSPC,growing,7,4/11/25,43278,18100,43140.79
D,^GSPC,growing,8,4/11/25,43278,18100,43526.21
D,^GSPC,growing,9,4/11/25,43278,18100,46075.46
D,^GSPC,growing,10,4/11/25,43278,18100,41408.58
D,^GSPC,growing,11,4/11/25,43278,18100,44730.35
D,^GSPC,growing,12,4/11/25,43278,18100,42590.74
D,^GSPC,growing,13,4/11/25,43278,18100,41751.66
D,^GSPC,growing,14,4/11/25,43278,18100,43062.99
D,^GSPC,growing,15,4/11/25,43278,18100,41772.71
D,^GSPC,growing,16,4/11/25,43278,18100,44135.16
D,^GSPC,growing,17,4/11/25,43278,18100,41351.87
D,^GSPC,growing,18,4/11/25,43278,18100,40223.59
D,^GSPC,growing,19,4/11/25,43278,18100,42692.54
D,^GSPC,growing,20,4/11/25,43278,18100,47153.15
D,^GSPC,growing,21,4/11/25,43278,18100,43695.24
D,^GSPC,growing,22,4/11/25,43278,18100,44668.37
D,^GSPC,growing,23,4/11/25,43278,18100,43373.6
D,^GSPC,growing,24,4/11/25,43278,18100,42785.96
D,^GSPC,growing,25,4/11/25,43278,18100,43378.26
D,^GSPC,growing,26,4/11/25,43278,18100,47334.07
D,^GSPC,growing,27,4/11/25,43278,18100,44337.3
D,^GSPC,growing,28,4/11/25,43278,18100,43427.02
D,^GSPC,growing,29,4/11/25,43278,18100,44763.78
D,^GSPC,growing,30,4/11/25,43278,18100,42451.3
D,^GSPC,growing,31,4/11/25,43278,18100,43427.25
D,^GSPC,growing,32,4/11/25,43278,18100,46598.29
D,^GSPC,growing,33,4/11/25,43278,18100,43973.57
D,^GSPC,growing,34,4/11/25,43278,18100,40970.6
D,^GSPC,growing,35,4/11/25,43278,18100,42920.74
D,^GSPC,growing,36,4/11/25,43278,18100,42909.22
D,^GSPC,growing,37,4/11/25,43278,18100,44760.88
D,^GSPC,growing,38,4/11/25,43278,18100,43448.32
D,^GSPC,growing,39,4/11/25,43278,18100,44747.36
D,^GSPC,growing,40,4/11/25,43278,18100,42511.81
D,^GSPC,growing,41,4/11/25,43278,18100,43644.44
D,^GSPC,growing,42,4/11/25,43278,18100,44149.51
D,^GSPC,growing,43,4/11/25,43278,18100,45362.46
D,^GSPC,growing,44,4/11/25,43278,18100,44760.21
D,^GSPC,growing,45,4/11/25,43278,18100,44908.29
D,^GSPC,growing,46,4/11/25,43278,18100,44532.62
D,^GSPC,growing,47,4/11/25,43278,18100,41814.64
D,^GSPC,growing,48,4/11/25,43278,18100,43064.39
D,^GSPC,growing,49,4/11/25,43278,18100,42697.57
D,^GSPC,growing,50,4/11/25,43278,18100,43238.86
D,^GSPC,growing,51,4/11/25,43278,18100,39667.81
D,^GSPC,growing,52,4/11/25,43278,18100,45649.5
D,^GSPC,growing,53,4/11/25,43278,18100,42559.46
D,^GSPC,growing,54,4/11/25,43278,18100,41085.48
D,^GSPC,growing,55,4/11/25,43278,18100,42325.18
D,^GSPC,growing,56,4/11/25,43278,18100,44039.78
D,^GSPC,growing,57,4/11/25,43278,18100,44397.9
D,^GSPC,growing,58,4/11/25,43278,18100,45274.6
D,^GSPC,growing,59,4/11/25,43278,18100,43906.12
D,^GSPC,growing,60,4/11/25,43278,18100,42577.64
D,^GSPC,growing,61,4/11/25,43278,18100,42496.54
D,^GSPC,growing,62,4/11/25,43278,18100,43288.24
D,^GSPC,growing,63,4/11/25,43278,18100,43519.39
D,^GSPC,growing,64,4/11/25,43278,18100,45668.99
D,^GSPC,growing,65,4/11/25,43278,18100,41750.12
D,^GSPC,growing,66,4/11/25,43278,18100,43831.46
D,^GSPC,growing,67,4/11/25,43278,18100,44325.42
D,^GSPC,growing,68,4/11/25,43278,18100,41533.94
D,^GSPC,growing,69,4/11/25,43278,18100,42918.65
D,^GSPC,growing,70,4/11/25,43278,18100,44610.48
D,^GSPC,growing,71,4/11/25,43278,18100,41419.21
D,^GSPC,growing,72,4/11/25,43278,18100,44646.37
D,^GSPC,growing,73,4/11/25,43278,18100,42361.69
D,^GSPC,growing,74,4/11/25,43278,18100,42574.3
D,^GSPC,growing,75,4/11/25,43278,18100,41300.79
D,^GSPC,growing,76,4/11/25,43278,18100,42583.32
D,^GSPC,growing,77,4/11/25,43278,18100,44277.82
D,^GSPC,growing,78,4/11/25,43278,18100,43257.02
D,^GSPC,growing,79,4/11/25,43278,18100,43662.07
D,^GSPC,growing,80,4/11/25,43278,18100,43330.17
D,^GSPC,growing,81,4/11/25,43278,18100,42635.31
D,^GSPC,growing,82,4/11/25,43278,18100,45071.67
D,^GSPC,growing,83,4/11/25,43278,18100,42053.24
D,^GSPC,growing,84,4/11/25,43278,18100,43147.53
D,^GSPC,growing,85,4/11/25,43278,18100,44200.3
D,^GSPC,growing,86,4/11/25,43278,18100,42415.07
D,^GSPC,growing,87,4/11/25,43278,18100,44517.87
D,^GSPC,growing,88,4/11/25,43278,18100,41807.25
D,^GSPC,growing,89,4/11/25,43278,18100,41984.98
D,^GSPC,growing,90,4/11/25,43278,18100,42421.36
D,^GSPC,growing,91,4/11/25,43278,18100,40344.51
D,^GSPC,growing,92,4/11/25,43278,18100,42295.2
D,^GSPC,growing,93,4/11/25,43278,18100,44434.55
D,^GSPC,growing,94,4/11/25,43278,18100,43521.41
D,^GSPC,growing,95,4/11/25,43278,18100,42821.08
D,^GSPC,growing,96,4/11/25,43278,18100,43013.8
D,^GSPC,growing,97,4/11/25,43278,18100,46509.19
D,^GSPC,growing,98,4/11/25,43278,18100,43632.32
D,^GSPC,growing,99,4/11/25,43278,18100,42250.29
D,^GSPC,growing,100,4/11/25,43278,18100,44549.24
D,^GSPC,buythedip,1,4/11/25,1418.93,300,41972.41
D,^GSPC,buythedip,2,4/11/25,1418.93,300,42822.76
D,^GSPC,buythedip,3,4/11/25,1418.93,300,41552.49
D,^GSPC,buythedip,4,4/11/25,1418.93,300,44473.75
D,^GSPC,buythedip,5,4/11/25,1418.93,300,43723.49
D,^GSPC,buythedip,6,4/11/25,1418.93,300,41170
D,^GSPC,buythedip,7,4/11/25,1418.93,300,43140.79
D,^GSPC,buythedip,8,4/11/25,1418.93,300,43526.21
D,^GSPC,buythedip,9,4/11/25,1418.93,300,46075.46
D,^GSPC,buythedip,10,4/11/25,1418.93,300,41408.58
D,^GSPC,buythedip,11,4/11/25,1418.93,300,44730.35
D,^GSPC,buythedip,12,4/11/25,1418.93,300,42590.74
D,^GSPC,buythedip,13,4/11/25,1418.93,300,41751.66
D,^GSPC,buythedip,14,4/11/25,1418.93,300,43062.99
D,^GSPC,buythedip,15,4/11/25,1418.93,300,41772.71
D,^GSPC,buythedip,16,4/11/25,1418.93,300,44135.16
D,^GSPC,buythedip,17,4/11/25,1418.93,300,41351.87
D,^GSPC,buythedip,18,4/11/25,1418.93,300,40223.59
D,^GSPC,buythedip,19,4/11/25,1418.93,300,42692.54
D,^GSPC,buythedip,20,4/11/25,1418.93,300,47153.15
D,^GSPC,buythedip,21,4/11/25,1418.93,300,43695.24
D,^GSPC,buythedip,22,4/11/25,1418.93,300,44668.37
D,^GSPC,buythedip,23,4/11/25,1418.93,300,43373.6
D,^GSPC,buythedip,24,4/11/25,1418.93,300,42785.96
D,^GSPC,buythedip,25,4/11/25,1418.93,300,43378.26
D,^GSPC,buythedip,26,4/11/25,1418.93,300,47334.07
D,^GSPC,buythedip,27,4/11/25,1418.93,300,44337.3
D,^GSPC,buythedip,28,4/11/25,1418.93,300,43427.02
D,^GSPC,buythedip,29,4/11/25,1418.93,300,44763.78
D,^GSPC,buythedip,30,4/11/25,1418.93,300,42451.3
D,^GSPC,buythedip,31,4/11/25,1418.93,300,43427.25
D,^GSPC,buythedip,32,4/11/25,1418.93,300,46598.29
D,^GSPC,buythedip,33,4/11/25,1418.93,300,43973.57
D,^GSPC,buythedip,34,4/11/25,1418.93,300,40970.6
D,^GSPC,buythedip,35,4/11/25,1418.93,300,42920.74
D,^GSPC,buythedip,36,4/11/25,1418.93,300,42909.22
D,^GSPC,buythedip,37,4/11/25,1418.93,300,44760.88
D,^GSPC,buythedip,38,4/11/25,1418.93,300,43448.32
D,^GSPC,buythedip,39,4/11/25,1418.93,300,44747.36
D,^GSPC,buythedip,40,4/11/25,1418.93,300,42511.81
D,^GSPC,buythedip,41,4/11/25,1418.93,300,43644.44
D,^GSPC,buythedip,42,4/11/25,1418.93,300,44149.51
D,^GSPC,buythedip,43,4/11/25,1418.93,300,45362.46
D,^GSPC,buythedip,44,4/11/25,1418.93,300,44760.21
D,^GSPC,buythedip,45,4/11/25,1418.93,300,44908.29
D,^GSPC,buythedip,46,4/11/25,1418.93,300,44532.62
D,^GSPC,buythedip,47,4/11/25,1418.93,300,41814.64
D,^GSPC,buythedip,48,4/11/25,1418.93,300,43064.39
D,^GSPC,buythedip,49,4/11/25,1418.93,300,42697.57
D,^GSPC,buythedip,50,4/11/25,1418.93,300,43238.86
D,^GSPC,buythedip,51,4/11/25,1418.93,300,39667.81
D,^GSPC,buythedip,52,4/11/25,1418.93,300,45649.5
D,^GSPC,buythedip,53,4/11/25,1418.93,300,42559.46
D,^GSPC,buythedip,54,4/11/25,1418.93,300,41085.48
D,^GSPC,buythedip,55,4/11/25,1418.93,300,42325.18
D,^GSPC,buythedip,56,4/11/25,1418.93,300,44039.78
D,^GSPC,buythedip,57,4/11/25,1418.93,300,44397.9
D,^GSPC,buythedip,58,4/11/25,1418.93,300,45274.6
D,^GSPC,buythedip,59,4/11/25,1418.93,300,43906.12
D,^GSPC,buythedip,60,4/11/25,1418.93,300,42577.64
D,^GSPC,buythedip,61,4/11/25,1418.93,300,42496.54
D,^GSPC,buythedip,62,4/11/25,1418.93,300,43288.24
D,^GSPC,buythedip,63,4/11/25,1418.93,300,43519.39
D,^GSPC,buythedip,64,4/11/25,1418.93,300,45668.99
D,^GSPC,buythedip,65,4/11/25,1418.93,300,41750.12
D,^GSPC,buythedip,66,4/11/25,1418.93,300,43831.46
D,^GSPC,buythedip,67,4/11/25,1418.93,300,44325.42
D,^GSPC,buythedip,68,4/11/25,1418.93,300,41533.94
D,^GSPC,buythedip,69,4/11/25,1418.93,300,42918.65
D,^GSPC,buythedip,70,4/11/25,1418.93,300,44610.48
D,^GSPC,buythedip,71,4/11/25,1418.93,300,41419.21
D,^GSPC,buythedip,72,4/11/25,1418.93,300,44646.37
D,^GSPC,buythedip,73,4/11/25,1418.93,300,42361.69
D,^GSPC,buythedip,74,4/11/25,1418.93,300,42574.3
D,^GSPC,buythedip,75,4/11/25,1418.93,300,41300.79
D,^GSPC,buythedip,76,4/11/25,1418.93,300,42583.32
D,^GSPC,buythedip,77,4/11/25,1418.93,300,44277.82
D,^GSPC,buythedip,78,4/11/25,1418.93,300,43257.02
D,^GSPC,buythedip,79,4/11/25,1418.93,300,43662.07
D,^GSPC,buythedip,80,4/11/25,1418.93,300,43330.17
D,^GSPC,buythedip,81,4/11/25,1418.93,300,42635.31
D,^GSPC,buythedip,82,4/11/25,1418.93,300,45071.67
D,^GSPC,buythedip,83,4/11/25,1418.93,300,42053.24
D,^GSPC,buythedip,84,4/11/25,1418.93,300,43147.53
D,^GSPC,buythedip,85,4/11/25,1418.93,300,44200.3
D,^GSPC,buythedip,86,4/11/25,1418.93,300,42415.07
D,^GSPC,buythedip,87,4/11/25,1418.93,300,44517.87
D,^GSPC,buythedip,88,4/11/25,1418.93,300,41807.25
D,^GSPC,buythedip,89,4/11/25,1418.93,300,41984.98
D,^GSPC,buythedip,90,4/11/25,1418.93,300,42421.36
D,^GSPC,buythedip,91,4/11/25,1418.93,300,40344.51
D,^GSPC,buythedip,92,4/11/25,1418.93,300,42295.2
D,^GSPC,buythedip,93,4/11/25,1418.93,300,44434.55
D,^GSPC,buythedip,94,4/11/25,1418.93,300,43521.41
D,^GSPC,buythedip,95,4/11/25,1418.93,300,42821.08
D,^GSPC,buythedip,96,4/11/25,1418.93,300,43013.8
D,^GSPC,buythedip,97,4/11/25,1418.93,300,46509.19
D,^GSPC,buythedip,98,4/11/25,1418.93,300,43632.32
D,^GSPC,buythedip,99,4/11/25,1418.93,300,42250.29
D,^GSPC,buythedip,100,4/11/25,1418.93,300,44549.24
D,^GSPC,0.98buythedip,1,4/11/25,35023,23900,41972.41
D,^GSPC,0.98buythedip,2,4/11/25,35023,23900,42822.76
D,^GSPC,0.98buythedip,3,4/11/25,35023,23900,41552.49
D,^GSPC,0.98buythedip,4,4/11/25,35023,23900,44473.75
D,^GSPC,0.98buythedip,5,4/11/25,35023,23900,43723.49
D,^GSPC,0.98buythedip,6,4/11/25,35023,23900,41170
D,^GSPC,0.98buythedip,7,4/11/25,35023,23900,43140.79
D,^GSPC,0.98buythedip,8,4/11/25,35023,23900,43526.21
D,^GSPC,0.98buythedip,9,4/11/25,35023,23900,46075.46
D,^GSPC,0.98buythedip,10,4/11/25,35023,23900,41408.58
D,^GSPC,0.98buythedip,11,4/11/25,35023,23900,44730.35
D,^GSPC,0.98buythedip,12,4/11/25,35023,23900,42590.74
D,^GSPC,0.98buythedip,13,4/11/25,35023,23900,41751.66
D,^GSPC,0.98buythedip,14,4/11/25,35023,23900,43062.99
D,^GSPC,0.98buythedip,15,4/11/25,35023,23900,41772.71
D,^GSPC,0.98buythedip,16,4/11/25,35023,23900,44135.16
D,^GSPC,0.98buythedip,17,4/11/25,35023,23900,41351.87
D,^GSPC,0.98buythedip,18,4/11/25,35023,23900,40223.59
D,^GSPC,0.98buythedip,19,4/11/25,35023,23900,42692.54
D,^GSPC,0.98buythedip,20,4/11/25,35023,23900,47153.15
D,^GSPC,0.98buythedip,21,4/11/25,35023,23900,43695.24
D,^GSPC,0.98buythedip,22,4/11/25,35023,23900,44668.37
D,^GSPC,0.98buythedip,23,4/11/25,35023,23900,43373.6
D,^GSPC,0.98buythedip,24,4/11/25,35023,23900,42785.96
D,^GSPC,0.98buythedip,25,4/11/25,35023,23900,43378.26
D,^GSPC,0.98buythedip,26,4/11/25,35023,23900,47334.07
D,^GSPC,0.98buythedip,27,4/11/25,35023,23900,44337.3
D,^GSPC,0.98buythedip,28,4/11/25,35023,23900,43427.02
D,^GSPC,0.98buythedip,29,4/11/25,35023,23900,44763.78
D,^GSPC,0.98buythedip,30,4/11/25,35023,23900,42451.3
D,^GSPC,0.98buythedip,31,4/11/25,35023,23900,43427.25
D,^GSPC,0.98buythedip,32,4/11/25,35023,23900,46598.29
D,^GSPC,0.98buythedip,33,4/11/25,35023,23900,43973.57
D,^GSPC,0.98buythedip,34,4/11/25,35023,23900,40970.6
D,^GSPC,0.98buythedip,35,4/11/25,35023,23900,42920.74
D,^GSPC,0.98buythedip,36,4/11/25,35023,23900,42909.22
D,^GSPC,0.98buythedip,37,4/11/25,35023,23900,44760.88
D,^GSPC,0.98buythedip,38,4/11/25,35023,23900,43448.32
D,^GSPC,0.98buythedip,39,4/11/25,35023,23900,44747.36
D,^GSPC,0.98buythedip,40,4/11/25,35023,23900,42511.81
D,^GSPC,0.98buythedip,41,4/11/25,35023,23900,43644.44
D,^GSPC,0.98buythedip,42,4/11/25,35023,23900,44149.51
D,^GSPC,0.98buythedip,43,4/11/25,35023,23900,45362.46
D,^GSPC,0.98buythedip,44,4/11/25,35023,23900,44760.21
D,^GSPC,0.98buythedip,45,4/11/25,35023,23900,44908.29
D,^GSPC,0.98buythedip,46,4/11/25,35023,23900,44532.62
D,^GSPC,0.98buythedip,47,4/11/25,35023,23900,41814.64
D,^GSPC,0.98buythedip,48,4/11/25,35023,23900,43064.39
D,^GSPC,0.98buythedip,49,4/11/25,35023,23900,42697.57
D,^GSPC,0.98buythedip,50,4/11/25,35023,23900,43238.86
D,^GSPC,0.98buythedip,51,4/11/25,35023,23900,39667.81
D,^GSPC,0.98buythedip,52,4/11/25,35023,23900,45649.5
D,^GSPC,0.98buythedip,53,4/11/25,35023,23900,42559.46
D,^GSPC,0.98buythedip,54,4/11/25,35023,23900,41085.48
D,^GSPC,0.98buythedip,55,4/11/25,35023,23900,42325.18
D,^GSPC,0.98buythedip,56,4/11/25,35023,23900,44039.78
D,^GSPC,0.98buythedip,57,4/11/25,35023,23900,44397.9
D,^GSPC,0.98buythedip,58,4/11/25,35023,23900,45274.6
D,^GSPC,0.98buythedip,59,4/11/25,35023,23900,43906.12
D,^GSPC,0.98buythedip,60,4/11/25,35023,23900,42577.64
D,^GSPC,0.98buythedip,61,4/11/25,35023,23900,42496.54
D,^GSPC,0.98buythedip,62,4/11/25,35023,23900,43288.24
D,^GSPC,0.98buythedip,63,4/11/25,35023,23900,43519.39
D,^GSPC,0.98buythedip,64,4/11/25,35023,23900,45668.99
D,^GSPC,0.98buythedip,65,4/11/25,35023,23900,41750.12
D,^GSPC,0.98buythedip,66,4/11/25,35023,23900,43831.46
D,^GSPC,0.98buythedip,67,4/11/25,35023,23900,44325.42
D,^GSPC,0.98buythedip,68,4/11/25,35023,23900,41533.94
D,^GSPC,0.98buythedip,69,4/11/25,35023,23900,42918.65
D,^GSPC,0.98buythedip,70,4/11/25,35023,23900,44610.48
D,^GSPC,0.98buythedip,71,4/11/25,35023,23900,41419.21
D,^GSPC,0.98buythedip,72,4/11/25,35023,23900,44646.37
D,^GSPC,0.98buythedip,73,4/11/25,35023,23900,42361.69
D,^GSPC,0.98buythedip,74,4/11/25,35023,23900,42574.3
D,^GSPC,0.98buythedip,75,4/11/25,35023,23900,41300.79
D,^GSPC,0.98buythedip,76,4/11/25,35023,23900,42583.32
D,^GSPC,0.98buythedip,77,4/11/25,35023,23900,44277.82
D,^GSPC,0.98buythedip,78,4/11/25,35023,23900,43257.02
D,^GSPC,0.98buythedip,79,4/11/25,35023,23900,43662.07
D,^GSPC,0.98buythedip,80,4/11/25,35023,23900,43330.17
D,^GSPC,0.98buythedip,81,4/11/25,35023,23900,42635.31
D,^GSPC,0.98buythedip,82,4/11/25,35023,23900,45071.67
D,^GSPC,0.98buythedip,83,4/11/25,35023,23900,42053.24
D,^GSPC,0.98buythedip,84,4/11/25,35023,23900,43147.53
D,^GSPC,0.98buythedip,85,4/11/25,35023,23900,44200.3
D,^GSPC,0.98buythedip,86,4/11/25,35023,23900,42415.07
D,^GSPC,0.98buythedip,87,4/11/25,35023,23900,44517.87
D,^GSPC,0.98buythedip,88,4/11/25,35023,23900,41807.25
D,^GSPC,0.98buythedip,89,4/11/25,35023,23900,41984.98
D,^GSPC,0.98buythedip,90,4/11/25,35023,23900,42421.36
D,^GSPC,0.98buythedip,91,4/11/25,35023,23900,40344.51
D,^GSPC,0.98buythedip,92,4/11/25,35023,23900,42295.2
D,^GSPC,0.98buythedip,93,4/11/25,35023,23900,44434.55
D,^GSPC,0.98buythedip,94,4/11/25,35023,23900,43521.41
D,^GSPC,0.98buythedip,95,4/11/25,35023,23900,42821.08
D,^GSPC,0.98buythedip,96,4/11/25,35023,23900,43013.8
D,^GSPC,0.98buythedip,97,4/11/25,35023,23900,46509.19
D,^GSPC,0.98buythedip,98,4/11/25,35023,23900,43632.32
D,^GSPC,0.98buythedip,99,4/11/25,35023,23900,42250.29
D,^GSPC,0.98buythedip,100,4/11/25,35023,23900,44549.24
D,^GSPC,complexbuythedip,1,4/11/25,43335.46,18200,41972.41
D,^GSPC,complexbuythedip,2,4/11/25,43335.46,18200,42822.76
D,^GSPC,complexbuythedip,3,4/11/25,43335.46,18200,41552.49
D,^GSPC,complexbuythedip,4,4/11/25,43335.46,18200,44473.75
D,^GSPC,complexbuythedip,5,4/11/25,43335.46,18200,43723.49
D,^GSPC,complexbuythedip,6,4/11/25,43335.46,18200,41170
D,^GSPC,complexbuythedip,7,4/11/25,43335.46,18200,43140.79
D,^GSPC,complexbuythedip,8,4/11/25,43335.46,18200,43526.21
D,^GSPC,complexbuythedip,9,4/11/25,43335.46,18200,46075.46
D,^GSPC,complexbuythedip,10,4/11/25,43335.46,18200,41408.58
D,^GSPC,complexbuythedip,11,4/11/25,43335.46,18200,44730.35
D,^GSPC,complexbuythedip,12,4/11/25,43335.46,18200,42590.74
D,^GSPC,complexbuythedip,13,4/11/25,43335.46,18200,41751.66
D,^GSPC,complexbuythedip,14,4/11/25,43335.46,18200,43062.99
D,^GSPC,complexbuythedip,15,4/11/25,43335.46,18200,41772.71
D,^GSPC,complexbuythedip,16,4/11/25,43335.46,18200,44135.16
D,^GSPC,complexbuythedip,17,4/11/25,43335.46,18200,41351.87
D,^GSPC,complexbuythedip,18,4/11/25,43335.46,18200,40223.59
D,^GSPC,complexbuythedip,19,4/11/25,43335.46,18200,42692.54
D,^GSPC,complexbuythedip,20,4/11/25,43335.46,18200,47153.15
D,^GSPC,complexbuythedip,21,4/11/25,43335.46,18200,43695.24
D,^GSPC,complexbuythedip,22,4/11/25,43335.46,18200,44668.37
D,^GSPC,complexbuythedip,23,4/11/25,43335.46,18200,43373.6
D,^GSPC,complexbuythedip,24,4/11/25,43335.46,18200,42785.96
D,^GSPC,complexbuythedip,25,4/11/25,43335.46,18200,43378.26
D,^GSPC,complexbuythedip,26,4/11/25,43335.46,18200,47334.07
D,^GSPC,complexbuythedip,27,4/11/25,43335.46,18200,44337.3
D,^GSPC,complexbuythedip,28,4/11/25,43335.46,18200,43427.02
D,^GSPC,complexbuythedip,29,4/11/25,43335.46,18200,44763.78
D,^GSPC,complexbuythedip,30,4/11/25,43335.46,18200,42451.3
D,^GSPC,complexbuythedip,31,4/11/25,43335.46,18200,43427.25
D,^GSPC,complexbuythedip,32,4/11/25,43335.46,18200,46598.29
D,^GSPC,complexbuythedip,33,4/11/25,43335.46,18200,43973.57
D,^GSPC,complexbuythedip,34,4/11/25,43335.46,18200,40970.6
D,^GSPC,complexbuythedip,35,4/11/25,43335.46,18200,42920.74
D,^GSPC,complexbuythedip,36,4/11/25,43335.46,18200,42909.22
D,^GSPC,complexbuythedip,37,4/11/25,43335.46,18200,44760.88
D,^GSPC,complexbuythedip,38,4/11/25,43335.46,18200,43448.32
D,^GSPC,complexbuythedip,39,4/11/25,43335.46,18200,44747.36
D,^GSPC,complexbuythedip,40,4/11/25,43335.46,18200,42511.81
D,^GSPC,complexbuythedip,41,4/11/25,43335.46,18200,43644.44
D,^GSPC,complexbuythedip,42,4/11/25,43335.46,18200,44149.51
D,^GSPC,complexbuythedip,43,4/11/25,43335.46,18200,45362.46
D,^GSPC,complexbuythedip,44,4/11/25,43335.46,18200,44760.21
D,^GSPC,complexbuythedip,45,4/11/25,43335.46,18200,44908.29
D,^GSPC,complexbuythedip,46,4/11/25,43335.46,18200,44532.62
D,^GSPC,complexbuythedip,47,4/11/25,43335.46,18200,41814.64
D,^GSPC,complexbuythedip,48,4/11/25,43335.46,18200,43064.39
D,^GSPC,complexbuythedip,49,4/11/25,43335.46,18200,42697.57
D,^GSPC,complexbuythedip,50,4/11/25,43335.46,18200,43238.86
D,^GSPC,complexbuythedip,51,4/11/25,43335.46,18200,39667.81
D,^GSPC,complexbuythedip,52,4/11/25,43335.46,18200,45649.5
D,^GSPC,complexbuythedip,53,4/11/25,43335.46,18200,42559.46
D,^GSPC,complexbuythedip,54,4/11/25,43335.46,18200,41085.48
D,^GSPC,complexbuythedip,55,4/11/25,43335.46,18200,42325.18
D,^GSPC,complexbuythedip,56,4/11/25,43335.46,18200,44039.78
D,^GSPC,complexbuythedip,57,4/11/25,43335.46,18200,44397.9
D,^GSPC,complexbuythedip,58,4/11/25,43335.46,18200,45274.6
D,^GSPC,complexbuythedip,59,4/11/25,43335.46,18200,43906.12
D,^GSPC,complexbuythedip,60,4/11/25,43335.46,18200,42577.64
D,^GSPC,complexbuythedip,61,4/11/25,43335.46,18200,42496.54
D,^GSPC,complexbuythedip,62,4/11/25,43335.46,18200,43288.24
D,^GSPC,complexbuythedip,63,4/11/25,43335.46,18200,43519.39
D,^GSPC,complexbuythedip,64,4/11/25,43335.46,18200,45668.99
D,^GSPC,complexbuythedip,65,4/11/25,43335.46,18200,41750.12
D,^GSPC,complexbuythedip,66,4/11/25,43335.46,18200,43831.46
D,^GSPC,complexbuythedip,67,4/11/25,43335.46,18200,44325.42
D,^GSPC,complexbuythedip,68,4/11/25,43335.46,18200,41533.94
D,^GSPC,complexbuythedip,69,4/11/25,43335.46,18200,42918.65
D,^GSPC,complexbuythedip,70,4/11/25,43335.46,18200,44610.48
D,^GSPC,complexbuythedip,71,4/11/25,43335.46,18200,41419.21
D,^GSPC,complexbuythedip,72,4/11/25,43335.46,18200,44646.37
D,^GSPC,complexbuythedip,73,4/11/25,43335.46,18200,42361.69
D,^GSPC,complexbuythedip,74,4/11/25,43335.46,18200,42574.3
D,^GSPC,complexbuythedip,75,4/11/25,43335.46,18200,41300.79
D,^GSPC,complexbuythedip,76,4/11/25,43335.46,18200,42583.32
D,^GSPC,complexbuythedip,77,4/11/25,43335.46,18200,44277.82
D,^GSPC,complexbuythedip,78,4/11/25,43335.46,18200,43257.02
D,^GSPC,complexbuythedip,79,4/11/25,43335.46,18200,43662.07
D,^GSPC,complexbuythedip,80,4/11/25,43335.46,18200,43330.17
D,^GSPC,complexbuythedip,81,4/11/25,43335.46,18200,42635.31
D,^GSPC,complexbuythedip,82,4/11/25,43335.46,18200,45071.67
D,^GSPC,complexbuythedip,83,4/11/25,43335.46,18200,42053.24
D,^GSPC,complexbuythedip,84,4/11/25,43335.46,18200,43147.53
D,^GSPC,complexbuythedip,85,4/11/25,43335.46,18200,44200.3
D,^GSPC,complexbuythedip,86,4/11/25,43335.46,18200,42415.07
D,^GSPC,complexbuythedip,87,4/11/25,43335.46,18200,44517.87
D,^GSPC,complexbuythedip,88,4/11/25,43335.46,18200,41807.25
D,^GSPC,complexbuythedip,89,4/11/25,43335.46,18200,41984.98
D,^GSPC,complexbuythedip,90,4/11/25,43335.46,18200,42421.36
D,^GSPC,complexbuythedip,91,4/11/25,43335.46,18200,40344.51
D,^GSPC,complexbuythedip,92,4/11/25,43335.46,18200,42295.2
D,^GSPC,complexbuythedip,93,4/11/25,43335.46,18200,44434.55
D,^GSPC,complexbuythedip,94,4/11/25,43335.46,18200,43521.41
D,^GSPC,complexbuythedip,95,4/11/25,43335.46,18200,42821.08
D,^GSPC,complexbuythedip,96,4/11/25,43335.46,18200,43013.8
D,^GSPC,complexbuythedip,97,4/11/25,43335.46,18200,46509.19
D,^GSPC,complexbuythedip,98,4/11/25,43335.46,18200,43632.32
D,^GSPC,complexbuythedip,99,4/11/25,43335.46,18200,42250.29
D,^GSPC,complexbuythedip,100,4/11/25,43335.46,18200,44549.24